Price,Date,Close,High,Low,Open,Volume
Ticker,,AAPL,AAPL,AAPL,AAPL,AAPL
0,2021-01-04,125.97445678710938,130.06295318684514,123.39480688941487,129.97534605093776,143301900
1,2021-01-05,127.5319595336914,128.2425902906654,125.02045122966085,125.46824574975814,97664900
2,2021-01-06,123.23905181884766,127.570918733124,123.02489113823766,124.32932099883892,155088000
3,2021-01-07,127.44438934326172,128.1355470987152,124.46562730765885,124.95235351880193,109578200
4,2021-01-08,128.5443878173828,129.10899197173987,126.77269738263777,128.91428961570313,105158200
5,2021-01-11,125.55587005615234,126.71428063801753,125.08861712398671,125.76030156918269,100384500
6,2021-01-12,125.38066101074219,126.24703297603195,123.49216114503781,125.08862234580894,91951100
7,2021-01-13,127.41514587402344,127.96027667813408,125.07886675534918,125.34168812995227,88636800
8,2021-01-14,125.48775482177734,127.52226681135943,125.34172804679318,127.32757929841898,90221800
9,2021-01-15,123.76472473144531,126.76295959555424,123.6284420036996,125.36118590805361,111598500
10,2021-01-19,124.43641662597656,125.29305945365387,123.570044622059,124.38774103736687,90757300
11,2021-01-20,128.52491760253906,128.97271223666024,125.13730745125214,125.24438780808299,104319500
12,2021-01-21,133.23641967773438,135.96208925479198,130.0434971272025,130.2479286583061,120150900
13,2021-01-22,135.3780059814453,136.13729751698824,131.435521560002,132.66206599733243,114459400
14,2021-01-25,139.12576293945312,141.23815207113262,132.91513420833974,139.27178965679641,157611700
15,2021-01-26,139.35943603515625,140.4691710725819,137.61694808504978,139.78775742744395,98390600
16,2021-01-27,138.28863525390625,140.46917381461645,136.6824448551771,139.6222601892596,140843800
17,2021-01-28,133.45059204101562,138.22051793091006,133.07094618183902,135.8160892048896,142621100
18,2021-01-29,128.45675659179688,133.10985683778753,126.7532152717128,132.22401178645546,177523800
19,2021-02-01,130.57887268066406,131.78595871131816,127.45408469869479,130.19922693086417,106239800
20,2021-02-02,131.4063262939453,132.69127555683025,131.0364096809211,132.12667146199954,83305400
21,2021-02-03,130.38418579101562,132.16560504134387,130.06294479305137,132.15586101329262,89880900
22,2021-02-04,133.7425994873047,133.75232866214105,131.01693030921246,132.68154013575978,84183100
23,2021-02-05,133.3282928466797,133.9717351183683,132.45088238594224,133.90349935519643,75693800
24,2021-02-08,133.47450256347656,133.52325088194496,131.53443254526087,132.6165797613071,71297200
25,2021-02-09,132.5970916748047,134.4201778248724,132.44111786524098,133.19178552172198,76774200
26,2021-02-10,131.99266052246094,133.5525177010359,131.02749721967888,133.0553056014661,73046600
27,2021-02-11,131.73922729492188,132.96760512907028,130.41335278108824,132.4898952000602,64280000
28,2021-02-12,131.97315979003906,132.12914848493614,130.33532312132203,130.9787653308469,60145100
29,2021-02-16,129.8478546142578,132.5970843838598,129.4578829220419,132.0901434978276,80576300
30,2021-02-17,127.55680084228516,128.9021769728661,126.22118330017902,127.95651619642835,97918500
31,2021-02-18,126.45520782470703,126.7379243413023,124.2129184957959,125.95799567786774,96856700
32,2021-02-19,126.6111831665039,127.43011645462201,125.56804028149355,126.97190891723642,87668800
33,2021-02-22,122.83826446533203,126.46491917771368,122.44830023340782,124.797821900289,103916400
34,2021-02-23,122.70179748535156,123.53046696039274,115.41924089427319,120.65449424173501,158273000
35,2021-02-24,122.20458221435547,122.40931177714582,119.16287735238498,121.80487424070276,111039900
36,2021-02-25,117.95399475097656,123.28673718148006,117.51528958023444,121.55140392768223,148199500
37,2021-02-26,118.21721649169922,121.71712880247114,118.15871701805524,119.51383705660506,164560400
38,2021-03-01,124.58335876464844,124.71984514122286,119.70882406427694,120.64473383419431,116307900
39,2021-03-02,121.98035430908203,125.49001767022227,121.87311395477933,125.18779891061432,102260900
40,2021-03-03,118.99713134765625,122.55554294590044,118.78265064406548,121.6781252666424,112966300
41,2021-03-04,117.11558532714844,120.49851409881295,115.64348098558409,118.69493748094318,178155000
42,2021-03-05,118.37319946289062,118.88015523948293,114.61980921267136,117.9442454649468,153766600
43,2021-03-08,113.4401626586914,117.96372988743823,113.29392514231552,117.89548670485603,154376600
44,2021-03-09,118.05148315429688,118.99714411910483,115.80920155325997,116.04317714685729,129525800
45,2021-03-10,116.9693374633789,119.10437859558475,116.45263053937967,118.63642743151894,111943300
46,2021-03-11,118.89964294433594,120.1182765520443,118.21721109919896,119.46509072342045,103026500
47,2021-03-12,117.99298858642578,118.12947496626138,116.16991732521446,117.37879987716553,88105100
48,2021-03-15,120.87870788574219,120.8884590376453,117.39829045128926,118.36345366505867,92403800
49,2021-03-16,122.41905212402344,124.02764990448209,121.59038279407473,122.545787336103,115227900
50,2021-03-17,121.62938690185547,122.7017830040472,119.27010655149442,120.93720389555035,111932600
51,2021-03-18,117.50553894042969,120.08904396527872,117.30080936399335,119.79656889154106,121229700
52,2021-03-19,116.97909545898438,118.3829639984745,116.67687665204714,116.89135739424152,185549500
53,2021-03-22,120.29377746582031,120.76173611147584,117.24232114898952,117.31056434336112,111912300
54,2021-03-23,119.465087890625,121.12242658262932,119.07512365781542,120.2352652049879,95467100
55,2021-03-24,117.07657623291016,119.81606991796893,117.05708136591241,119.73807557407793,88530500
56,2021-03-25,117.56401824951172,118.60717576184044,116.01391986522562,116.54037047817636,98844700
57,2021-03-26,118.16846466064453,118.43169368935105,115.93592696323272,117.33004413015976,94071200
58,2021-03-29,118.34395599365234,119.50409766319855,117.70052126390267,118.59743388740822,80819200
59,2021-03-30,116.891357421875,117.3788109495409,115.87745319177584,117.09608701094061,85671900
60,2021-03-31,119.08488464355469,120.42050239594532,118.10997769999379,118.59743117177423,118323800
61,2021-04-01,119.9135513305664,121.06394179532072,119.41634671803331,120.55699346889742,75089100
62,2021-04-05,122.74078369140625,122.99426157524732,119.98179530076379,120.7617238181442,88651200
63,2021-04-06,123.0429916381836,123.93990414772982,122.49704618679874,123.32571551492187,80171300
64,2021-04-07,124.69058227539062,124.71007713886019,121.99983740172254,122.67252547962673,83466700
65,2021-04-08,127.0888671875,127.11811320514343,125.29504201784057,125.71424485466245,88844600
66,2021-04-09,129.66261291503906,129.70160264420477,126.22119287511026,126.54291392534559,106686700
67,2021-04-12,127.94679260253906,129.5163933763926,127.35209877205047,129.19467229997423,91420000
68,2021-04-13,131.05670166015625,131.28094091371676,128.61943488933525,129.11664683115606,91266500
69,2021-04-14,128.71694946289062,131.6124239805342,128.35623869078685,131.55393195001986,87222800
70,2021-04-15,131.125,131.6124535315985,130.2865793306145,130.4620703374586,89347100
71,2021-04-16,130.79351806640625,131.29071524829968,129.9355952026849,130.93000444237106,84922400
72,2021-04-19,131.45645141601562,132.07064756343885,129.99409097045535,130.15982336917756,94264200
73,2021-04-20,129.76988220214844,132.12915555406386,128.502500021129,131.6319582978669,94812300
74,2021-04-21,130.1500701904297,130.39379691363274,128.00527800142257,129.0386769276597,68847100
75,2021-04-22,128.6292266845703,130.78376273570044,128.11252718583415,129.7016154150474,84566500
76,2021-04-23,130.94952392578125,131.72943767595572,128.8437210981472,128.8437210981472,78657500
77,2021-04-26,131.33946228027344,131.67092706494682,130.2085666757299,131.44670263718533,66905100
78,2021-04-27,131.0177459716797,132.01215523774303,130.7447732125093,131.62218352757128,66015800
79,2021-04-28,130.2280731201172,131.6319415185454,129.74061964154626,130.93975103357886,107760100
80,2021-04-29,130.1305694580078,133.630496551131,129.12641653636294,133.0455464580238,151101000
81,2021-04-30,128.16127014160156,130.20856574635297,127.78105703815494,128.47323262027362,109839500
82,2021-05-03,129.21417236328125,130.70579381831388,128.52199669631204,128.72671884393358,75135100
83,2021-05-04,124.64186096191406,128.19052935599137,123.52071640184118,127.89805427494618,137564700
84,2021-05-05,124.88558959960938,127.17661206810328,124.75884693241741,125.95797834787251,84000900
85,2021-05-06,126.48444366455078,126.49418737954478,123.93992827849607,124.68085970531065,78128300
86,2021-05-07,127.15827941894531,128.18365868536526,126.44537767413243,127.78327916566757,78973300
87,2021-05-10,123.87701416015625,126.50396354467914,123.83795074636984,126.37702048839593,88071200
88,2021-05-11,122.95903778076172,123.3105935686965,119.89262343355486,120.60551762571262,126142800
89,2021-05-12,119.89263153076172,121.71880695136791,119.38482206893003,120.50787096501224,112172300
90,2021-05-13,122.04106903076172,123.19341357180042,121.34771025318693,121.66021008886267,105861300
91,2021-05-14,124.46293640136719,124.892626453878,122.90043727939631,123.29106392253492,81918000
92,2021-05-17,123.31057739257812,123.95511239550505,122.23635983828252,123.84768989501724,74244600
93,2021-05-18,121.92388916015625,124.01373338582823,121.8555300481234,123.5938109974595,63342900
94,2021-05-19,121.76760864257812,121.99221389714616,119.98049706654153,120.27346886446246,92612000
95,2021-05-20,124.32623291015625,124.72662731567783,122.16802957831719,122.29498753645058,76857100
96,2021-05-21,122.49028015136719,125.00004641017311,122.27543512950636,124.82426479688547,79295400
97,2021-05-24,124.12113189697266,124.94144853323611,122.9883229095211,123.05668200832781,63092900
98,2021-05-25,123.92583465576172,125.31255964913692,123.35942638033971,124.82427074399982,72009500
99,2021-05-26,123.87701416015625,124.40435907039624,123.45709177518279,123.98443668542278,56575900
100,2021-05-27,122.34379577636719,124.64848475719648,122.14848618161899,123.47661228754039,94625600
101,2021-05-28,121.68950653076172,122.85161879427051,121.63091513952054,122.62700604353964,71311100
102,2021-06-01,121.36724853515625,122.41217064788405,121.03522069119808,122.14850191595166,67637100
103,2021-06-02,122.12895965576172,122.30474128408406,121.14263644461568,121.3672417498929,59278900
104,2021-06-03,120.64457702636719,121.92387199310579,120.24418267613345,121.7578580944845,76229200
105,2021-06-04,122.93952178955078,123.20319798542351,120.94733227313873,121.16217733626917,75169300
106,2021-06-07,122.94927978515625,123.35943444565716,121.90435770211774,123.21294850959707,71057600
107,2021-06-08,123.76958465576172,125.44928155152503,123.2520074907996,123.63286644051075,74403800
108,2021-06-09,124.15042877197266,124.75590040330229,123.55472485501787,124.22855558580545,56877900
109,2021-06-10,123.15433502197266,125.18558742946014,122.9883211344928,124.04300329363414,71186400
110,2021-06-11,124.36529541015625,124.45318995364758,123.14459167144136,123.56451405558266,53522400
111,2021-06-14,127.42195129394531,127.48054269675967,124.09187494032209,124.82429727784282,96906500
112,2021-06-15,126.60162353515625,127.53913054805693,126.35748279130559,126.89459540801074,62746300
113,2021-06-16,127.09966278076172,127.82232473272363,125.44928390187147,127.3145078232053,91815000
114,2021-06-17,128.70123291015625,129.4434303366887,126.61138865865254,126.75788205128507,96721700
115,2021-06-18,127.40238189697266,128.4277608552948,127.18753690160719,127.64652258250933,108953300
116,2021-06-21,129.19927978515625,129.30670230447237,126.18170388050524,127.24615390753081,79663300
117,2021-06-22,130.8399200439453,130.93758231447188,128.53523053051975,129.03328724856672,74783600
118,2021-06-23,130.56651306152344,131.17199245345313,130.10752710847495,130.6348796465694,60214200
119,2021-06-24,130.2832794189453,131.4844477920528,129.8145184284701,131.29889842930257,68711000
120,2021-06-25,129.99032592773438,130.75204401863002,129.69735399250413,130.33212900236492,70783700
121,2021-06-28,131.62115478515625,132.08014056924634,130.22467690249317,130.28326829600795,62111300
122,2021-06-29,133.1348419189453,133.2910955826677,131.2012512591816,131.64070164987749,64556100
123,2021-06-30,133.7500457763672,134.18949604999602,132.68558101434905,132.97855283049014,63261400
124,2021-07-01,134.05276489257812,134.11135626990725,132.57814569102956,133.3984696771295,52485800
125,2021-07-02,136.6797332763672,136.71878923106325,134.521522975564,134.66800143213112,78852600
126,2021-07-06,138.6914825439453,139.79498860999516,136.78718765891608,136.78718765891608,108181800
127,2021-07-07,141.1817169189453,141.49420932337944,139.31647805419703,140.17584334226723,104911600
128,2021-07-08,139.88287353515625,140.68364735524526,137.37309975875638,138.2617755637112,105575500
129,2021-07-09,141.70907592773438,142.2364134596977,139.30672407926176,139.40438635241125,99890800
130,2021-07-12,141.11331176757812,142.8906630545107,140.62503041198096,142.78324056023274,76299700
131,2021-07-13,142.22662353515625,144.00397520789517,140.2637374239949,140.65435663279786,100827100
132,2021-07-14,145.65432739257812,146.06449685832388,144.2187789659628,144.62894843170855,127050800
133,2021-07-15,145.0000457763672,146.48442546002198,143.64262402981763,145.74224306877775,106820300
134,2021-07-16,142.95904541015625,146.25005768557594,142.46100368486307,144.98053780920102,93251400
135,2021-07-19,139.1114044189453,140.69344670327928,138.34968642696475,140.38093937263613,121434600
136,2021-07-20,142.72462463378906,143.65237106764857,139.609402312616,140.09768363521007,96350000
137,2021-07-21,141.9922637939453,142.7051655607568,141.24032096218994,142.1192217608621,74993500
138,2021-07-22,143.35946655273438,144.72664893696307,142.39266371599166,142.51962168780233,77338200
139,2021-07-23,145.07823181152344,145.23448550540925,143.47666870212495,144.09190830856755,71447400
140,2021-07-26,145.49810791015625,146.31841714774572,144.2383334584889,144.7949814490319,72434100
141,2021-07-27,143.3301544189453,145.71297050212902,142.13874637735347,145.62506850801552,104818600
142,2021-07-28,141.5820770263672,143.52544245138444,139.19926130154866,141.41606313093854,118931200
143,2021-07-29,142.22662353515625,143.1152993715257,141.1914692207776,141.29889173837356,56699500
144,2021-07-30,142.4414520263672,142.90043773904355,140.73246710930246,140.99614324026174,70440600
145,2021-08-02,142.10946655273438,143.50594463384482,141.84579034327976,142.92977598084835,62880000
146,2021-08-03,143.90631103515625,144.57036666149511,141.77739614243097,142.3926355441965,64786600
147,2021-08-04,143.50587463378906,144.32618366176837,142.85157946377012,143.81838182606486,56368300
148,2021-08-05,143.6133575439453,144.37507551915724,142.74421703883584,143.53523071300444,46397700
149,2021-08-06,142.9287109375,143.8773972975789,142.42992307824377,143.13410295218878,54126800
150,2021-08-09,142.87982177734375,143.47641826359128,142.3223546901742,142.9874052395685,48908700
151,2021-08-10,142.4005889892578,144.46422440880676,142.1071782098756,143.22212723273427,69023100
152,2021-08-11,142.6548614501953,143.49596433929045,142.33211110540972,142.84068876296502,48493500
153,2021-08-12,145.61830139160156,145.77478914489808,142.63531888467134,142.97763397957073,72282600
154,2021-08-13,145.8236846923828,146.15620995558572,145.01192130974562,145.69653653501413,59375000
155,2021-08-16,147.7992706298828,147.8677396068058,143.25145612128088,145.27596199320675,103296000
156,2021-08-17,146.88973999023438,148.34698930481986,145.8139053280962,146.92885446726953,92229700
157,2021-08-18,143.14390563964844,147.40810018292743,142.93851358506976,146.50831793002382,86326000
158,2021-08-19,143.4764404296875,144.74787747327346,141.32478577627037,141.8431384679369,86960300
159,2021-08-20,144.93368530273438,145.23687099584217,143.55466496618592,144.2001657522503,60549600
160,2021-08-23,146.42030334472656,146.8897517241176,144.64028856581433,145.05105776321832,60131800
161,2021-08-24,146.33224487304688,147.54500248159704,145.8725714606484,146.1659822444016,48606400
162,2021-08-25,145.0999755859375,147.01691360939662,144.5522832716624,146.51811066900615,58991300
163,2021-08-26,144.29794311523438,145.8432259179612,144.2686035304066,145.09015667605945,48597200
164,2021-08-27,145.3346710205078,145.48136895257556,143.60356080464544,144.23927174159581,55802400
165,2021-08-30,149.75535583496094,150.11723565003402,145.3444633733459,145.7258929660488,90956700
166,2021-08-31,148.4936981201172,149.4423845898935,147.9655556918431,149.30546153876566,86453100
167,2021-09-01,149.15875244140625,151.57447805860386,148.99248979823196,149.47172795102404,80313700
168,2021-09-02,150.273681640625,151.3201765731345,149.05114919993167,150.48884854406634,71115500
169,2021-09-03,150.90943908691406,151.23218950970838,149.7260208700016,150.38129660470707,57808700
170,2021-09-07,153.24688720703125,153.80435423363667,150.99742455621305,151.56468139327094,82278300
171,2021-09-08,151.7016143798828,153.58919740809037,150.59644021764143,153.53051823549217,74420200
172,2021-09-09,150.6844940185547,152.67966077073964,150.56712073419473,152.07328934160887,57305700
173,2021-09-10,145.69654846191406,152.06349296335642,145.43247723787448,151.59404461667017,140893200
174,2021-09-13,146.26377868652344,148.09268237347644,145.48135496921765,147.32004846636258,102404300
175,2021-09-14,144.8651885986328,147.7503768839939,143.68178564075433,147.0461970563759,109296300
176,2021-09-15,145.75521850585938,146.1562127610325,143.15366567640987,145.29554507646444,83281300
177,2021-09-16,145.52049255371094,145.69654500672686,143.98499938228917,145.1781923829195,68034100
178,2021-09-17,142.85047912597656,145.54984051172312,142.55706833315722,145.54984051172312,129868800
179,2021-09-20,139.79904174804688,141.6572852174671,138.16574008474763,140.64014472255653,123478900
180,2021-09-21,140.2782745361328,141.42257819093177,139.64256354879453,140.76728757977574,75834000
181,2021-09-22,142.64508056640625,143.21232244413056,140.54231597032648,141.27583538032138,76404300
182,2021-09-23,143.6035614013672,143.8480679048245,142.43970805715156,143.42750895866175,64838200
183,2021-09-24,143.69158935546875,144.22950668219346,142.3614732946102,142.45928187164873,53477900
184,2021-09-27,142.1756591796875,142.75270596031078,140.65973055901063,142.27346776582567,74150700
185,2021-09-28,138.7917022705078,141.56929310981445,138.57653531162535,140.102253802977,108972300
186,2021-09-29,139.69143676757812,141.27583390106034,138.909013087078,139.33934685752757,74602000
187,2021-09-30,138.3907012939453,141.20742140322028,138.17553434540375,140.50324137590155,89056700
188,2021-10-01,139.51541137695312,139.77948259151805,136.0532056936857,138.7818918325454,94639600
189,2021-10-04,136.08251953125,139.08506612814298,135.23164179626298,138.64494254598642,98322000
190,2021-10-05,138.00926208496094,139.11443634160335,136.29771642835235,136.42486459550415,80861100
191,2021-10-06,138.87969970703125,139.02639764577518,135.32946035449564,136.4052949835953,83221100
192,2021-10-07,140.14137268066406,141.0509448396517,139.58390548679733,139.9164308251386,61732700
193,2021-10-08,139.7599334716797,141.01180577314355,139.42740815611788,140.86510781730598,58773200
194,2021-10-11,139.67189025878906,141.62794225299882,138.69386426168418,139.14376278668908,64452200
195,2021-10-12,138.40048217773438,140.1022531380476,137.94080866989395,140.08268843547052,73035900
196,2021-10-13,137.81365966796875,138.292882900144,136.14122849083293,138.13641006788947,78762700
197,2021-10-14,140.60101318359375,140.71838645223315,138.4004546711347,138.98727624385413,69907100
198,2021-10-15,141.6573028564453,141.71598203721894,140.3565262964831,140.61082264449493,67940300
199,2021-10-18,143.3297119140625,143.61333288501362,140.0142044027078,140.2978253736589,85589200
200,2021-10-19,145.49114990234375,145.8921441646938,143.32972068785898,143.77960431394027,76378900
201,2021-10-20,145.98016357421875,146.45940171355207,144.86521446863128,145.43247137126255,58418800
202,2021-10-21,146.19534301757812,146.35183078139093,144.62072033751141,145.54006729554342,61421000
203,2021-10-22,145.4226837158203,146.87993285856993,145.3737794326728,146.40070968480316,58883400
204,2021-10-25,145.373779296875,146.08773407498782,144.3761886308666,145.4128937692613,50720600
205,2021-10-26,146.03883361816406,147.5254222317521,145.735633055369,146.04860850464487,60893400
206,2021-10-27,145.5791778564453,146.43983059903536,145.22708789518356,146.07796575011088,56094900
207,2021-10-28,149.2174530029297,149.80425972363017,146.43007257824578,146.5278811601097,100077900
208,2021-10-29,146.50830078125,146.6452238271108,143.19279317037723,143.98499185882136,124953200
209,2021-11-01,145.68678283691406,146.4105126416791,144.55226891374826,145.71612242772915,74588300
210,2021-11-02,146.7234649658203,148.23940825327995,145.38355919540496,145.39334900645795,69122000
211,2021-11-03,148.16116333007812,148.63061162902127,146.52786170952203,147.0853287663622,54511500
212,2021-11-04,147.6427764892578,149.08046063846822,147.3298010802536,148.2491476898424,60394600
213,2021-11-05,148.1717071533203,149.07280247570614,146.9767728258522,148.76917431705436,65463900
214,2021-11-08,147.34898376464844,148.45577097835087,147.07473798616405,148.29905483485294,55020900
215,2021-11-09,147.71136474609375,148.31862107112684,146.9767746966739,147.1138975747547,56787900
216,2021-11-10,144.8807373046875,147.0453357776248,144.8121833419343,146.93759531163658,65187100
217,2021-11-11,144.83177185058594,146.35971678839883,144.64567331029048,145.89938743250096,41000000
218,2021-11-12,146.90823364257812,147.3097982131486,144.449795829464,145.38027365145768,63804000
219,2021-11-15,146.9180145263672,148.7593917575851,146.3597188974358,147.28040751304476,59222800
220,2021-11-16,147.8974609375,148.3773984758072,146.27156473370576,146.85924274203003,59256200
221,2021-11-17,150.3363037109375,151.81527292494047,147.88767027666427,147.89745943010328,88807000
222,2021-11-18,154.6262969970703,155.4098626732955,149.9053395784081,150.5517823821893,137827700
223,2021-11-19,157.25125122070312,157.71159552855715,153.31384424629613,154.41082730572364,117305600
224,2021-11-22,157.71157836914062,162.2954127503928,157.69198511799027,158.35800620438556,117467900
225,2021-11-23,158.09356689453125,158.47555309859132,155.79184557181551,157.80951705712113,96041900
226,2021-11-24,158.61268615722656,158.8085738483819,156.35994034575776,157.4471342187338,69463600
227,2021-11-26,153.5880889892578,157.15329885394945,153.14733793761846,156.2913900038225,76959800
228,2021-11-29,156.94766235351562,157.878140356251,155.5274425677186,156.095527492982,88748200
229,2021-11-30,161.90365600585938,162.11913695746247,156.6341917361946,156.7027606504653,174048100
230,2021-12-01,161.384521484375,166.80089693903759,161.14944731636166,164.03883150964717,152052500
231,2021-12-02,160.395263671875,160.8262255061017,154.55773049536117,155.4784189693417,136739200
232,2021-12-03,158.5147247314453,161.57062931064843,156.43828843610964,160.64994078112508,118023100
233,2021-12-06,161.9232635498047,164.43066217672398,160.90462351682206,160.91441267175034,107497000
234,2021-12-07,167.66282653808594,168.05461686688494,164.88118245734097,165.60598335666447,120405400
235,2021-12-08,171.48269653320312,172.34462027485748,167.19268602213367,168.593312102322,116998900
236,2021-12-09,170.973388671875,173.11839407886248,170.3465390733042,171.31620335113058,108923700
237,2021-12-10,175.762939453125,175.93924886657175,171.10074585864132,171.61006589770645,115402700
238,2021-12-13,172.12916564941406,178.38787299583686,171.92347383588933,177.3986153833375,153237000
239,2021-12-14,170.74813842773438,174.08807860568035,168.67170169318734,171.64923389641092,139380400
240,2021-12-15,175.61598205566406,175.81186972926076,168.76959801571434,171.51207028188244,131063300
241,2021-12-16,168.7206573486328,177.41820935643656,167.24168791922142,175.5964252181878,150185800
242,2021-12-17,167.62368774414062,169.90581641519873,166.2034830196523,166.43854231760713,195432700
243,2021-12-20,166.26222229003906,167.07517044282818,164.01928047689202,164.82242453025603,107499100
244,2021-12-21,169.43565368652344,169.6413305368034,165.64515876193008,168.03502751462352,91185900
245,2021-12-22,172.03123474121094,172.2467157351397,168.6129361968646,169.48464932856695,92135300
246,2021-12-23,172.6580352783203,173.21633086134378,171.6687927754853,172.23687751170715,68356600
247,2021-12-27,176.6248321533203,176.71297937182496,173.4318194724349,173.4513977796986,74919600
248,2021-12-28,175.60618591308594,177.60427913199814,174.86180674158715,176.4583204970068,79144300
249,2021-12-29,175.6943359375,176.91865254996387,174.47980847763824,175.6453602839472,62348900
250,2021-12-30,174.5386199951172,176.85993507638065,174.4308795065752,175.7825301909609,59773000
251,2021-12-31,173.92153930664062,175.54742051646397,173.61789621276182,174.43084429030958,64062300
252,2022-01-03,178.2703094482422,179.12244407617163,174.05867174915193,174.17620137564992,104487900
253,2022-01-04,176.0077667236328,179.18120100693088,175.43968197842852,178.87757285498617,99310400
254,2022-01-05,171.32598876953125,176.46811917460536,171.0517430102158,175.91962765597447,94537600
255,2022-01-06,168.46600341796875,171.69820298422886,168.11339955718992,169.15161788468467,96904000
256,2022-01-07,168.63250732421875,170.56203191509988,167.51593093187975,169.33771503993543,86709100
257,2022-01-10,168.6520538330078,168.95568194264703,164.71464766914698,165.60595369408608,106765600
258,2022-01-11,171.48269653320312,171.58063290230876,167.3102305884416,168.77941063247667,76138300
259,2022-01-12,171.92347717285156,173.53956952156884,171.22807353490404,172.50135116951776,74805200
260,2022-01-13,168.6520538330078,172.99102446221102,168.26026357438448,172.1682873370073,84505800
261,2022-01-14,169.51397705078125,170.20938047210834,167.57464890209772,167.81951220867464,80440800
262,2022-01-18,166.31121826171875,168.99491146380436,165.92923196932753,167.98607548786666,90956700
263,2022-01-19,162.8145294189453,167.56488423888524,162.53049451772475,166.5070728064469,94815000
264,2022-01-20,161.1298828125,166.19365539118294,160.80666137829382,163.54913404663756,91420500
265,2022-01-21,159.0730438232422,162.91249968467412,158.965303342259,161.04173994454513,122848900
266,2022-01-24,158.2992706298828,158.96530678454897,151.52145417153005,156.73215398969816,162294600
267,2022-01-25,156.49705505371094,159.41582185177984,153.79376918824497,155.71348938472497,115798400
268,2022-01-26,156.408935546875,161.01236411791442,154.5773622405594,160.14065107987773,108275300
269,2022-01-27,155.94859313964844,160.4736636918006,155.02790442490624,159.112223875077,121954600
270,2022-01-28,166.83029174804688,166.8498849998228,159.45500918063075,162.30522203050273,179935700
271,2022-01-31,171.18887329101562,171.4043542462614,166.02714940989443,166.66380312140188,115541600
272,2022-02-01,171.02235412597656,171.2476242171807,168.769608378118,170.43467612383174,86213900
273,2022-02-02,172.2270965576172,172.266283066221,169.7686736999572,171.15949584991125,84914300
274,2022-02-03,169.3474884033203,172.618874147118,168.58351594007854,170.89502658265624,89418100
275,2022-02-04,169.06309509277344,170.74010088602927,167.3860892995176,168.3667905913057,82465400
276,2022-02-07,168.34719848632812,170.59299800892276,167.65089393875687,169.52403712153145,77251200
277,2022-02-08,171.4560089111328,171.9659777736799,168.12161553517308,168.41582891603926,74829200
278,2022-02-09,172.8780059814453,173.24086063611506,171.5246335396632,172.65244889591918,71285000
279,2022-02-10,168.79830932617188,172.09346641687537,168.23931734555768,170.77933021680633,90865900
280,2022-02-11,165.38548278808594,169.7397993797007,164.79705596488338,169.0042733328554,98670700
281,2022-02-14,165.620849609375,166.3073375649639,163.34561528306318,164.1399809862671,86185500
282,2022-02-15,169.45535278320312,169.61226856573026,166.96437833391397,167.67048439097334,62527400
283,2022-02-16,169.2200164794922,169.99476394129306,166.7682631690513,168.53352854543166,61177400
284,2022-02-17,165.620849609375,168.59237351767158,165.21875846241755,167.7293515367512,69589300
285,2022-02-18,164.0713348388672,167.24879755806595,162.98275576839345,166.54270637048876,82772700
286,2022-02-22,161.1488494873047,163.4731068473456,159.02071443579257,161.79610099125685,91162800
287,2022-02-23,156.9808807373047,162.94353209804362,156.66704910552062,162.3453036437316,90009200
288,2022-02-24,159.59933471679688,159.70721245821238,149.06659738297807,149.63540593186767,141147500
289,2022-02-25,161.66859436035156,161.93337290276583,157.76539291737205,160.6780765984275,91974200
290,2022-02-28,161.93338012695312,162.2275934848512,159.29529145951147,159.91313801466617,95056600
291,2022-03-01,160.0504608154297,163.38485445669167,158.84420231864755,161.5215128724912,83474400
292,2022-03-02,163.3456268310547,164.1301909633288,159.80529409089044,161.2175065361206,79724800
293,2022-03-03,163.02195739746094,165.65024441282299,162.3550877597844,165.21873348759095,76678400
294,2022-03-04,160.02102661132812,162.35510045432284,158.9716840195684,161.3155594882437,83737200
295,2022-03-07,156.22572326660156,161.83533601406552,155.97073134624392,160.2073682314536,96418800
296,2022-03-08,154.401611328125,159.73662866525098,152.7932618336368,155.75498387793954,131148300
297,2022-03-09,159.8052520751953,160.25638119604568,156.33357653036765,158.36362016341366,91454900
298,2022-03-10,155.46080017089844,157.29470711890718,152.96981007380143,157.10837144656722,105342000
299,2022-03-11,151.74391174316406,156.2061057623046,151.51835462854714,155.86285431301891,96970100
300,2022-03-14,147.7132110595703,151.14566528522778,147.2032572060636,148.52719485737234,108732100
301,2022-03-15,152.09698486328125,152.5677323353664,147.4778893963599,147.9878433779772,92964300
302,2022-03-16,156.5100860595703,156.91217710483616,151.4790995568782,154.019111832328,102300200
303,2022-03-17,157.5202178955078,157.8928891304827,154.58793096024448,155.54901392146604,75615400
304,2022-03-18,160.81539916992188,161.30574983268542,156.67683837905244,157.41236437319773,123511700
305,2022-03-21,162.18836975097656,163.13965111509174,159.86409772398687,160.3544483255179,95811400
306,2022-03-22,165.56201171875,166.15042355950408,161.7274657879275,162.3158776286816,81532000
307,2022-03-23,166.92515563964844,169.308252341418,164.41454803066404,164.7479978071537,98062700
308,2022-03-24,170.71067810058594,170.77931940838405,166.9251705809909,167.75875768604743,90131400
309,2022-03-25,171.34815979003906,171.89735021175125,169.4161767223122,170.52437415747076,80546200
310,2022-03-28,172.21116638183594,172.33864738407132,168.68063546771577,168.84735290472764,90371900
311,2022-03-29,175.5063018798828,175.55532497081904,172.93685443507036,173.28010585750482,100589400
312,2022-03-30,174.33926391601562,176.14375060919454,173.28990640459241,175.1042096873483,92633200
313,2022-03-31,171.24024963378906,174.59424618696573,171.0342957824536,174.40791055107027,103049300
314,2022-04-01,170.946044921875,171.5050518578882,168.62178757896973,170.67144974905557,78751300
315,2022-04-04,174.99632263183594,175.04536068416874,171.0735178742133,171.20101381741605,76468400
316,2022-04-05,171.68153381347656,174.85901079501437,171.0538857020469,174.07444691464946,73401800
317,2022-04-06,168.5138702392578,170.2791351956792,166.84668137764749,169.03364062027202,89058800
318,2022-04-07,168.8179168701172,170.01437362269277,166.5721175347958,167.8568338106809,77594700
319,2022-04-08,166.8074951171875,168.46488285345913,165.9346714824091,168.46488285345913,76575500
320,2022-04-11,162.55123901367188,165.76793805160875,162.306063690876,165.4541214198734,72246700
321,2022-04-12,164.42434692382812,166.5916879340358,163.42402763064175,164.77739991175795,79265200
322,2022-04-13,167.11148071289062,167.73912889065093,163.55154548536066,164.15957544885293,70618900
323,2022-04-14,162.10011291503906,167.96471752203973,161.85493758758528,167.32725269207126,75329400
324,2022-04-18,161.88441467285156,163.38488687159673,160.41336232393917,160.75659889342774,69023900
325,2022-04-19,164.1693572998047,164.58126492825465,160.74672005577804,161.83529886968466,67723800
326,2022-04-20,164.002685546875,165.62085178233113,162.89450317699752,165.50315744246095,67929800
327,2022-04-21,163.2082977294922,168.21968163880754,162.70814548680565,165.65024919174274,87227800
328,2022-04-22,158.6676483154297,164.63031369845396,158.38325153783305,163.2475363117759,84882400
329,2022-04-25,159.73666381835938,160.02106066676262,155.4019650190896,158.01061961513787,96046400
330,2022-04-26,153.77395629882812,159.20703454434567,153.69549840448505,159.11877502482716,95623200
331,2022-04-27,153.5483856201172,156.7062295432353,152.38134886202627,152.9011192722885,88063200
332,2022-04-28,160.48194885253906,161.34497072445453,155.8628394699356,156.17667104674604,130216800
333,2022-04-29,154.60757446289062,162.9925746827483,154.21529987659397,158.71671584912355,131747600
334,2022-05-02,154.91162109375,155.17639973396098,150.31212849909627,153.68574417467673,123055300
335,2022-05-03,156.4022216796875,157.6084949183751,153.3032172904116,155.09788730053197,88966500
336,2022-05-04,162.81605529785156,163.26716957480116,156.1865040661354,156.58859524312854,108256500
337,2022-05-05,153.74453735351562,160.91346101284063,151.95965391653039,160.68790391798768,130525300
338,2022-05-06,154.47134399414062,156.59277501720737,151.4266967858706,153.22401904266582,116124600
339,2022-05-09,149.3445281982422,153.04720818256274,148.78471498335946,152.16327128379606,131577900
340,2022-05-10,151.7507781982422,153.94096598283207,150.1989918029188,152.74275136095326,115366700
341,2022-05-11,143.88385009765625,152.67402087769284,143.20616949802272,150.7588463480562,142689800
342,2022-05-12,140.01419067382812,143.58918770892123,136.32134136947613,140.22044713133192,182602000
343,2022-05-13,144.4829559326172,145.45528221531998,140.55438668965164,142.00795311338425,113990900
344,2022-05-16,142.9409637451172,144.88561601712348,141.60524980458257,142.95079475797485,86643800
345,2022-05-17,146.5749053955078,147.0954395557584,144.06060880808,146.2016865687997,78336300
346,2022-05-18,138.30528259277344,144.72848648816108,137.40169851030006,144.22759932213285,109742900
347,2022-05-19,134.89723205566406,139.13026237954173,134.160625433561,137.38205052865445,136095600
348,2022-05-20,135.1329345703125,138.1873972505803,130.2418708685785,136.60614779257094,137426100
349,2022-05-23,140.5543975830078,140.7017129465154,135.19189355677787,135.32939289148615,117726300
350,2022-05-24,137.85348510742188,139.43473470985077,134.87759532556828,138.29544611720485,104132700
351,2022-05-25,138.01063537597656,139.25794526331134,135.86955744381711,135.95794665102005,92482700
352,2022-05-26,141.21238708496094,141.76238425203672,134.6909642722216,134.93649979225893,90601500
353,2022-05-27,146.96778869628906,147.00706779846502,142.66600017228808,142.79368348039156,90978500
354,2022-05-31,146.18203735351562,147.9695433008326,144.2177530085784,146.40794084331958,103718400
355,2022-06-01,146.0543670654297,149.03025660842948,145.04274685421817,147.2231036462002,74286600
356,2022-06-02,148.50975036621094,148.56867650901708,144.237425177131,145.19010444930467,72348100
357,2022-06-03,142.78387451171875,145.32761986647563,141.8803052539547,144.27672024908313,88570300
358,2022-06-06,143.53025817871094,145.91687147884687,142.31239647541148,144.40436412307008,71598400
359,2022-06-07,146.0543670654297,146.33918169758047,141.52669111278408,141.77222665254513,67808200
360,2022-06-08,145.31776428222656,147.19364446593215,144.82669318974126,145.92668764129223,53950200
361,2022-06-09,140.0927734375,145.3079465173713,139.98473718785118,144.45348753415902,69473000
362,2022-06-10,134.68118286132812,138.24634933788164,134.61242570462275,137.77492521441144,91437900
363,2022-06-13,129.52493286132812,132.78563754326257,129.09278784637604,130.49724415866797,122207100
364,2022-06-14,130.38922119140625,131.49904691232265,129.132080103246,130.75262407444748,84784300
365,2022-06-15,133.01150512695312,134.88740024350506,129.79991106375064,131.8918636674431,91533000
366,2022-06-16,127.73741912841797,130.02581237807436,126.73562983340109,129.72135067721175,108123900
367,2022-06-17,129.2106475830078,130.70350817907268,127.49189843838613,127.74726504539257,134520300
368,2022-06-21,133.44366455078125,134.61241624219525,130.93921376781023,131.03741900238268,81000500
369,2022-06-22,132.93295288085938,135.29990419534238,131.51866571381353,132.38294065988546,73409200
370,2022-06-23,135.80081176757812,136.11508949160935,133.20795685254018,134.37670851634957,72433800
371,2022-06-24,139.13026428222656,139.37579982628543,137.27401616859356,137.40168446081998,89116800
372,2022-06-27,139.13026428222656,140.92758626309347,138.45258378281605,140.1516855515393,70207900
373,2022-06-28,134.98562622070312,140.85883237422544,134.86777395244602,139.59187553155968,67083400
374,2022-06-29,136.74365234375,138.15793948922365,134.2293707457082,135.00527146488074,66242400
375,2022-06-30,134.2784881591797,135.89901685954254,131.38117155043633,134.7990223471169,98964500
376,2022-07-01,136.44900512695312,136.55704136561366,133.23741100607202,133.6106148417446,71051600
377,2022-07-05,139.0320281982422,139.08113829870763,134.48470564577644,135.30971636921956,73353800
378,2022-07-06,140.36778259277344,141.54635041323854,138.56064426897342,138.8258268991265,74064300
379,2022-07-07,143.7365264892578,143.93295194501385,140.72134254203155,140.73115856961377,66253700
380,2022-07-08,144.4141845703125,144.91508669074653,142.41062104747897,142.66597262808202,64547800
381,2022-07-11,142.28294372558594,144.02133971358117,141.2124122640522,143.06866052706354,63141600
382,2022-07-12,143.25526428222656,145.79900902596674,142.4597314847581,143.1570440660671,77588800
383,2022-07-13,142.89187622070312,143.83472435454556,139.58204676627264,140.43652068379964,71185600
384,2022-07-14,145.8186492919922,146.29007333779407,140.69186596170863,141.5070457617974,78140700
385,2022-07-15,147.48831176757812,148.16599237248846,145.5534901802815,147.10527685866828,76259900
386,2022-07-18,144.4436798095703,148.86332029894717,144.08027695642463,148.04814036588357,81420900
387,2022-07-19,148.303466796875,148.52935529848105,144.28650894193657,145.27846713272842,82982400
388,2022-07-20,150.30702209472656,150.97488652317665,147.6847044563416,148.42131103969578,64823400
389,2022-07-21,152.5758056640625,152.79187815956976,149.2266969700013,151.7409787508479,65086600
390,2022-07-22,151.33831787109375,153.48921211142616,150.67046823670387,152.61510598035494,66675400
391,2022-07-25,150.21861267089844,152.27128581002526,149.56057934341123,151.259680770693,53623900
392,2022-07-26,148.89276123046875,150.3561434947877,148.1070444852617,149.54096368293668,55138700
393,2022-07-27,153.99005126953125,154.52041638898598,149.44274359614147,149.85524147444016,78620700
394,2022-07-28,154.54006958007812,154.82488420275592,151.65256933071927,154.17666680263463,81378700
395,2022-07-29,159.60794067382812,160.70795024668809,156.6516977293032,158.3606307359644,101786900
396,2022-08-01,158.62574768066406,160.66860482170765,158.01682444143958,158.13467668482562,67829400
397,2022-08-02,157.1525421142578,159.50969199737088,156.77933833047933,157.24094628726945,59907000
398,2022-08-03,163.1632843017578,163.61506130985597,157.8793546055034,157.96774380452692,82507500
399,2022-08-04,162.84898376464844,164.20434469622828,161.49362283306857,163.04540919289056,55474100
400,2022-08-05,162.62281799316406,163.11457128010184,160.31157154170887,160.51811452535523,56697000
401,2022-08-08,162.15072631835938,165.04223808745311,161.49177870542815,163.62598619996888,60276900
402,2022-08-09,162.1998748779297,163.0850396486981,160.5574209787257,161.31472511427808,63135500
403,2022-08-10,166.44863891601562,166.54698055787682,164.14722239112217,164.91435623038078,70170500
404,2022-08-11,165.7110137939453,168.1697800173322,165.41595884571527,167.25511117853088,57149200
405,2022-08-12,169.26145935058594,169.33029699566112,166.60598003496278,167.01906593388134,68039400
406,2022-08-15,170.33351135253906,170.53020967215141,168.5238628007137,168.69105712274018,54091700
407,2022-08-16,170.17611694335938,170.84490912166515,168.82871793209483,169.93024033504878,56377100
408,2022-08-17,171.67105102539062,173.24465231523857,169.72371248841205,169.9204107737534,79542000
409,2022-08-18,171.27764892578125,172.01527879196829,170.26463844345383,170.88425233332873,62290100
410,2022-08-19,168.6910400390625,170.8744256820194,168.48449706975865,170.1761294599256,70346300
411,2022-08-22,164.80618286132812,167.05840602639253,164.38326728455968,166.89121173091766,69026800
412,2022-08-23,164.4718017578125,165.92740230652828,163.90136613852434,164.32428177313432,54147100
413,2022-08-24,164.76683044433594,165.33726597260625,163.50794341888323,164.56030249873976,53841500
414,2022-08-25,167.22560119628906,167.33378750652878,165.57331755675585,165.9962181286182,51218200
415,2022-08-26,160.9213104248047,168.228770692368,160.86230244265508,167.75669182805456,78961000
416,2022-08-29,158.71827697753906,160.21319598841637,157.18400930436007,158.49205968709833,73314000
417,2022-08-30,156.28900146484375,159.87879372642644,155.11862647886383,159.4558931891013,77906200
418,2022-08-31,154.62689208984375,157.93147450788678,154.54820976951913,157.665923552681,87991100
419,2022-09-01,155.35467529296875,155.8070798264191,152.11893087993334,154.05643966038986,74229900
420,2022-09-02,153.24014282226562,157.71510032446895,152.41400097767612,157.11516076913463,76957800
421,2022-09-06,151.9812469482422,154.4990209999667,151.15510515135455,153.88925181756636,73714800
422,2022-09-07,153.38768005371094,154.08596126340717,151.07643378022465,152.26648324611122,87449600
423,2022-09-08,151.91241455078125,153.78107082360773,150.1617592438652,152.08943851032333,84923800
424,2022-09-09,154.77438354492188,155.21697339109355,152.19760180929663,152.90572755463288,68028800
425,2022-09-12,160.73443603515625,161.55074810883656,156.6725650029193,156.9577752421011,104956000
426,2022-09-13,151.30262756347656,157.89211772902357,150.8403783347764,157.26267420589616,122656600
427,2022-09-14,152.74839782714844,154.5088829319825,151.0764397160354,152.23697022602627,87965400
428,2022-09-15,149.8568572998047,152.67953072071606,148.8831956207659,152.09925057054045,90481100
429,2022-09-16,148.21441650390625,148.85370468985187,145.92284471335466,148.71601438946803,162278800
430,2022-09-19,151.93206787109375,152.0107501857091,146.64081352548533,146.84734147012324,81474200
431,2022-09-20,154.3121795654297,155.47272515734463,150.5551921564435,150.8699064647989,107689800
432,2022-09-21,151.18460083007812,156.12180702361462,151.06658486761725,154.74488909740035,101696800
433,2022-09-22,150.22079467773438,151.92225679396847,148.42097590441998,149.86673172221157,86652500
434,2022-09-23,147.94888305664062,148.97173827223702,146.10973061112034,148.69635763891162,96029900
435,2022-09-26,148.2832489013672,151.2337677983502,147.17188198122673,147.1915563091989,93339400
436,2022-09-27,149.25694274902344,152.16812862553914,147.47679836474876,150.22078993520137,84442700
437,2022-09-28,147.3686065673828,148.1554147485666,142.45107419388137,145.20489532446575,146691400
438,2022-09-29,140.12998962402344,144.30006222073425,138.3596750779143,143.69029304650877,128138200
439,2022-09-30,135.92059326171875,140.739784043771,135.72389496609006,138.9497950371784,124925300
440,2022-10-03,140.10049438476562,140.71027860420344,135.41900896557823,135.93043653465315,114311700
441,2022-10-04,143.69029235839844,143.80830832520158,141.88062916042142,142.6379332973476,87830100
442,2022-10-05,143.98533630371094,144.94918341662517,140.65125008419213,141.69377951288206,79471000
443,2022-10-06,143.0313262939453,145.1065253655181,142.8247983571862,143.40506352233135,68402200
444,2022-10-07,137.7794189453125,140.73978304959337,137.1499753994762,140.18900681575843,85925600
445,2022-10-10,138.10397338867188,139.5497290653031,136.28449546728626,138.10397338867188,74899000
446,2022-10-11,136.68772888183594,139.0186494867963,135.9402693459634,137.5925530590874,77033700
447,2022-10-12,136.05828857421875,138.04497594951954,135.88126460377657,136.83526713014228,70433700
448,2022-10-13,140.63160705566406,141.22170198168052,132.1537703856876,132.76355465182596,113224000
449,2022-10-14,136.0976104736328,142.13633872738868,135.9107418701706,141.9297957953737,88598000
450,2022-10-17,140.06117248535156,140.54308109407378,137.9564690521345,138.74327729972723,85250900
451,2022-10-18,141.37905883789062,144.2804000004446,138.2908490399077,143.0903655439518,99136600
452,2022-10-19,141.4872283935547,142.5592467457927,139.1661527370201,139.35302135031444,61758300
453,2022-10-20,141.02499389648438,143.4837601022304,140.29719369702107,140.6611013003117,64522000
454,2022-10-21,144.84100341796875,145.41143897685419,140.29719327846567,140.51356590449524,86548600
455,2022-10-24,146.9850311279297,147.75216493318766,143.5919369881937,144.76231202642796,75981900
456,2022-10-25,149.82737731933594,149.97491229930705,146.89653213741997,147.6144876838341,74732300
457,2022-10-26,146.88671875,149.48317560972512,145.59831248015067,148.4701649982454,88194300
458,2022-10-27,142.41175842285156,146.59166146526223,141.75281080290236,145.62782920100577,109180200
459,2022-10-28,153.1713409423828,154.90230735534547,145.3819695733686,145.75569191960554,164762400
460,2022-10-31,150.81088256835938,151.69604741946125,149.41430514421359,150.6338586024099,97943200
461,2022-11-01,148.16525268554688,152.88608702918296,146.6703335656384,152.52219441549875,80379300
462,2022-11-02,142.63795471191406,149.66019092618583,142.60845071578376,146.49329861316923,93604600
463,2022-11-03,136.58938598632812,140.44472962212055,136.4615253404881,139.7169294177421,97918500
464,2022-11-04,136.32339477539062,140.5496299805745,132.38284296255216,139.97824816387146,140814800
465,2022-11-07,136.8553466796875,137.08192417351185,133.65364870551915,135.07224959765693,83374600
466,2022-11-08,137.42674255371094,139.3280515614897,135.44662070693448,138.32322168629616,89908500
467,2022-11-09,132.8655548095703,136.49087039963513,132.58971737719733,136.44161049413725,74917800
468,2022-11-10,144.6872100830078,144.6872100830078,137.42674799216064,139.14089348616804,118854000
469,2022-11-11,147.47518920898438,147.78057965347278,142.2244006682819,143.65286311949495,93979700
470,2022-11-14,146.0762481689453,148.04652398997993,145.23887493220099,146.7559957323241,73374100
471,2022-11-15,147.81008911132812,151.3073317859871,146.35208917690562,149.9576976256643,89868300
472,2022-11-16,146.5786590576172,147.642609775535,145.100952232511,146.91361736230309,64218300
473,2022-11-17,148.48001098632812,149.22871050736455,143.97792279490108,144.2537602517047,80389400
474,2022-11-18,149.04151916503906,150.4305673318375,147.74114484123723,150.0463641188946,74829600
475,2022-11-21,145.8102569580078,148.13518303183807,145.52457357758468,147.92831248822412,58724100
476,2022-11-22,147.94802856445312,148.1844671134609,144.7463298277078,145.92850754073268,51804100
477,2022-11-23,148.82481384277344,149.5735133563615,147.1205141770319,147.22887996484198,58301400
478,2022-11-25,145.90879821777344,146.66735873059727,144.93350612985708,146.1058228227629,35195900
479,2022-11-28,142.07659912109375,144.46063120272478,141.24908683464577,142.9829242489195,69246000
480,2022-11-29,139.07192993164062,142.65783165746328,138.2641245866872,142.14555568748492,83763800
481,2022-11-30,145.82997131347656,146.50971891238402,138.4611435666205,139.29850181511986,111380900
482,2022-12-01,146.10581970214844,146.91364010696918,144.4310880474874,146.00731491776455,71250400
483,2022-12-02,145.6132354736328,145.80041408602733,143.48533393064037,143.79073931676461,65447400
484,2022-12-05,144.45077514648438,148.67701012513257,143.60355595085647,145.5738317516645,68826400
485,2022-12-06,140.78607177734375,145.11082689130228,139.81077976944414,144.8842493657544,64727200
486,2022-12-07,138.84532165527344,141.2391992545666,137.9192897333707,140.07674388503568,69721100
487,2022-12-08,140.52993774414062,141.38701807504808,139.00298578220685,140.24425432184734,62128300
488,2022-12-09,140.0472412109375,143.4065658669265,138.80595753740835,140.22455886029022,76097000
489,2022-12-12,142.34259033203125,142.35243630018152,138.9635592869445,140.5791849523235,70462700
490,2022-12-13,143.3080291748047,147.7411502710795,142.0963136174533,147.27813419846305,93886200
491,2022-12-14,141.08163452148438,144.4803579746899,139.0620984014011,143.18982946326526,82291200
492,2022-12-15,134.47134399414062,139.69257867211073,134.00832790749715,139.01283101163355,98931900
493,2022-12-16,132.51089477539062,135.6042272094749,131.74248840865712,134.65850323442362,160156900
494,2022-12-19,130.40272521972656,133.19066784085936,129.36834224245627,133.1020090197244,79592600
495,2022-12-20,130.33377075195312,131.26964891983806,127.95958437581338,129.43729149310985,77432800
496,2022-12-21,133.43695068359375,134.7767390812449,130.77708085896677,131.00365840968308,85928000
497,2022-12-22,130.26480102539062,132.56017450128888,128.3634917913713,132.35330392731453,77852100
498,2022-12-23,129.9002685546875,130.45194330756618,127.71326147576875,128.9742366343513,63814900
499,2022-12-27,128.09750366210938,129.45699902617415,126.80697517918489,129.42744608626094,69007800
500,2022-12-28,124.16678619384766,129.08262238361158,123.99931454878694,127.74283419111387,85438400
501,2022-12-29,127.68373107910156,128.54079629058208,125.83167442757419,126.08780488461109,75703700
502,2022-12-30,127.99897003173828,128.01867700022572,125.53613260725537,126.50157113096991,77034200
503,2023-01-03,123.2112045288086,128.9545531314731,122.32457886036785,128.34377240566315,112117500
504,2023-01-04,124.48204040527344,126.7478608503369,123.22106494631889,125.00416235162118,89113600
505,2023-01-05,123.16194915771484,125.87107865122056,122.9058186898535,125.24059093401247,80962700
506,2023-01-06,127.6935806274414,128.35362127262974,123.03388217385093,124.13723942127505,87754700
507,2023-01-09,128.21571350097656,131.4272732222333,127.95958301489433,128.53096489801374,70790800
508,2023-01-10,128.787109375,129.30923140505178,126.21589813764389,128.3240932303102,63896200
509,2023-01-11,131.50608825683594,131.52578019546752,128.5211210646013,129.29937353694692,69458900
510,2023-01-12,131.42727661132812,132.26463497127472,129.4865533653131,131.89029271765745,71379600
511,2023-01-13,132.75717163085938,132.9147972949888,129.70325330640753,130.0677495016975,57809700
512,2023-01-17,133.919677734375,135.24960517017936,132.13658015166487,132.82617382563913,63646600
513,2023-01-18,133.20050048828125,136.54996329562516,133.0231678517452,134.7865730896908,69672800
514,2023-01-19,133.25962829589844,134.22505937639417,131.78192122019502,132.0873116107182,58280400
515,2023-01-20,135.8209686279297,135.9687483442848,132.22522101014553,133.26946486486585,80223600
516,2023-01-23,139.01283264160156,141.18999437445396,135.85053284595898,136.06726442233395,81760300
517,2023-01-24,140.41171264648438,141.03235437334166,138.21485919822922,138.22470516633354,66435100
518,2023-01-25,139.75164794921875,140.31316867471608,136.7469746734582,138.79606308722262,65799300
519,2023-01-26,141.82046508789062,142.10614847767724,139.79106829556534,141.0421976938989,54105100
520,2023-01-27,143.7611846923828,145.04186713056833,140.95355034191297,141.03236318771044,70555800
521,2023-01-30,140.874755859375,143.3868611555781,140.7269911492517,142.80563325307273,64015300
522,2023-01-31,142.14553833007812,142.19479823056315,140.1654165994733,140.57917270592753,65874500
523,2023-02-01,143.2686004638672,144.43107102589934,139.2196980441436,141.83030751885846,77663600
524,2023-02-02,148.57850646972656,148.9331416858034,145.96788199485025,146.68702845858084,118339000
525,2023-02-03,152.2038116455078,155.04101372137666,145.6329433931969,145.82996797468513,154357300
526,2023-02-06,149.4749755859375,150.82462478693864,148.53909754834626,150.30250288074524,69858300
527,2023-02-07,152.35157775878906,152.9229595728958,148.4011799958932,148.4011799958932,83322600
528,2023-02-08,149.6621551513672,152.28262569889247,148.9233016908853,151.5930321421785,64120100
529,2023-02-09,148.62777709960938,152.036361465456,148.18446797066764,151.49453251585427,56007100
530,2023-02-10,148.99281311035156,149.3184067990407,147.22673043469464,147.46352995054943,57450700
531,2023-02-13,151.7948760986328,152.19938787253557,148.90400724096855,148.93360529625505,62199000
532,2023-02-14,151.15357971191406,151.7159729836762,148.84484061249728,150.08800434565288,61707600
533,2023-02-15,153.25511169433594,153.4228390365263,150.83784167870803,151.06476513520522,65573800
534,2023-02-16,151.65675354003906,154.24175084931028,151.3015618059057,151.45941308943844,68167900
535,2023-02-17,150.5122528076172,150.95623873407766,148.83496427712012,150.314927401964,59144100
536,2023-02-21,146.4966278076172,149.27896600318738,146.42757068306315,148.1936535747809,58867200
537,2023-02-22,146.9208984375,147.9469997349945,145.19427453082793,146.88142431742384,51011300
538,2023-02-23,147.40432739257812,148.33177339849212,145.27319184522457,148.08511286734324,48394200
539,2023-02-24,144.75030517578125,145.22388928637199,143.77352383365584,145.1449560921123,55469600
540,2023-02-27,145.944091796875,147.17739437262094,145.48036882399748,145.736905394929,44998500
541,2023-02-28,145.44093322753906,147.08862392793702,144.86867893348426,145.085741426228,50547000
542,2023-03-01,143.3689727783203,145.26332395747403,143.07297711330398,144.86867310742886,55479000
543,2023-03-02,143.96096801757812,144.7502847940671,141.97780754659183,142.4514066454644,52238100
544,2023-03-03,149.0125732421875,149.09150642636217,145.36200004016092,146.06250758539213,70732300
545,2023-03-06,151.77516174316406,154.21216902598104,151.41010897005816,151.7356876269036,87558000
546,2023-03-07,149.574951171875,151.9724842932115,149.1112281718285,151.64689058754286,56182000
547,2023-03-08,150.82794189453125,151.41993305439257,149.8018409463936,150.76874578953723,47204800
548,2023-03-09,148.5784454345703,152.47567911750554,148.2232536400137,151.5087739759212,53833600
549,2023-03-10,146.516357421875,148.92376664622063,145.63824652167983,148.20352210122027,68572400
550,2023-03-13,148.46002197265625,151.09435428881787,145.72701943515565,145.83555065664373,84457100
551,2023-03-14,150.55169677734375,151.35087437586574,148.09496787151124,149.25919818665145,73695900
552,2023-03-15,150.94639587402344,151.2029174267054,147.91739708809698,149.17043689978033,77167900
553,2023-03-16,153.76817321777344,154.3700254849667,149.6144034630521,150.127461556798,76161100
554,2023-03-17,152.92953491210938,154.64629769155513,152.21915135199143,153.99511025228628,98944600
555,2023-03-20,155.29745483398438,155.7118577491849,152.0908681263484,152.99859207349292,73641400
556,2023-03-21,157.15232849121094,157.27072070754767,154.44892413015182,155.21851870122467,73938300
557,2023-03-22,155.7217254638672,159.97415053377057,155.7019884063488,157.17209056471103,75701800
558,2023-03-23,156.8070068359375,159.39201912983532,155.57370432805416,156.7083516682842,67622100
559,2023-03-24,158.10940551757812,158.19819969843707,155.74147036488569,156.73797352277555,59196500
560,2023-03-27,156.1657257080078,158.6224701978729,155.76119879412065,157.80355536791788,52390300
561,2023-03-28,155.54412841796875,156.37291926303735,153.89643783944095,155.85986113132142,45992200
562,2023-03-29,158.62249755859375,158.8987562169574,157.22146720404447,157.24118921180775,51305700
563,2023-03-30,160.19122314453125,160.29975438530866,159.1157867936236,159.37230833774987,49501700
564,2023-03-31,162.69729614257812,162.7959663866168,159.74724553838644,160.27016471086742,68749800
565,2023-04-03,163.95030212402344,164.06869434845072,162.0263532022681,162.07568831410026,56976200
566,2023-04-04,163.4175262451172,164.6113546852389,162.90446816785285,164.37457023031905,46278300
567,2023-04-05,161.57249450683594,162.84527116493152,159.6386845457234,162.53941454235493,51511700
568,2023-04-06,162.46051025390625,162.75650592852264,159.83603835658786,160.2602872813979,45390100
569,2023-04-10,159.86563110351562,159.86563110351562,157.94168186492254,159.26377877195932,47716900
570,2023-04-11,158.65203857421875,160.191197704471,158.36590395989919,160.18133670413533,47644200
571,2023-04-12,157.96141052246094,159.89522066020655,157.64567781550258,159.06644488688698,50133100
572,2023-04-13,163.34848022460938,163.58527977239888,159.26378211877287,159.47098360495934,68445600
573,2023-04-14,163.003173828125,164.09834733508953,161.6317416937249,162.39144539168964,49386500
574,2023-04-17,163.02285766601562,163.18072400329442,161.83889024634973,162.88472838463733,41516200
575,2023-04-18,164.2462921142578,165.17373798707087,163.43723846181683,163.88123939813596,49923000
576,2023-04-19,165.39080810546875,165.91372717633618,163.32871482350347,163.58525138616776,47720200
577,2023-04-20,164.4239044189453,165.62760901810955,163.34846811386117,163.87138723669895,52456400
578,2023-04-21,162.81568908691406,164.226580111448,162.29276996055185,162.84528714652217,58337300
579,2023-04-24,163.1215362548828,163.38793383083043,161.70076925644653,162.79594256316088,41949600
580,2023-04-25,161.5823974609375,164.08846202710322,161.54292334211996,162.98342757965568,48714100
581,2023-04-26,161.57249450683594,163.07219461797823,160.6253265824028,160.8818480921529,45498800
582,2023-04-27,166.160400390625,166.3083906842776,162.98341161052969,162.98341161052969,64902300
583,2023-04-28,167.41342163085938,167.5811640335514,165.63747792316207,166.23933019675923,55275900
584,2023-05-01,167.32461547851562,168.17312821243692,166.38730857655852,167.01875886308395,52472900
585,2023-05-02,166.28866577148438,168.07450075678005,165.3020235951721,167.81796415576136,48425700
586,2023-05-03,165.2132110595703,168.6368602354505,164.92709148440827,167.23583030731814,65136000
587,2023-05-04,163.5753936767578,164.8086963510818,162.11516752574818,162.68742177323023,81235400
588,2023-05-05,171.25149536132812,171.97173995816638,168.47901810918157,168.6960805994559,113453200
589,2023-05-08,171.18243408203125,171.52776489899594,169.81100192703093,170.1760547498472,55962800
590,2023-05-09,169.4755401611328,171.22188606967399,169.30781278853107,170.73844101187063,45326900
591,2023-05-10,171.24159240722656,171.70531537679722,169.60376298512443,170.70881232248743,53724500
592,2023-05-11,171.4290771484375,172.2578529585823,169.87018071223292,171.52774738748727,49514700
593,2023-05-12,170.50035095214844,171.97247152405595,168.94917294661113,171.5377460938216,45533100
594,2023-05-15,170.00633239746094,171.13265951386708,169.41352230428424,171.0832561601379,37266700
595,2023-05-16,170.00633239746094,171.0634918034888,169.73956634795272,169.92729004665156,42110300
596,2023-05-17,170.618896484375,170.8560084675657,168.37611683004315,169.65065404284252,57951600
597,2023-05-18,172.95059204101562,173.13831574371522,170.51021405749552,170.92517510124802,65496700
598,2023-05-19,173.0592803955078,174.27452457823847,172.84191768629904,174.27452457823847,55809500
599,2023-05-22,172.1107940673828,172.61468722054929,171.3697889134683,171.89343134950482,43570900
600,2023-05-23,169.50244140625,171.300620989034,169.22580071286586,171.05361929309908,50747300
601,2023-05-24,169.7790985107422,170.35214430979713,168.4749372695529,169.03809335131075,45143500
602,2023-05-25,170.91531372070312,171.814388514026,169.63090177565675,170.3422679275043,56058300
603,2023-05-26,173.3260498046875,173.66198362102864,171.0338815491583,171.2413696393752,54835000
604,2023-05-30,175.17359924316406,176.84333305757605,174.45235853913644,174.83768056740178,55964400
605,2023-05-31,175.1242218017578,177.19904230758075,174.64009299685546,175.20326416230037,99625300
606,2023-06-01,177.9301300048828,177.95976900098933,174.8080250915144,175.5687945017499,68901800
607,2023-06-02,178.77981567382812,179.59986307293,177.11008187963884,178.8588580217184,61996900
608,2023-06-05,177.42625427246094,182.7318457046313,175.90471543246178,180.43967788018574,121946500
609,2023-06-06,177.06069946289062,177.95977416384898,175.30203354675976,177.81157917901706,64848400
610,2023-06-07,175.68736267089844,179.03670485789638,175.19335930953716,176.29992201473482,61944600
611,2023-06-08,178.40438842773438,178.67113939917257,175.3316867918341,175.76639710388454,50214900
612,2023-06-09,178.78973388671875,180.0444917855316,178.4636898031236,179.32325097528164,48900000
613,2023-06-12,181.5857696533203,181.68457636718009,178.79959821677159,179.09600328256303,54274900
614,2023-06-13,181.1115264892578,181.94144859403625,180.2519653861507,180.6076484418825,54929100
615,2023-06-14,181.7438201904297,182.1785455284072,179.83697459295612,181.17077452453069,57462900
616,2023-06-15,183.7791290283203,184.2830221162751,181.57587821037063,181.75372726370364,65433200
617,2023-06-16,182.70220947265625,184.74739071591918,182.06001110467366,184.4904993080967,101256200
618,2023-06-20,182.7911376953125,183.86807659469073,182.19834264439277,182.19834264439277,49799100
619,2023-06-21,181.75375366210938,183.18636063386023,180.40017397466633,182.68246747271866,49515700
620,2023-06-22,184.7572784423828,184.8066817993699,181.46721386744264,181.53638158238215,51245300
621,2023-06-23,184.4411163330078,185.31056720794078,182.79114665956078,183.32467881492002,53117000
622,2023-06-26,183.04803466796875,185.79469252512132,183.00850595123646,184.58932295318664,48088700
623,2023-06-27,185.80458068847656,186.13062478419894,183.4432447307805,183.6606074612621,50730800
624,2023-06-28,186.9803009033203,187.62249934110088,185.350095591546,185.67612459327006,51216800
625,2023-06-29,187.31622314453125,187.7904773075337,186.67402469467498,186.8123450566035,46347300
626,2023-06-30,191.64370727539062,192.14758538728958,188.9662018357955,189.33177465497502,85213200
627,2023-07-03,190.15179443359375,191.55476227365418,189.46017761633829,191.4559555638213,31458200
628,2023-07-05,189.0353546142578,190.66555990536892,188.33386310926684,189.27248168829453,46920300
629,2023-07-06,189.5095977783203,189.71708585705593,186.93089921117289,187.56322301313529,45094300
630,2023-07-07,188.39312744140625,190.35926638037827,187.95841711755844,189.11438325252212,46815000
631,2023-07-10,186.34799194335938,187.71144636227646,184.7968137913114,186.9901904322695,59922200
632,2023-07-11,185.82432556152344,187.0296950947768,184.3620796809065,186.8913747422291,46638100
633,2023-07-12,187.4940643310547,189.4009103170613,186.20965240962747,187.40513225686783,60750200
634,2023-07-13,188.2548065185547,188.89701997543003,187.5039267878899,188.21529288043007,41342300
635,2023-07-14,188.40304565429688,188.88715940601534,187.35576071083716,187.94855582890273,41616200
636,2023-07-17,191.6634521484375,191.9894962144421,189.5095893997432,189.598506397075,50520200
637,2023-07-18,191.4065399169922,191.9993499863452,190.11225351055063,191.03110761046918,48288200
638,2023-07-19,192.76014709472656,195.8525983579603,190.3395181934612,190.78413334726974,80507300
639,2023-07-20,190.8137664794922,194.11370571807572,190.1913173439326,192.7502514500073,59581200
640,2023-07-21,189.63803100585938,192.63169045749675,188.93653953192955,191.77212935032986,71951700
641,2023-07-24,190.4383087158203,192.57240699977407,189.94430532096735,191.09039681521514,45377800
642,2023-07-25,191.29786682128906,192.1080396126164,190.6062650944163,191.01135149007996,37283200
643,2023-07-26,192.16734313964844,193.2936704090035,191.00150222741644,191.34729559890386,47471900
644,2023-07-27,190.90267944335938,194.83494237556206,190.24071668140024,193.66910156142774,47460200
645,2023-07-28,193.48138427734375,194.27179277672036,191.8116502798051,192.3352927070371,48291400
646,2023-07-31,194.09393310546875,194.13346181996275,192.91820259976402,193.70861105598286,38824100
647,2023-08-01,193.2639923095703,194.37055499572895,192.93794828758732,193.8864413584275,35175100
648,2023-08-02,190.2703399658203,192.8391484466102,189.5490992662055,192.70082810591987,50389300
649,2023-08-03,188.87725830078125,190.06286344658966,188.40301925761534,189.27247006657564,61235200
650,2023-08-04,179.807373046875,185.13272939460776,179.7382053306166,183.2950360404776,115956800
651,2023-08-07,176.70504760742188,180.93371611312844,175.22303719441848,179.94570917112617,97576100
652,2023-08-08,177.64366149902344,178.10802599478308,175.45028475439412,177.53498012606286,67823000
653,2023-08-09,176.05296325683594,178.76009268860713,174.88710720037176,178.7008146829172,60378500
654,2023-08-10,175.83558654785156,178.58224448237493,175.4700288246158,177.32747151707323,54686900
655,2023-08-11,175.89495849609375,176.71611347184137,174.66818511712222,175.42998203855163,52036700
656,2023-08-14,177.54713439941406,177.77467859210861,175.42004228880285,176.07301094207762,43675600
657,2023-08-15,175.55856323242188,177.56692432110017,175.1628328578025,176.9733287591711,43622600
658,2023-08-16,174.6879425048828,176.6369303294026,174.61868139075943,175.24197103328896,46964900
659,2023-08-17,172.14532470703125,175.6179059949575,171.6308631878828,175.25185467548476,66062900
660,2023-08-18,172.630126953125,173.23362560342792,170.12709527960956,170.46346761685473,61172200
661,2023-08-21,173.9657440185547,174.25266140560993,171.88813666332587,173.20396220304474,46311900
662,2023-08-22,175.3408966064453,175.78609702554508,174.37134667878323,175.17271045239184,42038900
663,2023-08-23,179.189453125,179.61487764306722,176.4291981302873,176.61717535249278,52722800
664,2023-08-24,174.49998474121094,179.16967585239115,174.13391827576947,178.74425133745834,54945800
665,2023-08-25,176.70620727539062,177.2404448053197,173.9459523611551,175.4893219988908,51449600
666,2023-08-28,178.26934814453125,178.6650784859593,176.64682959084442,178.17040801110178,43820700
667,2023-08-29,182.157470703125,182.92915552039761,177.58671984756458,177.78458503986462,53003900
668,2023-08-30,185.64984130859375,185.84772159478027,182.77087033679462,182.9687355268348,60813900
669,2023-08-31,185.86749267578125,187.10416895130786,185.48165028166278,185.8378136528603,60794500
670,2023-09-01,187.44056701660156,187.8956554579994,186.27313669620688,187.4702460412081,45766500
671,2023-09-05,187.67800903320312,187.95502334145587,185.61028969797815,186.2731464424506,45280000
672,2023-09-06,180.9603729248047,186.8370611072444,179.53571941437733,186.3918455631262,81755800
673,2023-09-07,175.66738891601562,176.31046963604499,171.69023379276553,173.312752460059,112488800
674,2023-09-08,176.28077697753906,178.3188321743013,175.89493458078306,176.4489782367689,65551300
675,2023-09-11,177.4481964111328,178.37817933531872,175.44972343125323,178.15063513987275,58953100
676,2023-09-12,174.4208221435547,178.2100000030001,172.95660168355545,177.57682236385347,90370200
677,2023-09-13,172.35308837890625,175.41014819975618,172.12552909799857,174.6285604188278,84267900
678,2023-09-14,173.86679077148438,174.22295413122683,171.72981061302968,172.14533201670497,60895800
679,2023-09-15,173.1445770263672,174.61870067060727,171.96727382158934,174.5989096220804,109259500
680,2023-09-18,176.07302856445312,177.46800307348116,174.2922116482627,174.59890495957814,67257600
681,2023-09-19,177.1613006591797,177.71532920549458,175.24197669791334,175.62781908525017,51826900
682,2023-09-20,173.61947631835938,177.78459392537832,173.53042414564908,177.34928142287384,58436200
683,2023-09-21,172.07606506347656,174.42081339229338,172.00681904661934,172.6894667209782,63149100
684,2023-09-22,172.9269256591797,175.19252525078977,172.19482290064929,172.80820955696336,56725400
685,2023-09-25,174.2031707763672,175.08368369125543,172.29373473406022,172.3432048049037,46172700
686,2023-09-26,170.12710571289062,173.33256128157663,169.8303003575296,172.95662192119033,64588900
687,2023-09-27,168.61341857910156,171.1955997931917,167.2481379471125,170.78007828813855,66921800
688,2023-09-28,168.87060546875,170.19631868961176,165.83332157268651,167.53498917707262,56294400
689,2023-09-29,169.38507080078125,171.22524557281096,168.52433390834895,170.18643455541363,51861100
690,2023-10-02,171.89801025390625,172.44215085955082,169.10806120104496,169.39497856408786,52164500
691,2023-10-03,170.5623779296875,171.77927819729268,168.99923247491208,170.42387079713225,49594600
692,2023-10-04,171.8089599609375,172.3531005247124,169.14763028223018,169.26634637027362,53020300
693,2023-10-05,173.04562377929688,173.57986123329636,170.83938266052527,171.93755168454948,48527900
694,2023-10-06,175.59815979003906,176.09283034712797,171.33408690716874,171.94748866333921,57266700
695,2023-10-09,177.08218383789062,177.14154189350634,173.92618304770127,174.92541220824572,42390800
696,2023-10-10,176.48854064941406,177.80436599291428,176.05322819338144,176.20163840129018,43698000
697,2023-10-11,177.883544921875,177.9330149994758,175.70699737277417,176.30059301553902,47551100
698,2023-10-12,178.78379821777344,180.3964135971746,177.13158565293307,178.15062065434398,56743100
699,2023-10-13,176.94366455078125,179.9908219020002,176.24122571645097,179.48626336769357,51427100
700,2023-10-16,176.81503295898438,177.17119633941073,174.6285826048942,174.86602989056055,52517000
701,2023-10-17,175.26174926757812,176.51821654411026,172.93680701299223,174.7670787756051,57549400
702,2023-10-18,173.9657440185547,175.68720305244247,173.2435292067,173.70852075442576,54764400
703,2023-10-19,173.5897674560547,175.94438862084118,173.3226411761323,174.16357191493293,59302900
704,2023-10-20,171.03726196289062,173.55018124096887,170.79981470903,173.44135313663412,64244000
705,2023-10-23,171.156005859375,172.15523490983713,168.1187215150264,169.08828663709707,55980100
706,2023-10-24,171.59132385253906,171.81886808001443,169.62252961684246,171.2054814250168,43816600
707,2023-10-25,169.2762451171875,171.21534495437086,168.83102960610762,170.04792986204652,57157000
708,2023-10-26,165.11111450195312,169.55326090861308,163.90411730631092,168.55401686361284,70625300
709,2023-10-27,166.42694091796875,167.1590586780216,165.05175755916278,165.13090664912622,58499100
710,2023-10-30,168.47488403320312,169.3455090048735,167.07002152646473,167.218431744534,51131000
711,2023-10-31,168.9497528076172,169.07835686158955,166.11033410734646,167.54489051547947,44846000
712,2023-11-01,172.11566162109375,172.37288485640974,168.3066925856151,169.1773175299865,56934900
713,2023-11-02,175.6772918701172,175.88504503012373,173.58978171760563,173.64913976332178,77334800
714,2023-11-03,174.76707458496094,174.9352758328065,171.50226149314057,172.38277434389337,79829200
715,2023-11-06,177.31956481933594,177.517429979593,174.33176617832314,174.49995231934884,63841300
716,2023-11-07,179.8820037841797,180.4953904276926,177.06237564620827,177.27012882075113,70530000
717,2023-11-08,180.94058227539062,181.4946108426327,179.65443590363796,180.40634475587757,49340300
718,2023-11-09,180.46568298339844,182.15744752284814,179.87207238589124,181.00982351508927,53763500
719,2023-11-10,184.6561279296875,184.82455079604722,181.81298306450438,182.24886906112522,66133400
720,2023-11-13,183.07110595703125,184.28959445510736,182.4866293320066,184.08156757584422,43627500
721,2023-11-14,185.68638610839844,186.35011603301572,184.55705211313364,185.94394820695575,60108400
722,2023-11-15,186.2510528564453,187.72711849110286,186.02320887124122,186.09256123667055,53790500
723,2023-11-16,187.93515014648438,189.1734556093977,186.88505441646575,187.79646053927942,54412900
724,2023-11-17,187.9153594970703,188.5989066274509,186.80584248313986,188.47011800403556,50922700
725,2023-11-20,189.65887451171875,190.1145776039652,188.10357060538217,188.11347160798348,46505100
726,2023-11-21,188.8564453125,189.72821721009598,187.96487141071046,189.6192457228965,38134500
727,2023-11-22,189.52017211914062,191.12501116236683,189.04466705374648,189.69849596618437,39617700
728,2023-11-24,188.19273376464844,189.1140258787283,187.47946852715137,189.0843077535022,24048300
729,2023-11-27,188.014404296875,188.886176253634,187.13273133734725,188.14319291304204,40552600
730,2023-11-28,188.61868286132812,189.29232889633607,187.62803848681267,188.0044881862593,38415400
731,2023-11-29,187.59832763671875,190.29288164913223,187.2020759179661,189.11401237919708,43014200
732,2023-11-30,188.1728973388672,188.53944603911236,186.42936866830843,188.06392585220516,48794400
733,2023-12-01,189.45083618164062,189.76783452208102,187.45963130874318,188.54934617033052,45704800
734,2023-12-04,187.6577606201172,188.27197042434886,185.69628894913777,188.2026180609542,43389500
735,2023-12-05,191.61044311523438,192.58127042048946,188.40074973234698,188.43048297188668,66628400
736,2023-12-06,190.52076721191406,192.9379272177151,190.31272520524868,192.63082982561934,41089700
737,2023-12-07,192.45249938964844,193.17566559760107,191.7788533108163,191.81848755335412,47477700
738,2023-12-08,193.8790283203125,194.15640755182167,191.8581052152776,192.38314555463674,53406400
739,2023-12-11,191.3726806640625,191.6797931299085,189.62915193698308,191.30334341541183,60943700
740,2023-12-12,192.8883819580078,192.8982829604503,189.92634969600132,191.27362671385956,52696900
741,2023-12-13,196.1079559326172,196.14757505430106,193.02705149757753,193.26479645974607,70404200
742,2023-12-14,196.2565460205078,197.7524134956911,194.32479262777906,196.1673916599279,66831600
743,2023-12-15,195.7216339111328,196.54385551373443,195.15695931123605,195.68199966761293,128538400
744,2023-12-18,194.0573272705078,194.79040955452615,192.5713606983871,194.25545312358386,55751900
745,2023-12-19,195.09751892089844,195.1074199235508,194.0573392330858,194.32481746504553,40714100
746,2023-12-20,193.00726318359375,195.8305908429342,193.00726318359375,195.05788936850126,52242800
747,2023-12-21,192.858642578125,195.23619818360498,191.6896894536902,194.26537091395173,46482500
748,2023-12-22,191.78875732421875,193.58182122700063,191.164646529934,193.35396213687642,37149600
749,2023-12-26,191.24392700195312,192.07606476826226,191.0259839989623,191.79868551282587,28919300
750,2023-12-27,191.3429718017578,191.6897034098951,189.3022466284661,190.68915794498034,48087700
751,2023-12-28,191.76895141601562,192.8388492190412,191.36278357008254,192.32370988068791,34049900
752,2023-12-29,190.72877502441406,192.58127531145587,189.9362564400636,192.08595308574118,42672100
753,2024-01-02,183.90322875976562,186.67703614744315,182.16960103197144,185.39909638597572,82488700
754,2024-01-03,182.52621459960938,184.14096966630487,181.7138790075681,182.4964964795135,58414500
755,2024-01-04,180.20814514160156,181.37709839926953,179.18778251294714,180.44589014802324,71983600
756,2024-01-05,179.4849395751953,181.05015949262307,178.48439420396812,180.28737421180142,62379700
757,2024-01-08,183.82398986816406,183.86362411289957,179.80197564152536,180.38645226507356,59144500
758,2024-01-09,183.4079132080078,183.41781421075365,181.0204564512382,182.19932576748687,42841800
759,2024-01-10,184.4480743408203,184.65610118978807,182.19930742900604,182.62529236075727,46792900
760,2024-01-11,183.85369873046875,185.3000462697353,181.90212796654464,184.79480792904317,49128400
761,2024-01-12,184.18060302734375,184.99293868218925,183.45743685571247,184.3192926371913,40477800
762,2024-01-16,181.9120330810547,182.5361287641061,179.23728115128065,180.45578462721193,65603000
763,2024-01-17,180.9709014892578,181.21856257523459,178.61317822966134,179.5741044525339,47317400
764,2024-01-18,186.86526489257812,187.3704881134165,184.0914574471942,184.34901955890965,78005800
765,2024-01-19,189.76785278320312,190.15420352293785,187.0534966021051,187.5587198414397,68903000
766,2024-01-22,192.07601928710938,193.5025494721613,190.46126426985865,190.50089850612792,60133900
767,2024-01-23,193.35397338867188,193.91864797179585,192.01661247228014,193.19548176740474,42355600
768,2024-01-24,192.68032836914062,194.542744606446,192.5218216434054,193.59171936806808,53631300
769,2024-01-25,192.35342407226562,194.43378338829353,191.30334341188293,193.39360373027958,54822100
770,2024-01-26,190.6197967529297,192.93790105900956,190.14429166563914,192.45249496932922,44594000
771,2024-01-29,189.93624877929688,190.4018528619721,187.8063693410428,190.2136280052267,47145600
772,2024-01-30,186.28077697753906,190.0056098088079,185.71611749758625,189.1536549714469,55859400
773,2024-01-31,182.67483520507812,185.34958738130655,182.6253150741395,185.29013601531707,55467800
774,2024-02-01,185.11183166503906,185.2009860420896,182.10027903950464,182.2686867903897,64885400
775,2024-02-02,184.1112518310547,185.57740118350648,177.57299331125648,178.17728694752884,102551700
776,2024-02-05,185.92413330078125,187.47945226083425,184.10135123689923,186.3897373769733,69668800
777,2024-02-06,187.52899169921875,187.53889270164484,185.02266252630227,185.1118168962398,43490800
778,2024-02-07,187.637939453125,189.26259549149862,186.8454209943015,188.85642770289712,53439000
779,2024-02-08,186.55816650390625,187.7667388029894,185.5972401965417,187.61814818475136,40962000
780,2024-02-09,187.32191467285156,188.45268968737696,186.4787864459619,187.12352087688578,45155200
781,2024-02-12,185.63568115234375,187.14338640307878,185.27859346494134,186.8954092628083,41781900
782,2024-02-13,183.54273986816406,184.70328611762721,182.02512109310902,184.26684396147397,56529500
783,2024-02-14,182.65994262695312,184.02878118831165,180.96378758253468,183.8204888809099,54630500
784,2024-02-15,182.37229919433594,182.99720639873473,179.8826142837668,182.06480997798818,65434500
785,2024-02-16,180.8348388671875,183.35429496994237,180.2000180232841,181.9358579237584,49752500
786,2024-02-20,180.09091186523438,180.95386745060242,178.54353696650966,180.31904659124555,53665600
787,2024-02-21,180.8447723388672,181.41015233649017,179.1982005294332,180.4678422502364,41371400
788,2024-02-22,182.87814331054688,183.46338075801705,180.98360980621024,181.99534545711646,52292200
789,2024-02-23,181.0431671142578,183.5427659606793,180.75550513620703,183.51300991264986,45119700
790,2024-02-26,179.69415283203125,181.28119739799624,179.18826979539264,180.7654158601022,40867400
791,2024-02-27,181.15225219726562,182.43180748858953,178.1070858709482,179.6346334198553,54318900
792,2024-02-28,179.95205688476562,181.63829848228303,178.67250144683115,181.03323362922586,48953900
793,2024-02-29,179.28746032714844,181.09274105155225,178.07733075339527,179.80325698202418,136682600
794,2024-03-01,178.20628356933594,179.06923911535185,175.94473341504965,178.0971730296413,73563100
795,2024-03-04,173.6831817626953,175.46860492728393,172.38376893378626,174.7246735635979,81510100
796,2024-03-05,168.74346923828125,170.6479317427376,168.24751498810025,169.37829007310003,95132400
797,2024-03-06,167.7515869140625,169.85444355498137,167.3151446841487,169.67589212668713,68587700
798,2024-03-07,167.63253784179688,169.34853532264208,167.12666995146384,167.78131806385875,71765100
799,2024-03-08,169.34854125976562,172.29451084245372,167.5730316278488,167.63254371875993,76267000
800,2024-03-11,171.35220336914062,172.96901916174485,170.65787040570808,171.54066841678448,60139500
801,2024-03-12,171.82830810546875,172.62183794587216,169.62626998762764,171.7489536078961,59825400
802,2024-03-13,169.7453155517578,171.78864474969012,169.37829909505535,171.37204497358655,52488700
803,2024-03-14,171.60018920898438,172.8995870640017,170.65787905831203,171.5109210667292,72913500
804,2024-03-15,171.22323608398438,171.22323608398438,168.91208752136302,169.78497182252738,121752700
805,2024-03-18,172.31434631347656,176.27206668827822,172.11596763998543,174.1493830977455,75604200
806,2024-03-19,174.65525817871094,175.18096849600929,171.62993409357304,172.92933186407737,55215200
807,2024-03-20,177.22430419921875,177.22430419921875,173.67326966604173,174.29817691484007,53423100
808,2024-03-21,169.98333740234375,176.05382709299283,169.4576271619808,175.61738497601507,106181300
809,2024-03-22,170.885986328125,171.6497600715003,168.68394836122502,170.37018969692022,71160100
810,2024-03-25,169.46759033203125,170.54876707334867,168.0789092110998,169.18985713490977,54288300
811,2024-03-26,168.33677673339844,170.03293157637614,168.20782380153534,168.6244235021846,57388400
812,2024-03-27,171.90765380859375,172.19531573949365,168.7335497446837,169.03112531152695,60273300
813,2024-03-28,170.0924530029297,170.83638432396197,169.13030061690222,170.36027251639132,65672700
814,2024-04-01,168.6542205810547,169.86435030206175,168.1086678157934,169.80483820681948,46240500
815,2024-04-02,167.47384643554688,167.9698007416,166.8687815767491,167.71190995116913,49329500
816,2024-04-03,168.2772979736328,169.29896268174932,167.2159635786926,167.42425592133577,47691700
817,2024-04-04,167.45399475097656,170.5289019190824,167.45399475097656,168.9120862737285,53704400
818,2024-04-05,168.20785522460938,169.01129873561936,167.5829479892356,168.21776886148135,42104800
819,2024-04-08,167.0869903564453,167.83092176064616,166.87869803905005,167.6622991252661,37425500
820,2024-04-09,168.29710388183594,168.70378997636425,166.98779260608748,167.33495148030394,42373800
821,2024-04-10,166.42239379882812,167.7217914097351,165.7578169724605,167.4341446269544,49709300
822,2024-04-11,173.6236572265625,174.040272115757,166.7993370367697,166.97787330186227,91070300
823,2024-04-12,175.12142944335938,176.91678120926676,172.80036744109194,172.84995075238103,101670900
824,2024-04-15,171.2926788330078,175.20080068867838,171.10421379905583,173.94107267383276,73531800
825,2024-04-16,168.0094757080078,172.35402488220237,166.9084566077323,170.360294137519,73711200
826,2024-04-17,166.64064025878906,169.2691919230274,166.64064025878906,168.23761366668208,50901200
827,2024-04-18,165.6883544921875,167.27541381405211,165.20232911554749,166.67034915031465,43122900
828,2024-04-19,163.66490173339844,165.05356757276493,162.7523477339115,164.86511767231858,68149400
829,2024-04-22,164.49807739257812,165.90658543557495,163.43674332676036,164.18067459044096,48116400
830,2024-04-23,165.5495147705078,165.69831011966792,163.58554027123327,164.01206877643943,49537800
831,2024-04-24,167.6523895263672,167.93012271313196,164.86512888648411,165.19244539313124,48251800
832,2024-04-25,168.5153350830078,169.2295104164757,166.78940883790665,168.15824741627387,50558300
833,2024-04-26,167.9301300048828,169.9536169013635,167.8110906801551,168.50543881254012,44838400
834,2024-04-29,172.09613037109375,174.60565774723543,171.69937301226366,171.9671774185786,68169400
835,2024-04-30,168.95176696777344,173.5740639461448,168.62443536523762,171.92749229774822,65934800
836,2024-05-01,167.9301300048828,171.31254198345843,167.74166494811112,168.20786320370715,50383100
837,2024-05-02,171.62991333007812,172.01675700988142,169.50722990892024,171.1141167118999,94214900
838,2024-05-03,181.8961639404297,185.48686744008484,181.1819886945406,185.13969345224513,163224100
839,2024-05-06,180.2397003173828,182.70954279745968,178.9601298757301,180.87452115240256,78569700
840,2024-05-07,180.92410278320312,183.40387401178498,179.8528549315395,181.965609726272,77305800
841,2024-05-08,181.26138305664062,181.58871471095884,179.98181248654907,181.37049360808004,45057100
842,2024-05-09,183.07655334472656,183.16582147443802,180.6364518520254,181.08280763590477,48983000
843,2024-05-10,181.81512451171875,183.84135574437508,180.9013327671207,183.6526350835399,50759500
844,2024-05-13,185.02333068847656,185.8378061410755,183.37452561798457,184.18900107058352,72044800
845,2024-05-14,186.1655731201172,187.029714327999,185.0332642686859,186.24503525163803,52393600
846,2024-05-15,188.44012451171875,189.36384333151435,186.1059718662387,186.6423374407049,70400000
847,2024-05-16,188.559326171875,189.81083584823088,188.3805477357399,189.18508101005293,52845200
848,2024-05-17,188.589111328125,189.52277241007562,187.90376371878457,188.23153932133224,41282900
849,2024-05-20,189.75120544433594,190.62527366658756,187.73490137733788,188.052749878466,44361300
850,2024-05-21,191.05239868164062,191.42982486744873,189.63203768676544,189.80088903544183,42309400
851,2024-05-22,189.61216735839844,191.51922822288097,188.9864276944718,190.97293553544338,34648500
852,2024-05-23,185.61927795410156,189.71147882549133,185.3709645001415,189.6916095055364,51005900
853,2024-05-24,188.6983642578125,189.2943226367172,186.771449342652,187.54620129756856,36327000
854,2024-05-28,188.70831298828125,191.69800175645932,187.82431762786635,190.21804799663707,52280100
855,2024-05-29,189.0062713623047,190.95305560689752,188.2315345598267,188.33086600869876,53068000
856,2024-05-30,189.99954223632812,190.88353764935988,189.34400614498344,189.47311885305376,49889100
857,2024-05-31,190.9530487060547,191.2708972062775,188.62883838261533,190.14851552916033,75158300
858,2024-06-03,192.72105407714844,193.67458449503022,191.22124613590765,191.5986723140291,50080500
859,2024-06-04,193.0388946533203,194.0023521144802,191.72779227719917,193.32693160548868,47471400
860,2024-06-05,194.54864501953125,195.571695368637,193.55539107625557,194.0818144537235,54156800
861,2024-06-06,193.16798400878906,195.17436081654608,192.86007777289478,194.36982770834507,41181800
862,2024-06-07,195.56173706054688,195.61140278095115,192.830289152661,193.33684312674475,53103900
863,2024-06-10,191.81716918945312,195.96897795846326,190.8537117900643,195.5716673445734,97010200
864,2024-06-11,205.75253295898438,205.762475197422,192.32375155853347,192.34360572370616,172373300
865,2024-06-12,211.6326141357422,218.7145040828182,205.50422428227435,205.97105482418652,198134300
866,2024-06-13,212.79470825195312,215.28776993558532,210.17251871917932,213.29133517221976,97862700
867,2024-06-14,211.05653381347656,213.71844708080008,209.87455920751867,212.40735976944958,70122700
868,2024-06-17,215.2083282470703,217.4729460060793,211.28497823555003,211.93058723086708,93728300
869,2024-06-18,212.8443603515625,217.15509356895643,211.56306955662498,216.12210108008887,79943300
870,2024-06-20,208.26547241210938,212.79472296910444,207.4410850045998,212.48680152632818,86172500
871,2024-06-21,206.0902557373047,210.4605668046439,205.71281440805072,208.9706859649803,241805100
872,2024-06-24,206.7358856201172,211.26512140596267,205.1963388988781,206.3187207615107,80727000
873,2024-06-25,207.65960693359375,209.95402109263304,207.20270345608853,207.73905391104032,55549700
874,2024-06-26,211.81138610839844,213.41052543273105,209.21899292189278,210.07319184959564,66213200
875,2024-06-27,212.65565490722656,214.28459061162127,210.91746067332394,213.2416710401095,49772700
876,2024-06-28,209.19912719726562,214.6123729638464,208.8812938369491,214.31439376890182,82542700
877,2024-07-01,215.28778076171875,216.0426482623776,210.4903626519942,210.65921399467373,60402900
878,2024-07-02,218.78402709960938,218.89328562800327,213.6489065767971,214.6918109818244,58046200
879,2024-07-03,220.0553741455078,220.0553741455078,217.55237042000067,218.51582778223576,37369800
880,2024-07-05,224.8130645751953,224.92232310094593,220.1547017635972,220.1547017635972,60412400
881,2024-07-08,226.2830810546875,226.31287745530616,221.74390405301608,225.55799489070097,59085900
882,2024-07-09,227.13729858398438,227.85244261706796,224.84288445944628,226.39235814584333,48076100
883,2024-07-10,231.4082794189453,231.50761086701095,227.70344677503346,227.75311249906628,62627700
884,2024-07-11,226.0347900390625,230.82226580227746,224.2469300453064,229.82901193417422,64710600
885,2024-07-12,228.9847412109375,231.07058040656065,227.13728840093884,227.37567478656334,53046500
886,2024-07-15,232.81871032714844,235.62962070976812,231.5175501306247,234.88468027763452,62631300
887,2024-07-16,233.2358856201172,234.67610072880163,230.76267797901863,233.41466404542834,43234300
888,2024-07-17,227.3359375,229.89853415546077,225.1110435034522,227.90208429219518,57345900
889,2024-07-18,222.66763305664062,228.88541164065143,220.7705297877149,228.72648739278685,66034600
890,2024-07-19,222.79678344726562,225.2699911539264,221.77373312637206,223.30335264411235,49151500
891,2024-07-22,222.44915771484375,226.24337986146955,221.58501648633228,225.47857008869346,48201800
892,2024-07-23,223.4920654296875,225.40905343076804,221.17778191166562,222.85638350906987,39960300
893,2024-07-24,217.06570434570312,223.2834835656707,215.66522784122517,222.48887740092556,61777600
894,2024-07-25,216.02279663085938,219.36013034825794,213.17214762576046,217.45306951901438,51391200
895,2024-07-26,216.4896240234375,218.0093012590926,214.55276681781487,217.22462220056258,41601300
896,2024-07-29,216.76773071289062,217.82057739339885,214.2945231128628,215.49636696784094,36311800
897,2024-07-30,217.32394409179688,218.84362126060284,214.66201590891492,217.71131248471113,41643800
898,2024-07-31,220.58181762695312,222.31008478832948,219.14160257039833,219.94613576688096,50036300
899,2024-08-01,216.8869171142578,222.96562598955987,215.5559605569344,222.85636745689294,62501000
900,2024-08-02,218.3767852783203,224.07806765618477,216.24129562954897,217.6715683981697,105568600
901,2024-08-05,207.85826110839844,212.0597211288106,194.67777677399005,197.74692788266515,119548600
902,2024-08-06,205.83200073242188,208.5733911865651,199.7135682482994,203.91502798694503,69660500
903,2024-08-07,208.40452575683594,212.1987475040528,204.9976572409954,205.50421123787663,63516400
904,2024-08-08,211.87100219726562,212.75499762550604,207.42122864939222,211.67235443417223,47161100
905,2024-08-09,214.78123474121094,215.31758519349225,210.5400362270979,210.66916408754707,42201600
906,2024-08-12,216.31259155273438,218.28150622882862,214.39340008618356,214.8607709437837,38028100
907,2024-08-13,220.03167724609375,220.64820259017597,217.7843155173404,217.7843155173404,44155300
908,2024-08-14,220.47915649414062,221.7818227179272,218.4704570730026,219.33559848009435,41960600
909,2024-08-15,223.46238708496094,224.08886623333987,221.51334927522385,223.34306350370605,46414000
910,2024-08-16,224.78492736816406,225.56056092969672,222.39834972442236,222.66684293368954,44340200
911,2024-08-19,224.62582397460938,224.72527040192085,221.791767703572,224.4567771868955,40687800
912,2024-08-20,225.24234008789062,225.89865006504533,224.18827476461456,224.50649118022673,30299000
913,2024-08-21,225.13296508789062,226.70412456960102,223.7905293550798,225.25230383574092,34765500
914,2024-08-22,223.2734375,227.06211276120644,222.6469583809866,226.51518775043243,43695300
915,2024-08-23,225.5705108642578,226.9427926991927,223.07456326985692,224.39712188969804,38677300
916,2024-08-26,225.90858459472656,226.00803101617393,222.6370036872603,225.490936936756,30602200
917,2024-08-27,226.7538299560547,227.569248113113,223.63140355832627,224.73519205544582,35934600
918,2024-08-28,225.22247314453125,228.57360836626125,224.41699349604747,226.64446298605537,38052200
919,2024-08-29,228.5039825439453,231.61647047641185,227.59908685526068,228.81226038667728,51906300
920,2024-08-30,227.7184295654297,229.1105885676507,226.20693181059323,228.9017723040151,52990800
921,2024-09-03,221.52330017089844,227.7184305167556,219.93224829880322,227.2709519194148,50190600
922,2024-09-04,219.61402893066406,220.53881694406624,216.2628786668988,220.41949337418052,43840200
923,2024-09-05,221.13548278808594,224.2181249188319,220.28029506440387,220.38968006999326,36615400
924,2024-09-06,219.58419799804688,223.97945984429646,218.54007124155592,222.69667077468378,48423000
925,2024-09-09,219.67369079589844,220.03167667908036,215.49719894103853,219.58419811845144,67180000
926,2024-09-10,218.87815856933594,220.24048653111632,215.5170698289156,217.69481595725216,51591000
927,2024-09-11,221.4138946533203,221.8414808899648,216.670585544778,220.22061344649163,44587100
928,2024-09-12,221.52330017089844,222.29893378586118,218.58981250678085,221.2548069431359,37455600
929,2024-09-13,221.25479125976562,222.78616606005667,220.66809680320824,222.32874892129448,36766600
930,2024-09-16,215.10939025878906,216.00434741371936,212.72281255665072,215.32814508742544,59357400
931,2024-09-17,215.57672119140625,215.68610617984226,213.29954392555678,214.54254826078727,45519300
932,2024-09-18,219.45492553710938,221.46362499015893,216.322545198334,216.33249894497217,59894900
933,2024-09-19,227.58914184570312,228.53383738270648,223.37288038958053,223.7308662842885,66781300
934,2024-09-20,226.92288208007812,231.78551472560144,226.34612621296694,228.68298057338347,318679900
935,2024-09-23,225.20257568359375,228.16589404695566,224.54626569168985,226.06770192621624,54146000
936,2024-09-24,226.0975341796875,228.06646416724695,224.4667129366972,227.37036953161189,43556100
937,2024-09-25,225.1031036376953,226.01795298892395,222.76626463924825,223.67116024502704,42308700
938,2024-09-26,226.24671936035156,227.2212306744308,224.14852708285537,226.02794934670587,36636700
939,2024-09-27,226.5151824951172,228.23551159576573,226.0279344568732,227.1814462394898,34026000
940,2024-09-30,231.69602966308594,231.69602966308594,228.3647716650959,228.75258844686658,54541900
941,2024-10-01,224.9440460205078,228.364781673884,222.48786790384585,228.23551952322458,63285000
942,2024-10-02,225.51083374023438,226.09752818761766,221.771881889721,224.62581519597003,32880600
943,2024-10-03,224.4070587158203,225.5406782135141,222.07021935855937,223.8800260213992,34044200
944,2024-10-04,225.53073120117188,226.72401244250622,222.87567550784985,226.6245660168141,37245100
945,2024-10-07,220.44931030273438,224.42692422983964,220.09132444235917,223.24358165878294,39505400
946,2024-10-08,224.50650024414062,224.71531649859696,222.00059897690352,223.0447257693685,31855700
947,2024-10-09,228.25538635253906,228.46421777631028,223.57175408478048,223.96950943919006,33591100
948,2024-10-10,227.75819396972656,228.21562630222516,225.89866409237993,226.50525089558744,28183500
949,2024-10-11,226.27655029296875,228.1261416619367,226.06771885321956,228.01675665509578,31759200
950,2024-10-14,230.0055389404297,230.43312517401645,227.32065245091678,227.42008369962844,39882100
951,2024-10-15,232.54127502441406,236.16090332060597,231.0695468532438,232.30261271123658,64751400
952,2024-10-16,230.48284912109375,230.8209426799016,228.55370384388218,230.30386376880503,34082200
953,2024-10-17,230.8507843017578,232.5412825211578,229.22991678936268,232.12361966628396,32993800
954,2024-10-18,233.68484497070312,234.8582339303053,232.70037994861724,234.8582339303053,46431500
955,2024-10-21,235.15655517578125,235.52449481958178,233.13791711516282,233.13791711516282,36254500
956,2024-10-22,234.54002380371094,234.89800969153723,231.29827366695753,232.5810475805218,38846600
957,2024-10-23,229.46856689453125,233.82405947286142,226.4853561254601,232.76999409553275,52287000
958,2024-10-24,229.27963256835938,229.52823345451665,227.131717270346,228.69292294524882,31109500
959,2024-10-25,230.1149444580078,231.91481257552053,228.2852454458818,228.4542922398222,38802300
960,2024-10-28,232.09378051757812,233.41633904858514,231.24854661133642,232.01424158684446,36087100
961,2024-10-29,232.36227416992188,233.01858415019296,231.0198384903425,231.79547204033784,35417200
962,2024-10-30,228.81227111816406,232.1634063461827,228.2653461113998,231.30821865562254,47070900
963,2024-10-31,224.64569091796875,228.5437506886065,224.10870454857795,228.0564875272545,64370100
964,2024-11-01,221.66250610351562,224.08885327131992,219.03728125399175,219.73336072670745,65276700
965,2024-11-04,220.7675323486328,221.5431659237015,218.48041626355018,219.7532516264011,44944500
966,2024-11-05,222.199462890625,222.69666464924057,219.90239319356397,220.558703156551,28111300
967,2024-11-06,221.4735565185547,224.80481443000403,219.95212032394844,221.36417152277414,54561100
968,2024-11-07,226.20692443847656,226.6046949785728,223.31322152292373,223.37288331058951,42137700
969,2024-11-08,225.93814086914062,227.63048374280507,225.39061415381417,226.1471868576639,38328800
970,2024-11-11,223.22042846679688,224.68381119249955,220.50272420052974,223.98696589218596,42005600
971,2024-11-12,223.22042846679688,224.5743058460154,222.354350392842,223.53899499841924,40398300
972,2024-11-13,224.1063995361328,225.62950954483912,221.75702475308145,223.00139666804327,48566200
973,2024-11-14,227.19247436523438,227.83954176018094,223.9869707245471,224.0068849307252,44923900
974,2024-11-15,223.98696899414062,225.89832264008,223.26025997018442,225.38065961406878,47923700
975,2024-11-18,226.99337768554688,228.70563485331775,224.15620331601912,224.2358449505769,44633700
976,2024-11-19,227.25218200683594,229.12372228231885,225.63948081886542,225.9580321395358,36211800
977,2024-11-20,227.96896362304688,228.89476915350485,224.87296529986398,227.03319339435467,35169600
978,2024-11-21,227.49111938476562,229.1237348668511,224.69377351516385,227.8494991340082,42108300
979,2024-11-22,228.83502197265625,229.68120098473537,227.0331737980822,227.0331737980822,38168300
980,2024-11-25,231.82151794433594,232.19981188776785,228.70562083004268,230.41787789282506,90152800
981,2024-11-26,234.00167846679688,234.50939199708804,232.2794717613211,232.2794717613211,45986200
982,2024-11-27,233.8722381591797,234.6288260383393,232.75728573526553,233.41431778082386,33498400
983,2024-11-29,236.26145935058594,236.73929396987336,232.91658663539664,233.75280101667178,28481400
984,2024-12-02,238.51126098632812,239.70585504150458,236.0922091638524,236.20171450499868,48137100
985,2024-12-03,241.5574951171875,241.66700046466846,237.82437898500294,238.73028547870095,38861000
986,2024-12-04,241.91587829589844,243.01093178619982,240.16380790150487,241.7765092325954,44383900
987,2024-12-05,241.94573974609375,243.43898620611924,241.03984843814553,242.8914746561807,40033900
988,2024-12-06,241.74664306640625,243.5285923470879,240.99007032901886,241.81633519239523,36870600
989,2024-12-09,245.63902282714844,246.1268220997756,240.66153502923254,240.74117665680967,44649200
990,2024-12-10,246.65443420410156,247.09245556004478,244.23536723926503,245.7783914922151,36914800
991,2024-12-11,245.38021850585938,249.67081089954078,245.15124311202538,246.84360125039836,45205800
992,2024-12-12,246.8435821533203,247.62006903646127,244.57383373711528,245.77839247075497,32777500
993,2024-12-13,247.01283264160156,248.16759835190283,245.13134272203925,246.70423080565516,33155300
994,2024-12-16,249.90969848632812,250.24817919808956,246.53496239648825,246.8734431082497,51694800
995,2024-12-17,252.33872985839844,252.68716009783537,248.655391740455,248.95404406138837,51356400
996,2024-12-18,246.9331817626953,253.13512753347695,246.62457993830327,251.02467749046986,56774100
997,2024-12-19,248.6653289794922,250.86538527206417,245.9774886038804,246.38564624934875,60882300
998,2024-12-20,253.34417724609375,253.8518755287198,244.58379575845774,246.92320588947405,147495300
999,2024-12-23,254.12066650390625,254.49894524760987,252.30885365268378,253.62291772369178,40858800
1000,2024-12-24,257.0375061035156,257.04744042152294,254.14058909817473,254.3397007808045,23234700
1001,2024-12-26,257.853759765625,258.9289141129315,256.47003399402934,257.0275101814573,27237100
1002,2024-12-27,254.439208984375,257.5352220874343,251.9206014592013,256.6691137206059,42355300
1003,2024-12-30,251.0644989013672,252.3586488565982,249.62103037787767,251.0943626150189,35557500
1004,2024-12-31,249.29251098632812,252.1396347735265,248.30696287880588,251.30342042234355,39480700
1005,2025-01-02,242.75210571289062,247.97846832553566,240.73124671787497,247.80922035937212,55740700
1006,2025-01-03,242.26431274414062,243.080612931882,240.80092995907523,242.26431274414062,40244100
1007,2025-01-06,243.89691162109375,246.21642284830082,242.10501290585998,243.2100158477468,45045600
1008,2025-01-07,241.11947631835938,244.44443460073458,240.263347789176,241.88599852058522,40856000
1009,2025-01-08,241.60726928710938,242.61273160476242,238.9692066706783,240.83078235887348,37628900
1010,2025-01-10,235.78363037109375,239.07872524452853,231.95095824677452,238.9293914792433,61710900
1011,2025-01-13,233.3446502685547,233.61343889555542,228.68572841435088,232.47857214721685,49630700
1012,2025-01-14,232.22967529296875,235.05688478727922,231.4233246799516,233.69305795736565,39435300
1013,2025-01-15,236.79901123046875,237.88411516800545,233.3744970274307,233.5835582088168,39832000
1014,2025-01-16,227.23228454589844,236.9383864807084,227.0033243432251,236.28136958651152,71759100
1015,2025-01-17,228.9445343017578,231.24413133243607,227.4512878984511,231.07489856287185,68488300
1016,2025-01-21,221.6375732421875,223.40955766052627,218.39225670760806,222.9914505136237,98070400
1017,2025-01-22,222.82223510742188,223.1109227348787,218.80041619812283,218.80041619812283,64126500
1018,2025-01-23,222.6529998779297,226.00782197454978,221.29912251598503,223.72813912330528,60234800
1019,2025-01-24,221.77694702148438,224.614121166801,220.4131202139208,223.76794215782238,54697900
1020,2025-01-27,228.82508850097656,231.10477141655377,222.9715575076631,223.01138591977585,94863400
1021,2025-01-28,237.187255859375,239.1085741517517,229.77080167884077,229.81063008981926,75707600
1022,2025-01-29,238.2823028564453,238.78005164957875,232.9563846938824,233.06589003597526,45486100
1023,2025-01-30,236.52027893066406,239.7058683175974,236.14200015946125,237.59541819689565,55658300
1024,2025-01-31,234.93743896484375,246.07705979363328,232.38896748106293,246.07705979363328,100959800
1025,2025-02-03,226.98341369628906,230.78622201033428,224.68381655532258,228.9545099800506,73063300
1026,2025-02-04,231.75186157226562,232.08037762753466,225.62954176239768,226.226846442903,45067300
1027,2025-02-05,231.42332458496094,231.62242106375825,227.24223776986636,227.50106167329415,39620300
1028,2025-02-06,232.16995239257812,232.74734282564026,229.39250557129796,230.24863411824003,29925300
1029,2025-02-07,226.60513305664062,232.946448173879,226.236788599926,231.55275755143822,39707200
1030,2025-02-10,226.8741912841797,229.80417456619486,226.42572786906877,228.7876615470872,33115600
1031,2025-02-11,231.82725524902344,234.42836130351915,227.35256634016287,227.4223198813819,53718400
1032,2025-02-12,236.06277465820312,236.15247950770552,229.89386689621963,230.41209906543347,45243300
1033,2025-02-13,240.70689392089844,241.514131106333,234.7672133917818,236.10264318513748,53614100
1034,2025-02-14,243.7664337158203,244.71319316935814,240.1687356269457,240.4278440984732,40896200
1035,2025-02-18,243.6368865966797,244.34445851454996,241.01584434943877,243.31796980618805,48822500
1036,2025-02-19,244.03550720214844,245.17162160901916,242.33134319523683,243.8262313730556,32204200
1037,2025-02-20,244.9922637939453,245.93902334816417,243.45750328110228,244.10529733899222,32316900
1038,2025-02-21,244.71319580078125,247.84249441981407,244.38431857946645,245.11182656230832,53197400
1039,2025-02-24,246.25791931152344,248.01191597096326,243.58704451830639,244.0953010258401,51326400
1040,2025-02-25,246.1981201171875,249.14803959700342,244.0753891604379,247.15485528022737,48013300
1041,2025-02-26,239.5408935546875,244.14514449402503,238.3150894487839,243.49736566903925,44433600
1042,2025-02-27,236.49131774902344,241.6337368385667,236.25213016109495,238.5941277716784,41153600
1043,2025-02-28,241.01583862304688,241.26498665715278,229.41550676334808,236.14250368420718,56833400
1044,2025-03-03,237.21881103515625,243.1983635012748,235.3053560708129,240.96599177281342,47184000
1045,2025-03-04,235.1259765625,239.25188262538288,233.88023638606123,236.89992456399492,53798100
1046,2025-03-05,234.93663024902344,235.7438674276595,228.44880585950324,234.61771347352882,47227600
1047,2025-03-06,234.5280303955078,237.04940729600818,232.3654272740836,233.64106399817908,45170400
1048,2025-03-07,238.2552947998047,240.54744460053885,233.95996981993864,234.30878315837532,46273600
1049,2025-03-10,226.70477294921875,235.35520052510583,223.45588808739058,234.73730306532093,72071200
1050,2025-03-11,220.08740234375,225.0703629938446,216.7089556312574,223.04728218644934,76137400
1051,2025-03-12,216.2405548095703,220.99430349899413,214.17761702040198,219.3897895710681,62547500
1052,2025-03-13,208.96542358398438,216.10102664759694,207.70972301630272,215.21406028960521,61368300
1053,2025-03-14,212.762451171875,213.22087501834247,208.86577244295887,210.53007941159925,60107600
1054,2025-03-17,213.27072143554688,214.48656508270392,209.25445626243933,212.58307041465437,48073400
1055,2025-03-18,211.96519470214844,214.4168029665515,210.76928711901598,213.43018643369246,42432400
1056,2025-03-19,214.50648498535156,218.0144781615262,213.0215573102422,213.48995680484757,54385400
1057,2025-03-20,213.37039184570312,216.74883872802718,211.49679368091097,213.2607660976187,48862900
1058,2025-03-21,217.52618408203125,218.09423372936246,210.55999911901452,210.8390437188948,94127800
1059,2025-03-24,219.977783203125,220.7252273230714,217.83511614199446,220.24686734420678,44299500
1060,2025-03-25,222.9875030517578,223.33631640181736,219.33001153042758,220.01766257627696,34493600
1061,2025-03-26,220.77505493164062,224.25316696482244,219.71866969932233,222.7483031053444,34466100
1062,2025-03-27,223.087158203125,224.22327264250706,219.80836152348044,220.63553483035878,37094800
1063,2025-03-28,217.1574249267578,223.04728822423488,216.93817343567548,220.91458161653458,39818600
1064,2025-03-31,221.37301635742188,224.8511131847691,215.49311362240712,216.27045427307317,65299300
1065,2025-04-01,222.42941284179688,222.9177332815032,218.15402384007052,219.06092638065368,36412700
1066,2025-04-02,223.1270294189453,224.42260233406006,220.2668146407477,220.5657953452804,35905900
1067,2025-04-03,202.49754333496094,206.78289223919597,200.56415230327434,204.8395255545537,103419000
1068,2025-04-04,187.738037109375,199.19884701911502,186.70157274086588,193.2292544699453,125910900
1069,2025-04-07,180.84161376953125,193.48835506739644,174.02491207450518,176.59612158290105,160466300
1070,2025-04-08,171.8323974609375,189.691324966831,168.63334553301246,186.06373055480245,120859500
1071,2025-04-09,198.17234802246094,199.926344669284,171.30421792842867,171.3640110222038,184395900
1072,2025-04-10,189.7710723876953,194.11621470149436,182.37636057603893,188.42568213047016,121880000
1073,2025-04-11,197.47471618652344,198.85997858079665,185.42592149027786,185.46579368960585,87435900
1074,2025-04-14,201.82984924316406,212.2143377637297,200.47448329230923,210.7194495182335,101352900
1075,2025-04-15,201.4511260986328,202.81645240683693,199.11910423874315,201.1720815277121,51343900
1076,2025-04-16,193.6079559326172,200.01603598224625,191.71442177543545,197.68401406478426,59732400
1077,2025-04-17,196.3087158203125,198.15241736523095,193.75744237056688,196.5279673080365,52164700
1078,2025-04-21,192.50173950195312,193.13955785695288,189.1631497833642,192.61136524453693,46742500
1079,2025-04-22,199.059326171875,200.9030125684292,195.3021694205859,195.45165216386687,52976400
1080,2025-04-23,203.9027557373047,207.29116289420588,202.10888686320854,205.29797863560773,52929200
1081,2025-04-24,207.65989685058594,208.11833592046503,202.248408894664,204.1917605029567,47311000
1082,2025-04-25,208.56680297851562,209.0352025034097,205.49729734578435,205.66671618569228,38222300
1083,2025-04-28,209.4238739013672,210.77923983434187,206.7530142372406,209.2843516085664,38743100
1084,2025-04-29,210.490234375,211.51672307140856,207.6599011161091,207.978817902887,36827600
1085,2025-04-30,211.7758331298828,212.8521544830753,205.96569903614,208.58674127234366,52286500
1086,2025-05-01,212.59304809570312,213.82881264887993,208.18809734114114,208.3674918385056,57365700
1087,2025-05-02,204.65020751953125,206.28461806468735,201.4710760745947,205.38767599056177,101010600
1088,2025-05-05,198.21221923828125,203.4044712176219,197.5345438511527,202.40787903175757,69018500
1089,2025-05-06,197.83351135253906,199.96621804369693,196.34859871285207,197.53454585917262,51216500
1090,2025-05-07,195.58120727539062,198.7603386318323,192.59143085844198,198.49125449640593,68536700
1091,2025-05-08,196.81698608398438,199.3682595147921,194.0165494128041,197.04619801698016,50478900
1092,2025-05-09,197.8534393310547,199.85658408831688,196.86680762308345,198.32183886048443,36453900
1093,2025-05-12,210.34713745117188,210.82613996616402,206.31563192374182,210.52676720097676,63775800
1094,2025-05-13,212.48263549804688,212.95164926547025,208.56089957562318,209.98788789546765,51909300
1095,2025-05-14,211.88389587402344,213.49051386836734,210.13757262915965,211.98367663769176,49325800
1096,2025-05-15,211.00575256347656,212.51258988469863,209.0997617101353,210.506803034962,45029500
1097,2025-05-16,210.81614685058594,212.12340739052024,209.3292870180407,211.9138418912236,54737900
1098,2025-05-19,208.3413543701172,209.0398806327114,203.83084657536088,207.47318710280226,46140500
1099,2025-05-20,206.42539978027344,208.03201787298204,204.5992426766309,207.23369558110693,42496600
1100,2025-05-21,201.6654052734375,206.60500227852873,200.28831500749223,204.73893602091724,59211800
1101,2025-05-22,200.9369354248047,202.32401437172413,199.28041949489233,200.2883071907537,46742400
1102,2025-05-23,194.85975646972656,197.28464391104225,193.05356158182016,193.26311186041877,78432900
1103,2025-05-27,199.78936767578125,200.31825293342968,197.01519441683536,197.88337691051132,56288500
1104,2025-05-28,199.99891662597656,202.30406088976383,199.48000488022652,200.16855762950956,45339700
1105,2025-05-29,199.5299072265625,203.38179807643976,198.09293019267844,203.15228556391767,51396800
1106,2025-05-30,200.4280242919922,201.53569281345096,196.36656797106642,198.95112277889336,70819900
1107,2025-06-02,201.27622985839844,201.70533435611304,199.69954757512772,199.85921507319503,35423300
1108,2025-06-03,202.84292602539062,203.34187550579085,200.53778186221837,200.92696184786135,46381600
1109,2025-06-04,202.39389038085938,205.80670326672896,201.67540185470463,202.48369763994597,43604000
1110,2025-06-05,200.20849609375,204.3198354061699,199.7294935749724,203.07246156364138,55126100
1111,2025-06-06,203.49156188964844,205.26782088834017,201.62549563553227,202.57349663849442,46607700
1112,2025-06-09,201.02676391601562,205.56720771427428,199.59977555964565,203.96058960802065,72862600
1113,2025-06-10,202.2441864013672,203.92066462184746,200.14860765917956,200.1785434107301,54672600
1114,2025-06-11,198.36236572265625,204.07034932786254,197.99314795828434,203.0724503091444,60989900
1115,2025-06-12,198.78147888183594,199.26046614106752,196.94534836583952,198.66173587371065,43904600
1116,2025-06-13,196.03726196289062,199.9490243445518,195.2888376882346,199.3103695725812,51447300
1117,2025-06-16,198.0031280517578,198.27256505925683,196.1470352061455,196.8854859861783,43020700
1118,2025-06-17,195.2289581298828,197.97318035709665,194.79986887227625,196.78567812068002,38856200
1119,2025-06-18,196.16697692871094,197.15490236836843,194.66015499959357,195.52832221137376,45394700
1120,2025-06-20,200.57769775390625,201.27622400422058,196.44639652864126,197.8235020126397,96813500
1121,2025-06-23,201.07666015625,201.87498244787415,198.54200324907936,201.20639190632414,55814300
1122,2025-06-24,199.87918090820312,203.0125832870988,199.77938491343542,202.16436301176623,54064000
1123,2025-06-25,201.13653564453125,203.2421033073339,200.19850807531137,201.0267661369261,39525700
1124,2025-06-26,200.57769775390625,202.2142514946699,199.04094000321476,201.00678701240994,50799100
1125,2025-06-27,200.65753173828125,202.7930349784745,199.57979899649257,201.4658274879402,73188600
1126,2025-06-30,204.7389373779297,206.95427439094752,198.84135059390303,201.58557286233471,91912800
1127,2025-07-01,207.3833770751953,209.74839282792448,205.70689884063935,206.23578409144605,78788900
1128,2025-07-02,211.99366760253906,212.8917706186518,207.7026988246806,208.47108532398713,67941800
1129,2025-07-03,213.10134887695312,214.19902871499423,211.36499901814886,211.70428104663077,34955800
1130,2025-07-07,209.50889587402344,215.77570049162512,208.36131809352125,212.23315593085263,50229000
1131,2025-07-08,209.5687713623047,210.98578616820197,208.01205130024096,209.658593847986,42848900
1132,2025-07-09,210.69639587402344,210.8859991217609,206.78463359109693,209.0897778625777,48749400
1133,2025-07-10,211.96372985839844,213.03147386855414,209.58872537016995,210.06771262581316,44443600
1134,2025-07-11,210.7163543701172,211.68431760849728,209.41908263784933,210.12759762046792,39765800
1135,2025-07-14,208.1816864013672,210.46688365912564,207.10395364435493,209.48893166698292,38840100
1136,2025-07-15,208.67066955566406,211.44482767792792,208.48106630115817,208.7804390594974,42296300
1137,2025-07-16,209.71847534179688,211.95375954691573,208.2016644692293,209.8581806046168,47490500
1138,2025-07-17,209.57875061035156,211.3550095983717,209.14964612579556,210.12759810142074,48068100
1139,2025-07-18,210.73631286621094,211.34503189230253,209.25942654413325,210.42696659875526,48974600
1140,2025-07-21,212.0335693359375,215.3266389893317,211.18536434566,211.65437808070223,51377400
1141,2025-07-22,213.94955444335938,214.49840197701596,211.78411528941558,212.69220709721728,46404100
1142,2025-07-23,213.7000732421875,214.69797228179937,211.9637386583707,214.54829351654996,46989300
1143,2025-07-24,213.31088256835938,215.2368355364858,213.08137006420023,213.45058781785585,46022600
1144,2025-07-25,213.43064880371094,214.7877920897316,212.95164630742312,214.24891808809048,40268800
1145,2025-07-28,213.6002960205078,214.39861831079742,212.61237047326716,213.5803337758995,37858000
1146,2025-07-29,210.8261260986328,214.3586818606333,210.37707459375494,213.73000061776605,51411700
1147,2025-07-30,208.6107940673828,211.94377315400357,207.28358653790625,211.454797150492,45512500
1148,2025-07-31,207.1339111328125,209.39913099136336,206.72476887181696,208.0519764228089,80698400
1149,2025-08-01,201.95481872558594,213.1312852679161,201.07666267114303,210.4269720875647,104434500
1150,2025-08-04,202.9227752685547,207.44325668811337,201.25627047720934,204.0803265791815,75109300
1151,2025-08-05,202.49366760253906,204.90858140720596,201.73526982787092,202.97265486934364,44155100
1152,2025-08-06,212.80197143554688,214.9275012748427,205.15806109322384,205.19798558200998,108483100
1153,2025-08-07,219.56771850585938,220.38600300495352,216.12496995802366,218.42014073215765,90224800
1154,2025-08-08,228.86814880371094,230.5146761138317,218.78936250198095,220.36604479784603,113854000
1155,2025-08-11,226.95997619628906,229.33767612130436,224.54232171734583,227.6992650180531,61806100
1156,2025-08-12,229.42758178710938,230.57647717809445,226.8500938879156,227.78917070894937,55626200
1157,2025-08-13,233.10403442382812,234.77241529044048,230.2068337695816,230.8462285986664,69878500
1158,2025-08-14,232.5545654296875,234.89229562265464,230.6264418350812,233.83332460758467,51916300
1159,2025-08-15,231.36570739746094,234.0531046408583,229.11788646444978,233.77337703316005,56038700
1160,2025-08-18,230.66639709472656,232.89423321308522,229.88715369469057,231.47561022214762,37476200
1161,2025-08-19,230.3367156982422,232.64447617946885,229.1278960385577,231.05601964615855,39402600
1162,2025-08-20,225.79110717773438,230.24679444121838,225.55134937034353,229.75726351111018,42263900
1163,2025-08-21,224.68218994140625,226.30063142153253,223.56327948127884,226.05087353353895,30621200
1164,2025-08-22,227.53941345214844,228.8681272027074,225.1916985271248,225.95095699429655,42477800
1165,2025-08-25,226.94000244140625,229.07792927219558,226.01089520624416,226.26065308481304,30983100
1166,2025-08-26,229.08792114257812,229.26775474756235,224.4724002828088,226.65028173376106,54575100
1167,2025-08-27,230.26678466796875,230.676376013076,228.03893336267103,228.38860049855515,31259500
1168,2025-08-28,232.33477783203125,233.18396075811214,229.11789497993007,230.59647266873003,38074700
1169,2025-08-29,231.91517639160156,233.15398096397084,231.145917853049,232.28481317583598,39418400
1170,2025-09-02,229.49752807617188,230.62643860177437,226.75019132336067,229.02798202980685,44075600
1171,2025-09-03,238.2390594482422,238.6186963224971,234.133039090421,236.98028515930878,66427800
1172,2025-09-04,239.5477752685547,239.66765417218173,236.51072617258424,238.21906152531412,47549400
1173,2025-09-05,239.45787048339844,241.08629675958926,238.25903569310344,239.76756781945676,54870400
1174,2025-09-08,237.64962768554688,239.91741830634814,236.11111057683257,239.06825064349684,48999500
1175,2025-09-09,234.123046875,238.5487492683241,233.13400016518182,236.77047435136637,66313900
1176,2025-09-10,226.5703582763672,232.19491077497392,225.73117543382176,231.96513778704139,83440800
1177,2025-09-11,229.80722045898438,230.22681187017153,226.43048902665416,226.66027725307507,50208600
1178,2025-09-12,233.84332275390625,234.28288383192944,228.79821036620638,228.9980136278554,55824200
1179,2025-09-15,236.47076416015625,237.95932665324483,234.80238330570734,236.77047667310174,42699500
1180,2025-09-16,237.9193572998047,240.98639147239973,236.09114297984144,236.9502954777413,63421100
1181,2025-09-17,238.75856018066406,239.86748583209587,237.4997706474641,238.73857528095925,46508000
1182,2025-09-18,237.64962768554688,240.9664044724694,236.4208079152849,239.737599946219,44249600
1183,2025-09-19,245.26223754882812,246.06146581163878,239.9773675285625,240.99636870073516,163741300
1184,2025-09-22,255.8319854736328,256.3914711896616,247.8797028858207,248.05953649140056,105517400
1185,2025-09-23,254.18359375,257.0907792625319,253.33442606621003,255.63220171436936,60275200
1186,2025-09-24,252.06564331054688,255.4923293909784,250.79686899703333,254.9728287261993,42303700
1187,2025-09-25,256.6212158203125,256.9209435623003,251.466224879955,252.96477212582877,55202100
1188,2025-09-26,255.2126007080078,257.3505275669758,253.5342198150173,253.8539172209246,46076300
1189,2025-09-29,254.18359375,254.75304905914027,252.76497075706976,254.31347273152574,40127700
1190,2025-09-30,254.38340759277344,255.67215158054225,252.8648753735947,254.61318058017173,37704300
1191,2025-10-01,255.20260620117188,258.53938316103813,254.6831055272507,254.7929996074261,48713900
1192,2025-10-02,256.8809814453125,257.9299523535748,253.9038565188199,256.33149581258533,42630200
1193,2025-10-03,257.7701110839844,258.9889308017334,253.70406057825727,254.42336451804394,49155600
1194,2025-10-06,256.44140625,258.819106172963,254.80299514816292,257.7401350456914,44664100
1195,2025-10-07,256.23162841796875,257.15072039039774,255.18262697514498,256.56129542181253,31955800
1196,2025-10-08,257.8100891113281,258.2696351050741,255.8619653198879,256.2715719294531,36496900
1197,2025-10-09,253.79396057128906,257.75013209688524,252.8948383011137,257.5603136690899,38322000
1198,2025-10-10,245.032470703125,256.13171175032437,243.76369637579657,254.69310389004832,61999100
1199,2025-10-13,247.42015075683594,249.44818352992385,245.32217845998096,249.13848619669534,38142900
1200,2025-10-14,247.53004455566406,248.60900042906025,244.46301046499008,246.36117950382103,35478000
1201,2025-10-15,249.09852600097656,251.5761352503302,247.2303418581919,249.24838988167792,33893600
1202,2025-10-16,247.21035766601562,248.79881419551728,244.8926123625184,248.00958596667436,39777000
1203,2025-10-17,252.045654296875,253.13461023404025,247.03052706557392,247.77980070207627,49147000
1204,2025-10-20,261.98602294921875,264.1239650925819,255.3824390623343,255.64218177653177,90483000
1205,2025-10-21,262.5155029296875,265.03308188579996,261.5764108568555,261.6263807259345,46695900
1206,2025-10-22,258.19970703125,262.5954395959732,255.18261234613632,262.3956210979312,45015300
1207,2025-10-23,259.3285827636719,260.36758405794774,257.76012648314656,259.68824995662277,32754900
1208,2025-10-24,262.56549072265625,263.87421967110856,258.9290010880386,260.93706434715574,38253700
1209,2025-10-27,268.5496520996094,268.8593494221352,264.3936774471076,264.6234656652487,44888200
1210,2025-10-28,268.7394714355469,269.6286240979669,267.8902885694659,268.7294713644567,41534800
1211,2025-10-29,269.4388122558594,271.1471476128123,266.85129379808274,269.01920560410514,51086700
1212,2025-10-30,271.13714599609375,273.87451306817263,268.2199910571769,271.72657092903916,69886500
1213,2025-10-31,270.108154296875,277.05143573891627,268.89933466249033,276.721738255342,86167100
1214,2025-11-03,268.7894287109375,270.5877038096653,265.9921525413924,270.15812755648943,50194600
1215,2025-11-04,269.7784729003906,271.22705027239556,267.36080327265466,268.0701070960229,49274800
1216,2025-11-05,269.8783874511719,271.43687417180433,266.67147434431234,268.3498399683747,43683100
1217,2025-11-06,269.50872802734375,273.1352174017799,267.6305743388968,267.6305743388968,51204000
1218,2025-11-07,268.2099914550781,272.02629915101613,266.51162568814635,269.5386899523433,48227400
1219,2025-11-10,269.42999267578125,273.7300109863281,267.4599914550781,268.9599914550781,41312400
1220,2025-11-11,275.25,275.9100036621094,269.79998779296875,269.80999755859375,46208300
1221,2025-11-12,273.4700012207031,275.7300109863281,271.70001220703125,275.0,48398000
1222,2025-11-13,272.95001220703125,276.70001220703125,272.0899963378906,274.1099853515625,49602800
1223,2025-11-14,272.4100036621094,275.9599914550781,269.6000061035156,271.04998779296875,47431300
1224,2025-11-17,267.4599914550781,270.489990234375,265.7300109863281,268.82000732421875,45018300
1225,2025-11-18,267.44000244140625,270.7099914550781,265.32000732421875,269.989990234375,45677300
1226,2025-11-19,268.55999755859375,272.2099914550781,265.5,265.5299987792969,40424500
1227,2025-11-20,266.25,275.42999267578125,265.9200134277344,270.8299865722656,45823600
1228,2025-11-21,271.489990234375,273.3299865722656,265.6700134277344,265.95001220703125,59030800
1229,2025-11-24,275.9200134277344,277.0,270.8999938964844,270.8999938964844,65585800
1230,2025-11-25,276.9700012207031,280.3800048828125,275.25,275.2699890136719,46914200
1231,2025-11-26,277.54998779296875,279.5299987792969,276.6300048828125,276.9599914550781,33431400
1232,2025-11-28,278.8500061035156,279.0,275.989990234375,277.260009765625,20135600
1233,2025-12-01,283.1000061035156,283.4200134277344,276.1400146484375,278.010009765625,46587700
1234,2025-12-02,286.19000244140625,287.3999938964844,282.6300048828125,283.0,53669500
1235,2025-12-03,284.1499938964844,288.6199951171875,283.29998779296875,286.20001220703125,43538700
1236,2025-12-04,280.70001220703125,284.7300109863281,278.5899963378906,284.1000061035156,43989100
1237,2025-12-05,278.7799987792969,281.1400146484375,278.04998779296875,280.5400085449219,47265800
1238,2025-12-08,277.8900146484375,279.6700134277344,276.1499938964844,278.1300048828125,38211800
1239,2025-12-09,277.17999267578125,280.0299987792969,276.9200134277344,278.1600036621094,32193300
1240,2025-12-10,278.7799987792969,279.75,276.44000244140625,277.75,33038300
1241,2025-12-11,278.0299987792969,279.5899963378906,273.80999755859375,279.1000061035156,33248000
1242,2025-12-12,278.2799987792969,279.2200012207031,276.82000732421875,277.8999938964844,39532900
1243,2025-12-15,274.1099853515625,280.1499938964844,272.8399963378906,280.1499938964844,50409100
1244,2025-12-16,274.6099853515625,275.5,271.7900085449219,272.82000732421875,37648600
1245,2025-12-17,271.8399963378906,276.1600036621094,271.6400146484375,275.010009765625,50138700
1246,2025-12-18,272.19000244140625,273.6300048828125,266.95001220703125,273.6099853515625,51630700
1247,2025-12-19,273.6700134277344,274.6000061035156,269.8999938964844,272.1499938964844,144632000
1248,2025-12-22,270.9700012207031,273.8800048828125,270.510009765625,272.8599853515625,36571800
1249,2025-12-23,272.3599853515625,272.5,269.55999755859375,270.8399963378906,29642000
1250,2025-12-24,273.80999755859375,275.42999267578125,272.20001220703125,272.3399963378906,17910600
1251,2025-12-26,273.3999938964844,275.3699951171875,272.8599853515625,274.1600036621094,21521800
1252,2025-12-29,273.760009765625,274.3599853515625,272.3500061035156,272.69000244140625,23715200
1253,2025-12-30,273.0799865722656,274.0799865722656,272.2799987792969,272.80999755859375,22139600
1254,2025-12-31,271.8599853515625,273.67999267578125,271.75,273.05999755859375,27293600
