Price,Date,Close,High,Low,Open,Volume
Ticker,,GOOGL,GOOGL,GOOGL,GOOGL,GOOGL
0,2021-01-04,85.65928649902344,87.4636464411681,84.71690581732847,87.34008358640446,37324000
1,2021-01-05,86.35005950927734,86.68651421531872,85.20123853878756,85.60766776688526,20360000
2,2021-01-06,85.49799346923828,86.54459001427169,84.16903787338767,84.37547823924433,46588000
3,2021-01-07,88.05169677734375,88.22438791932814,85.69053197050732,85.69053197050732,41936000
4,2021-01-08,89.21739196777344,89.29331822175078,87.4006138422846,88.191641679299,35484000
5,2021-01-11,87.15597534179688,88.54994580133611,86.9500347222767,88.18470162798775,34796000
6,2021-01-12,86.22004699707031,87.7321207860819,85.17544183594138,86.61357327213408,29528000
7,2021-01-13,86.70736694335938,87.16094060271311,85.71833405616691,85.71833405616691,23432000
8,2021-01-14,85.89698028564453,87.7147504644655,85.65629851518884,86.78774893221043,29212000
9,2021-01-15,85.73321533203125,86.72571621304921,84.94368675719375,85.80269009081528,31444000
10,2021-01-19,88.55439758300781,89.51563284416662,85.9917598088615,86.49644561395698,41660000
11,2021-01-20,93.2985610961914,94.27369142216018,90.29326846427877,90.63369100589752,64152000
12,2021-01-21,93.50102996826172,95.87955813281762,93.26580772759824,93.97247397752348,58634000
13,2021-01-22,93.91838073730469,94.50544439835653,93.12140106015978,93.86379288072814,32744000
14,2021-01-25,94.00373077392578,95.37041104765358,92.26090239757879,94.91981325917729,50586000
15,2021-01-26,94.6821060180664,95.06918077277226,93.10304122733542,93.59234042721772,31462000
16,2021-01-27,90.26497650146484,93.31840541043215,89.19009786238911,93.04249028584238,82512000
17,2021-01-28,91.96512603759766,93.69157551311149,90.86344956448809,90.86344956448809,55278000
18,2021-01-29,90.68282318115234,91.68425930662701,89.40250361723265,91.0133261797353,44530000
19,2021-02-01,93.94368743896484,95.0587592331075,91.53786168051741,91.53786168051741,40252000
20,2021-02-02,95.23641967773438,96.7375742923494,94.60369579708804,94.93916613642043,66332000
21,2021-02-03,102.1720199584961,104.54112080046828,99.92251415054169,102.50599859407848,97882000
22,2021-02-04,101.91148376464844,102.68910130885799,100.99192568967557,102.25835779899022,48596000
23,2021-02-05,103.65828704833984,104.01112041342323,101.73134861128602,102.20576092112387,29866000
24,2021-02-08,103.44440460205078,104.95697814818854,102.39384771098673,104.2126024166411,28828000
25,2021-02-09,102.9913330078125,104.13866240440814,102.72385326200276,102.96205138124002,21892000
26,2021-02-10,103.54166412353516,104.15701742365931,101.84250453722669,103.37591665062041,25102000
27,2021-02-11,103.6543197631836,103.91484823820412,102.66727833879833,103.76597915086751,20480000
28,2021-02-12,103.9659652709961,104.1877847485389,102.90100612778934,103.20868656852795,18990000
29,2021-02-16,104.74359130859375,106.45267806427309,103.80319453901487,103.80319453901487,31004000
30,2021-02-17,105.13661193847656,105.3261814870926,103.63446540978451,103.91384859595338,20294000
31,2021-02-18,104.50091552734375,105.30385447020758,103.88159440474723,104.46072238989566,22546000
32,2021-02-19,103.65729522705078,105.13463539467114,103.39031525447268,104.59918372977481,37938000
33,2021-02-22,101.9427490234375,103.23647893744953,101.63210028023519,101.9099993387489,29466000
34,2021-02-23,102.23355102539062,102.84791239328172,98.76525719424058,99.94435185295079,34658000
35,2021-02-24,103.40917205810547,103.63298302888079,100.61627889516991,100.74083370987653,22608000
36,2021-02-25,100.04161071777344,103.36897091511271,99.57215821309238,102.02562057484711,41548000
37,2021-02-26,100.3373794555664,102.05490166561077,99.30021775417421,100.7363652714973,40042000
38,2021-03-01,102.70697021484375,103.03300560280509,100.95818263525662,101.63209158055665,26060000
39,2021-03-02,102.44990539550781,103.9515596460138,102.06233848325012,102.46776816920251,25564000
40,2021-03-03,99.81631469726562,103.02109639925452,98.95233642673433,101.82811444002907,33892000
41,2021-03-04,100.93387603759766,102.95162763201309,99.51955914782164,99.98801971974596,49216000
42,2021-03-05,104.06719207763672,104.52026594581169,100.62867233193391,102.28466284780541,53100000
43,2021-03-08,99.62228393554688,104.89444552557276,99.50764868129858,103.42158052102567,36868000
44,2021-03-09,101.2529525756836,102.4221200060807,101.01673839596404,101.71893700927107,33920000
45,2021-03-10,101.04602813720703,102.29707365898807,100.20934752586386,102.29707365898807,27100000
46,2021-03-11,104.2394027709961,104.77187858733713,102.05143601644393,102.13927332403148,27702000
47,2021-03-12,101.7313461303711,103.10149446258991,100.85893998678274,103.04194682941647,33818000
48,2021-03-15,101.9516830444336,101.97897318600187,100.62917885594194,101.48223051757223,26168000
49,2021-03-16,103.41314697265625,104.89147154660814,102.1923674371934,102.52485435636942,31900000
50,2021-03-17,103.33026885986328,104.16297408675445,101.43955571786044,102.64792444093051,26382000
51,2021-03-18,100.30908966064453,102.66181170828624,100.20189786741744,101.64102114164612,31700000
52,2021-03-19,100.58797454833984,101.08819279011651,99.39548485155339,100.72543991257257,46072000
53,2021-03-22,100.77308654785156,101.64896832220467,99.94484136557821,100.62123402558689,33536000
54,2021-03-23,101.30109405517578,102.43155255458386,100.6395958801365,101.23261124865263,28510000
55,2021-03-24,100.86439514160156,102.60473976614479,100.68921273652307,101.81867923928972,25218000
56,2021-03-25,100.86093139648438,101.51498617081897,99.05606400581422,100.6917082778307,35616000
57,2021-03-26,100.47732543945312,101.20482275574092,99.44114815336599,100.82767512282554,27978000
58,2021-03-29,101.52242279052734,101.6921456617526,99.52055008099022,100.34978722521926,26492000
59,2021-03-30,101.5561752319336,102.3600985997057,101.04404587909158,101.87923478436586,27312000
60,2021-03-31,102.35265350341797,103.53075620217572,101.58247178886016,101.94969987021643,42570000
61,2021-04-01,105.69043731689453,105.98669892569983,103.78732089156456,103.82801379599191,39880000
62,2021-04-05,110.1159896850586,110.61373186270573,106.45614255746916,106.55241526747184,48510000
63,2021-04-06,109.63463592529297,110.56461342527915,109.26393976837547,109.71701369040595,35240000
64,2021-04-07,111.11197662353516,111.3834241955768,109.82519791468398,109.82519791468398,24134000
65,2021-04-08,111.67770385742188,112.73769574092296,111.30948379590893,112.35111313829853,28664000
66,2021-04-09,112.6821060180664,112.84586958165409,111.02413150339015,111.43006856726271,26146000
67,2021-04-12,111.38937377929688,111.99826800652428,110.5556690671648,111.86081020287733,25024000
68,2021-04-13,111.8761978149414,112.32481171879675,111.31146450496534,111.70549055106234,25682000
69,2021-04-14,111.2548828125,112.52131494179199,110.96259662557597,112.52131494179199,21002000
70,2021-04-15,113.4056396484375,113.93911498034575,111.71442319637966,112.24938267586431,29174000
71,2021-04-16,113.28157806396484,113.85177090924829,112.69451439811739,113.60364566317921,26282000
72,2021-04-19,113.62944793701172,114.34057420260662,112.65779320044837,112.65779320044837,30290000
73,2021-04-20,113.09597778320312,114.08797894990056,112.00968781654448,114.01304464501652,22288000
74,2021-04-21,113.06322479248047,113.14510278510481,111.39929103374098,112.75058458537109,23204000
75,2021-04-22,111.78140258789062,113.58576995945398,111.17597645061205,112.91682079811619,24146000
76,2021-04-23,114.13414001464844,114.44132071147847,112.2146449476843,112.49998747236313,29066000
77,2021-04-26,114.63038635253906,115.35491539207553,114.0046137037265,114.36191465854154,32038000
78,2021-04-27,113.68999481201172,115.05319189753914,113.45079717646414,115.01249899515436,44386000
79,2021-04-28,117.06747436523438,120.65734705575763,116.77865622813731,118.72792498547076,81106000
80,2021-04-29,118.7408218383789,119.3065470422006,117.80240903725968,118.56564700649055,41234000
81,2021-04-30,116.79254913330078,118.19941495111625,116.44815119189317,117.51310274370631,44856000
82,2021-05-03,116.27546691894531,118.18454274219685,115.89931120316318,117.35878114469558,28242000
83,2021-05-04,114.4765396118164,115.37772756393409,111.98784395750256,114.81001845371823,44818000
84,2021-05-05,114.87057495117188,115.87448718948492,114.54850735953089,115.55837890460862,26636000
85,2021-05-06,115.99110412597656,115.99110412597656,113.7922184104356,114.45173268147272,25190000
86,2021-05-07,116.71463012695312,117.67338940045705,116.42829567342216,117.30815282057624,28898000
87,2021-05-10,113.72820281982422,115.67598742632394,113.37040211218113,115.5340544612841,30914000
88,2021-05-11,112.6518325805664,113.15900213602517,110.8583841691217,111.31245758968727,34186000
89,2021-05-12,109.18750762939453,111.5561162328278,108.85849635134446,110.47478602478672,46376000
90,2021-05-13,110.6162109375,111.13230806057291,109.5085750545865,110.47130211457284,33204000
91,2021-05-14,113.06471252441406,113.37933665290709,111.65635497248752,112.08015480939481,31996000
92,2021-05-17,113.58775329589844,113.63043010621978,111.92977890258439,112.32975663054633,21598000
93,2021-05-18,112.27517700195312,114.51873100821115,112.26128204938492,114.2542271454535,22204000
94,2021-05-19,112.7232894897461,112.89648041648023,110.43756603914663,110.58594292832795,23684000
95,2021-05-20,114.48250579833984,114.73310713657823,113.31978979628988,113.69098569300493,32352000
96,2021-05-21,113.84629821777344,115.07502083676242,113.60660840966908,115.00157068390298,40632000
97,2021-05-24,117.1667251586914,117.39052855183634,114.73112544261134,114.87652646965049,31832000
98,2021-05-25,117.25753021240234,118.30610310206922,116.86697983991921,117.71060408228924,22440000
99,2021-05-26,118.12300872802734,118.55375229526585,117.4356969215563,117.43867278904202,21572000
100,2021-05-27,117.24810028076172,118.5567094048752,116.92950835001406,118.5567094048752,35224000
101,2021-05-28,116.95878601074219,117.91257792108246,116.76028885976044,117.83069992865224,21482000
102,2021-06-01,118.1661605834961,118.39096348703528,116.83124568620666,117.83168978545551,23354000
103,2021-06-02,117.64064025878906,118.7844939306939,116.73596907023163,118.5616749306312,21158000
104,2021-06-03,116.49877166748047,116.96723225649065,115.60254339356483,116.4069665373418,18696000
105,2021-06-04,118.78101348876953,119.05196883289784,117.2346984558086,117.57512855840817,24458000
106,2021-06-07,119.21424102783203,119.32391649428946,118.15723274018627,118.5760652036421,24120000
107,2021-06-08,119.02268981933594,120.06878661423825,118.84106348764917,119.69610658561207,24240000
108,2021-06-09,119.49413299560547,119.73927477924008,118.94627056496574,119.66732391656954,17942000
109,2021-06-10,120.84342956542969,120.8866061388171,119.28768721444555,119.44350754541122,25904000
110,2021-06-11,120.5987777709961,121.17045467404697,120.04098824678405,121.08510105666892,21958000
111,2021-06-14,121.52727508544922,121.52776727722208,119.99336321142542,120.7010138258984,22098000
112,2021-06-15,120.50897216796875,121.85479867979801,120.1481955864892,121.5317391337335,21562000
113,2021-06-16,119.8668212890625,120.97197359175446,118.57409090880724,120.66032532200343,26472000
114,2021-06-17,120.83053588867188,121.603693441412,119.59636123311135,119.7923822856336,25842000
115,2021-06-18,119.21028900146484,120.69109729937942,119.11500823804992,120.45686700018894,46116000
116,2021-06-21,120.8990249633789,121.08511889610858,118.99937664421553,119.59686719825068,27414000
117,2021-06-22,121.41313934326172,121.48212191742986,120.15614205708611,120.83699476359857,22390000
118,2021-06-23,121.2111587524414,122.17239413660434,120.92085647379636,121.17790930527332,19148000
119,2021-06-24,121.58135986328125,122.13269035567586,121.382862712785,121.77985701377752,21362000
120,2021-06-25,121.58979797363281,121.71336839672355,120.65337662784323,121.08511210446201,34594000
121,2021-06-28,121.61710357666016,121.86423686669397,120.49508042755512,121.75852921191957,28526000
122,2021-06-29,121.3555679321289,122.09845947524772,120.77843143323554,121.750585903445,23108000
123,2021-06-30,121.1739501953125,121.34019744310686,120.44446136096889,121.07966138959465,24474000
124,2021-07-01,121.52627563476562,121.66770125283853,120.62012034809396,120.81216599383819,18110000
125,2021-07-02,124.31818389892578,124.46358492049245,122.13666881147289,122.22649002373326,25982000
126,2021-07-06,125.24369049072266,125.47990467415667,123.64823954552753,124.7062473785761,26404000
127,2021-07-07,125.52555847167969,126.32948178151617,125.20696652930476,126.20840260771347,24060000
128,2021-07-08,124.10628509521484,124.6536477834332,123.09195356628405,123.0959213892183,23790000
129,2021-07-09,124.57723236083984,124.7916083872216,123.61748109045698,124.08743338198082,18632000
130,2021-07-12,126.02330780029297,126.11660464739363,124.66903830023149,125.23178767794647,17668000
131,2021-07-13,126.38655090332031,127.09717735782496,125.72455299411631,126.0858217415927,19240000
132,2021-07-14,127.27532958984375,128.35666725001767,126.95524594909692,126.99842252215028,23742000
133,2021-07-15,126.05257415771484,127.73486288138461,125.58113774435483,127.6842504239584,24218000
134,2021-07-16,126.0178451538086,126.8530340257524,125.20747031972039,126.70564909050017,20424000
135,2021-07-19,123.6437759399414,125.25857376045805,122.57881687574903,125.14393851701688,27968000
136,2021-07-20,125.26304626464844,126.09029189296702,123.4179859291458,124.5861538619806,26312000
137,2021-07-21,126.59249877929688,126.63914341310972,125.07843365340196,125.18760935637495,20746000
138,2021-07-22,127.45846557617188,127.51951250736204,126.54289033541318,126.88530440492686,14302000
139,2021-07-23,132.01751708984375,132.3986401311124,128.82712984161756,129.4523951600972,41506000
140,2021-07-26,133.0298614501953,133.23034251225275,131.3093559344711,132.32866235257328,30572000
141,2021-07-27,130.910888671875,133.39115703132677,129.12836663588544,133.24377207224154,54710000
142,2021-07-28,135.0734100341797,137.25989239813106,134.26303523992692,135.28977752970368,95130000
143,2021-07-29,134.75930786132812,135.63618169208738,134.52656927251087,135.1290120798476,31716000
144,2021-07-30,133.71617126464844,134.28983968101215,133.24821049206028,134.02235996691988,25576000
145,2021-08-02,133.84323120117188,134.3216113441576,132.79068281831607,134.10375968033432,21634000
146,2021-08-03,134.6129150390625,134.71413996372158,132.31974039561504,134.1216167474908,20762000
147,2021-08-04,134.11221313476562,134.63228577945947,133.47849717375072,134.3345324156283,19676000
148,2021-08-05,135.229736328125,135.32750833169953,133.83477396423808,134.66301914321753,17870000
149,2021-08-06,134.7205810546875,135.4490854531946,134.19605607043894,135.02181756289275,20488000
150,2021-08-09,135.8862762451172,136.15525526849018,134.32457443388773,134.92306449777362,17760000
151,2021-08-10,135.78109741210938,136.7393570510602,135.3419108529695,136.31207396210945,19414000
152,2021-08-11,135.2570343017578,136.6499975345085,135.2495832758659,136.15276271111506,15352000
153,2021-08-12,136.16517639160156,136.27038427949398,134.4099447510758,134.95580816135285,16506000
154,2021-08-13,136.69467163085938,136.82271722045272,136.00539109097147,136.22075907791498,15948000
155,2021-08-16,137.27230834960938,137.3249198670096,134.2843860879526,136.4936912096848,22384000
156,2021-08-17,135.63665771484375,137.2286329994701,135.06150515244326,136.7169958893501,21716000
157,2021-08-18,134.4332733154297,136.0763610262698,134.30672701456993,135.47638678008008,19258000
158,2021-08-19,134.6625213623047,135.32997885564367,133.2432522758854,133.42736229214302,21782000
159,2021-08-20,136.39891052246094,136.52247337439283,134.23575039027023,134.9801260855952,31194000
160,2021-08-23,138.9913330078125,139.8180789523817,136.57557987363364,136.93486475189124,28454000
161,2021-08-24,140.20217895507812,141.01453771679073,139.2860964529623,139.55704424673573,19268000
162,2021-08-25,141.01353454589844,141.12321001802496,140.31581862814912,140.56294433294897,15848000
163,2021-08-26,140.37982177734375,141.34948492640603,140.29693668933822,140.6869948524426,20610000
164,2021-08-27,142.9241180419922,143.42880397436727,140.43591417092568,140.59025038508423,28780000
165,2021-08-30,143.50624084472656,144.87589731072524,143.0819411409684,143.31716343453203,24434000
166,2021-08-31,143.61241149902344,144.08285601526092,143.19904608984555,144.0585493114056,22448000
167,2021-09-01,144.1265106201172,145.15722071865454,143.7969996028531,143.91262680281687,21936000
168,2021-09-02,142.21249389648438,144.4282505704674,142.1112538267308,144.12702918117816,32342000
169,2021-09-03,142.6615753173828,143.07395626316057,141.33261222025337,142.00752066125906,19850000
170,2021-09-07,143.19854736328125,143.4809140278703,142.54200890024745,142.7558927513599,20124000
171,2021-09-08,142.6134490966797,143.3171319106359,141.92763663073742,143.01939373948818,18344000
172,2021-09-09,142.46458435058594,143.22831458600484,142.10381533079317,142.76183791118086,15314000
173,2021-09-10,139.81954956054688,143.63323266843653,139.68258396569115,143.13101539105872,36840000
174,2021-09-13,141.26513671875,141.87799874708952,140.1907502683079,140.88499809629892,22094000
175,2021-09-14,141.4755401611328,142.28791402642847,140.68700352159263,141.9231620681561,19674000
176,2021-09-15,143.346435546875,143.3672741920818,140.28754656710873,141.7008640719296,27408000
177,2021-09-16,142.53306579589844,143.21789389256512,141.33363224313416,142.871012257135,26190000
178,2021-09-17,139.744140625,142.37426215695461,139.4166134851855,141.95791332781604,53384000
179,2021-09-20,137.67922973632812,137.95762854767855,135.29971724995474,137.12541555299168,46518000
180,2021-09-21,137.99038696289062,138.961549489437,137.24104391217074,138.70150564295537,25332000
181,2021-09-22,139.23150634765625,139.83048106126535,137.51249995610252,138.25935937751655,25056000
182,2021-09-23,140.15701293945312,140.63390890331934,139.34862203265052,139.9302261163697,20952000
183,2021-09-24,141.1485137939453,141.26315661492927,139.18931795972466,139.48458758729717,22984000
184,2021-09-27,140.01409912109375,140.87410203574274,139.01713059177794,139.74860330168596,21882000
185,2021-09-28,134.8114013671875,138.0534004027572,134.34492472467014,137.61521342871015,45772000
186,2021-09-29,133.34597778320312,136.1224998181307,132.86114615387476,135.952776944704,30848000
187,2021-09-30,132.67355346679688,134.5260573598816,132.5544581975898,133.25467295688009,37996000
188,2021-10-01,135.51905822753906,135.88381020641216,133.06757963803923,133.4392677350906,35360000
189,2021-10-04,132.6571807861328,134.94092038251742,130.06725246602704,134.94092038251742,51202000
190,2021-10-05,135.00296020507812,136.195457682752,133.03582852986017,133.03582852986017,32404000
191,2021-10-06,136.53338623046875,136.71699647050733,133.54099667756023,133.73949382505162,24364000
192,2021-10-07,138.18096923828125,138.9918439552087,137.6112685285456,137.85045862396706,25110000
193,2021-10-08,138.7372589111328,139.2786547710328,138.17350997032952,138.53031118041213,26526000
194,2021-10-11,137.87229919433594,139.65682029056288,137.81770375879188,138.24747054655032,17954000
195,2021-10-12,135.42578125,138.46084813693733,134.74193748410298,138.43404261228585,36332000
196,2021-10-13,136.55026245117188,136.96512710925458,135.49523045857015,136.37210417426144,19654000
197,2021-10-14,140.09249877929688,140.27759317448889,137.78393763383104,138.4280727926186,31894000
198,2021-10-15,140.30789184570312,140.65527328868853,139.69949727298308,140.55254906130295,30274000
199,2021-10-18,141.707275390625,141.7251457353719,140.01159169518291,140.01854295640226,20396000
200,2021-10-19,142.16287231445312,142.58518805329703,141.53065568841217,142.3122411781201,20164000
201,2021-10-20,140.70587158203125,142.4695538565035,140.3163131219319,142.2631058944433,23288000
202,2021-10-21,140.82199096679688,141.08997046295738,139.44638307898973,140.70586399440023,26292000
203,2021-10-22,136.5348663330078,139.52873994465847,135.03569573391266,138.10648755585106,50588000
204,2021-10-25,136.41627502441406,136.9651218337323,134.40843556139117,136.51849946532073,34412000
205,2021-10-26,138.26380920410156,139.0324915543169,137.26734051447318,138.21914848241224,49236000
206,2021-10-27,145.1210174560547,147.53527135391386,138.35960422116113,138.35960422116113,85782000
207,2021-10-28,144.75526428222656,146.05445366795587,143.54242804880974,146.03113135042497,36206000
208,2021-10-29,146.93582153320312,147.130350898697,143.56479194555195,143.9900759970739,43320000
209,2021-11-01,142.42091369628906,146.93581200680188,142.15145003137462,146.93581200680188,46924000
210,2021-11-02,144.3418731689453,145.5095488289708,143.25309962931374,143.49527310478769,33482000
211,2021-11-03,145.4986572265625,145.5691239438991,143.50670412146945,144.8063781414798,27494000
212,2021-11-04,147.15562438964844,148.61063405572054,145.21081578710826,146.02119056573684,38412000
213,2021-11-05,147.7357635498047,149.20019319950708,147.08567660753985,148.05087231856265,38354000
214,2021-11-08,147.9134063720703,149.48552742281953,147.31740001470018,148.70144323665562,23052000
215,2021-11-09,147.8017578125,148.71088906033273,146.14079981403162,148.11389827574533,19530000
216,2021-11-10,144.7994384765625,146.95963047439804,143.45361947712578,146.3938976345835,29970000
217,2021-11-11,144.67337036132812,146.42911672786738,144.50861485628576,145.39095562609714,16518000
218,2021-11-12,147.56304931640625,147.73377171558494,144.3205504253786,145.5160161174187,22360000
219,2021-11-15,147.33872985839844,148.42800315960721,146.4683077163778,147.78386805797064,23508000
220,2021-11-16,146.76705932617188,147.64690125348622,146.2077780831521,147.03850684850835,18904000
221,2021-11-17,146.93679809570312,147.44545184821902,146.13585811864922,146.91744359855497,19594000
222,2021-11-18,148.71484375,149.45128376291623,146.77550224440623,147.1298197269716,35608000
223,2021-11-19,147.8096923828125,149.83440281847206,147.78240224110786,148.850821889898,33682000
224,2021-11-22,145.20486450195312,148.7059076930002,145.05152784228244,148.2126406962462,30594000
225,2021-11-23,144.68875122070312,145.5601728711178,143.03426011932322,145.05697120311882,27218000
226,2021-11-24,145.02423095703125,145.1527611600918,143.29033776996786,144.38257946964197,18040000
227,2021-11-26,141.1167755126953,143.47346574331712,140.7788290261977,143.26603338725357,30470000
228,2021-11-29,144.4391632080078,145.2004097478787,142.81443053508832,142.92013818734432,32596000
229,2021-11-30,140.8334197998047,144.90514856073972,140.53963428895196,143.9210829537651,42068000
230,2021-12-01,139.99375915527344,144.85602381982557,139.85530937917687,142.92015005272097,34020000
231,2021-12-02,141.8938751220703,142.78563565182435,139.1629985850342,140.1907403286436,29194000
232,2021-12-03,140.93661499023438,143.31712699642003,139.24886668872693,142.60352464934857,41230000
233,2021-12-06,142.08145141601562,142.77371527498664,139.09898165315073,141.96780813545473,30618000
234,2021-12-07,146.16513061523438,146.42467472211027,144.138436129141,144.5046722790173,32240000
235,2021-12-08,147.07522583007812,147.2801896212736,145.30809084120318,146.48965394073545,24270000
236,2021-12-09,146.53134155273438,147.9818836126796,146.0117688087392,146.48419715632372,23270000
237,2021-12-10,146.89163208007812,147.86031099599933,145.60386142739566,147.58489560327317,24458000
238,2021-12-13,144.73294067382812,146.86036006274796,144.42625220003177,146.67326661525007,27070000
239,2021-12-14,142.8278350830078,143.3965362015146,140.15602113354242,142.88838224618928,38446000
240,2021-12-15,145.34283447265625,145.6207335434512,140.61555168516296,142.33357371721698,36370000
241,2021-12-16,143.36178588867188,146.56954315606276,142.53005761489555,146.0668412565775,33650000
242,2021-12-17,140.66220092773438,142.75587874027252,140.24038500191537,141.43138309383306,50416000
243,2021-12-20,140.5450897216797,140.71134455015442,138.27623682243168,138.9501458780245,27192000
244,2021-12-21,142.39659118652344,142.79011743592406,139.4488622569165,140.9882260878411,28756000
245,2021-12-22,145.3170166015625,145.4013858438992,141.9946312572679,141.9946312572679,26322000
246,2021-12-23,145.81475830078125,147.1318028392247,145.35373364931638,145.40137781045914,26384000
247,2021-12-27,146.79733276367188,147.23155191988448,146.06586006399732,146.15171345394464,15976000
248,2021-12-28,145.58697509765625,147.18688605386762,144.95922615738593,147.12435498406532,18200000
249,2021-12-29,145.5552215576172,146.31151586245565,144.5552847534047,145.54480223641073,17788000
250,2021-12-30,145.10415649414062,146.19541398986445,144.89970756909142,145.5939555410993,15688000
251,2021-12-31,143.7657470703125,145.59839661195713,143.7657470703125,144.9547612243931,18136000
252,2022-01-03,143.90420532226562,144.75725699875156,142.6352894390565,143.96722101651818,28646000
253,2022-01-04,143.316650390625,145.38650621065128,142.6387735560891,144.30566816404834,28400000
254,2022-01-05,136.74180603027344,143.41588090539815,136.65546802283728,143.33697877967595,54618000
255,2022-01-06,136.7145233154297,138.89058651246134,135.5344442800259,135.97114712472833,37348000
256,2022-01-07,135.98948669433594,137.41025492629657,134.74836087315734,137.10951820455404,29760000
257,2022-01-10,137.6295928955078,137.77847711136317,132.16588595061782,134.0650342896381,44408000
258,2022-01-11,138.68809509277344,139.16450641786577,135.6674310302053,136.97207234315368,28730000
259,2022-01-12,140.36990356445312,141.53857889929625,139.63943036795163,140.09150474264098,26108000
260,2022-01-13,137.5477294921875,141.77876136551572,137.37105536435357,140.47857244926956,31436000
261,2022-01-14,138.4345245361328,139.68656954146815,135.97114257121223,136.05102908212427,29662000
262,2022-01-18,134.9781494140625,136.10314842718847,134.42285105215512,135.15382402606036,34872000
263,2022-01-19,134.10324096679688,136.92492316466289,134.00300044131276,135.4996873505958,28648000
264,2022-01-20,132.3078155517578,136.59394277770195,131.96738542394968,135.2282544434575,29908000
265,2022-01-21,129.3739776611328,133.8541189227076,129.1109655382856,131.59916895693448,55652000
266,2022-01-24,129.82308959960938,130.21909952147814,123.56636302838503,125.03327622017262,76622000
267,2022-01-25,125.98309326171875,128.4286198444803,125.55185757799042,127.77456517516126,46960000
268,2022-01-26,128.2638702392578,132.00261942561787,126.18854746933454,130.13572850778058,49130000
269,2022-01-27,128.03759765625,131.65773660980562,127.9656316406239,130.3193534803954,31950000
270,2022-01-28,132.35098266601562,132.35644978053813,127.52147605383999,128.68666808776362,34362000
271,2022-01-31,134.28883361816406,134.4570723226851,131.2180418602811,133.15589912842472,39986000
272,2022-02-01,136.61180114746094,136.75968585207823,133.36086675449982,136.56267283391475,68644000
273,2022-02-02,146.89015197753906,150.41005044814193,144.43123734697568,150.11578031488366,123200000
274,2022-02-03,142.01695251464844,148.5525777136567,141.5956363601921,144.6128476273502,71518000
275,2022-02-04,142.2184295654297,143.78856670322708,139.46126220909318,142.36879793327233,57998000
276,2022-02-07,138.15711975097656,143.16825272340563,137.85836692860573,143.16825272340563,54974000
277,2022-02-08,138.3536376953125,138.95012868811895,135.98652845498887,137.98393352600814,54284000
278,2022-02-09,140.5301971435547,141.45571462604343,139.13573444735914,139.90641595810757,40144000
279,2022-02-10,137.58047485351562,140.42349572216153,136.92245230630547,138.65586088469732,39330000
280,2022-02-11,133.2755126953125,138.11295539537267,132.39962332012644,137.5606404788322,39958000
281,2022-02-14,134.5096893310547,135.27788715232825,132.25720762086638,132.25720762086638,34302000
282,2022-02-15,135.5840606689453,137.072811977897,134.80295993792927,136.53883693718322,26680000
283,2022-02-16,136.70510864257812,137.05049099274288,133.9122003011313,135.62178690030257,25022000
284,2022-02-17,131.54507446289062,136.08526315724788,131.48502706977027,135.22129248130244,38950000
285,2022-02-18,129.42507934570312,133.06458710351177,129.2201307207955,132.4660971376709,45620000
286,2022-02-22,128.84002685546875,131.18926578040976,127.2619388627428,128.86433355708314,44990000
287,2022-02-23,126.6312026977539,131.06073168464098,126.5711553027141,130.6612537057356,32786000
288,2022-02-24,131.69593811035156,132.0026265987599,124.01646653856334,124.01646653856334,54456000
289,2022-02-25,133.45118713378906,134.25709440677767,130.76348675698117,132.55049129326056,36406000
290,2022-02-28,134.04421997070312,134.73350055558737,131.59819315726125,132.05226662425127,38864000
291,2022-03-01,133.05616760253906,135.23371506860198,132.21950209052739,133.86704226332247,26496000
292,2022-03-02,133.5623321533203,134.24814455333347,132.07358086324874,133.61841172309505,23520000
293,2022-03-03,132.89537048339844,135.41631592852903,132.02791664044642,134.99003246039214,24604000
294,2022-03-04,130.9173126220703,132.84773411932804,129.36007848583986,131.93066729654552,30430000
295,2022-03-07,125.43079376220703,130.74712427696102,125.34791623067036,130.50198245823393,45112000
296,2022-03-08,126.1513442993164,130.26575741329103,124.7320675537548,125.3032523689752,40428000
297,2022-03-09,132.4194793701172,132.73261936692816,128.92637143258065,130.26575405375206,37026000
298,2022-03-10,131.43641662597656,132.27259751382948,129.9307942927176,130.28164376257828,27102000
299,2022-03-11,128.89657592773438,132.79214466049783,128.6593698076574,132.48744012522693,31526000
300,2022-03-14,125.00648498535156,129.43105445194786,124.33555942411138,129.27325019146025,38812000
301,2022-03-15,128.22914123535156,128.88072746557518,124.77771812675637,126.02380390981074,30920000
302,2022-03-16,132.28102111816406,132.33311772405185,127.76910672795162,129.75262441968042,35576000
303,2022-03-17,132.8353271484375,133.0750169543275,131.19372381937578,132.15049913160888,28264000
304,2022-03-18,135.1046905517578,135.22230167112554,131.2666850458185,132.42394150815238,44566000
305,2022-03-21,135.08087158203125,136.02226032262783,133.0869344773446,135.1424031283874,26832000
306,2022-03-22,138.81910705566406,139.9922498612945,135.08085776199704,135.08085776199704,35496000
307,2022-03-23,137.23855590820312,138.54171310581177,136.8013684687144,137.66235573176738,25154000
308,2022-03-24,140.51036071777344,140.55700535804056,136.71751540077963,138.15613908829116,26396000
309,2022-03-25,140.61058044433594,140.9698652761117,138.68959391227574,140.8517544009212,24126000
310,2022-03-28,140.3947296142578,140.9376247499745,138.76304562317353,139.84388368780657,35050000
311,2022-03-29,141.43685913085938,142.71521012259907,140.97336584085934,141.5778077356635,34318000
312,2022-03-30,140.87408447265625,141.65021781088518,140.53812197630958,141.39167328610918,19884000
313,2022-03-31,138.0246124267578,141.04230801546345,137.98193561849044,140.9877125953769,37524000
314,2022-04-01,139.0994873046875,139.41757946432682,137.27030594315084,138.4538680484704,25942000
315,2022-04-04,141.89935302734375,142.63430898174366,139.2583123546928,139.3059565218583,25942000
316,2022-04-05,139.5366973876953,141.91819372538492,139.32976482705615,141.79761431614833,21418000
317,2022-04-06,135.52401733398438,138.31542612185672,134.50074308822178,137.7095002017028,32468000
318,2022-04-07,134.8694610595703,136.13589316323527,133.2209064212302,134.99004046750798,26234000
319,2022-04-08,132.28797912597656,134.65260481245758,131.96838763466556,134.56675141890017,25142000
320,2022-04-11,127.8574447631836,131.10192750746063,127.70360833102498,130.83494754462106,36884000
321,2022-04-12,126.75675964355469,130.6131276162825,125.83820106848967,130.6131276162825,32710000
322,2022-04-13,128.91990661621094,129.35660942683415,126.78305234113374,127.04011273465291,27928000
323,2022-04-14,125.77964782714844,129.5010341712906,125.65160981411958,129.5010341712906,31598000
324,2022-04-18,126.71903991699219,127.2510159180597,125.2357481055493,126.04761463139059,20808000
325,2022-04-19,129.03404235839844,129.35560256968233,126.04710494815332,126.7339168514141,26490000
326,2022-04-20,127.07981872558594,130.41363823819555,126.54387486028567,129.91043648589024,31696000
327,2022-04-21,123.87850189208984,129.12287322992793,123.59265963521985,128.28074070309174,36446000
328,2022-04-22,118.73834228515625,124.46160122256957,118.03317534641822,124.06261542731319,56884000
329,2022-04-25,122.15106201171875,122.35303480833002,117.62228414008575,118.20785607828329,46128000
330,2022-04-26,117.76023864746094,121.59129290122091,117.62228107667312,121.37740906871237,73054000
331,2022-04-27,113.4374008178711,116.36279188370548,111.89108568755887,113.61108393889343,91820000
332,2022-04-28,117.6336898803711,118.75223733155552,113.2592408453906,115.54199599993349,48884000
333,2022-04-29,113.2537841796875,117.03571013783196,112.96099821693325,115.85909917190497,42676000
334,2022-05-02,115.70873260498047,115.87001248679226,111.75559982416154,112.55456335153875,35534000
335,2022-05-03,116.45410919189453,117.55380196982412,115.16435465778821,115.55738116745341,24968000
336,2022-05-04,121.34416198730469,121.93320955294836,114.25273835602403,116.15387837554545,49916000
337,2022-05-05,115.63182067871094,120.13132441982566,114.14306924777586,119.30258703193357,45840000
338,2022-05-06,114.87850189208984,116.68982055185312,113.16048764451185,114.32071990780224,39710000
339,2022-05-09,111.66726684570312,114.2140259534267,111.1605970905631,112.40072341287154,40802000
340,2022-05-10,113.53714752197266,115.37824019184765,112.05385557858307,114.64130790321892,39900000
341,2022-05-11,112.75059509277344,115.49188386833971,112.38734239433477,112.38734239433477,37534000
342,2022-05-12,111.9977798461914,113.43789516198555,109.00092247698522,110.54227785783269,53836000
343,2022-05-13,115.18024444580078,116.99106367864353,112.75308743960576,113.67412225407753,35038000
344,2022-05-16,113.58676147460938,115.29882395655737,113.03543099853194,114.09343122897408,25990000
345,2022-05-17,115.59955596923828,116.02335578859825,114.00858018939827,115.96430034993351,23054000
346,2022-05-18,111.06036376953125,114.5346170372489,110.71894166841899,114.13761512238688,35126000
347,2022-05-19,109.55622863769531,112.16253561354502,109.17510560363476,110.59587399910443,34144000
348,2022-05-20,108.0912857055664,111.34222744755039,105.00312313802856,111.11146523229964,48962000
349,2022-05-23,110.65193939208984,111.30649385728398,107.92553778216092,108.76569397448277,37184000
350,2022-05-24,105.17533111572266,105.66017033298499,101.12046571648337,104.9788178581926,76780000
351,2022-05-25,105.01155853271484,105.70134635864694,103.0776689447451,104.19820028544912,40258000
352,2022-05-26,106.9841537475586,107.83472166540481,104.4359029084361,104.88451675621047,37948000
353,2022-05-27,111.4742202758789,111.47571199545855,108.32005116042606,108.66197297575128,37914000
354,2022-05-31,112.90889739990234,114.86710140737668,111.23801982101067,111.90100974803613,50012000
355,2022-06-01,113.03790283203125,116.22333739588242,112.40071899535184,113.99368615923078,36606000
356,2022-06-02,116.74044036865234,117.01536355537438,112.09951102289412,113.14510810652334,37992000
357,2022-06-03,113.68205261230469,115.44920287025536,112.66722129124575,115.19214245668354,26136000
358,2022-06-06,115.9444580078125,118.45200851593447,115.29287939106017,115.8293229932543,33542000
359,2022-06-07,116.27098083496094,116.80842394302496,114.18921415892557,114.61449812422804,31590000
360,2022-06-08,116.31515502929688,117.68133553709298,115.72560771609342,115.88589564814693,26108000
361,2022-06-09,113.9743423461914,117.41187026218664,113.91528690568272,115.45515051267915,25798000
362,2022-06-10,110.32788848876953,112.42950946002966,109.53835232190883,111.60176406792269,41452000
363,2022-06-13,105.59465789794922,107.97566213644032,105.32321034517643,105.98570048108614,47252000
364,2022-06-14,105.91524505615234,107.11517845506856,105.00661350025801,105.73610237348502,33706000
365,2022-06-15,108.94136810302734,110.58792369792694,106.86207751338269,107.73100798954947,39698000
366,2022-06-16,105.23834991455078,107.83373777282833,104.34956513406651,106.41694479005933,51684000
367,2022-06-17,106.34002685546875,107.88435809204175,104.25825247727627,105.23835019470714,51376000
368,2022-06-21,110.70751190185547,111.64592465224696,107.78558920038876,108.11261652945545,47416000
369,2022-06-22,110.65145111083984,112.49650392931514,109.55473424500163,109.72743298190343,30774000
370,2022-06-23,111.40028381347656,111.89703403190568,109.67185020461025,111.38986449241077,28362000
371,2022-06-24,117.09030151367188,117.19352549247178,112.10546625400416,112.14765087738255,41164000
372,2022-06-27,114.96485900878906,117.69026114363895,114.31575650129828,117.38606391266642,36420000
373,2022-06-28,111.16754913330078,116.42979107455284,111.0092451116475,114.93408839680073,35792000
374,2022-06-29,110.86384582519531,112.31190436109492,110.04106016755956,110.71546893086192,24716000
375,2022-06-30,108.14588165283203,110.05644906667376,105.94947953010497,109.17510771252034,43170000
376,2022-07-01,107.92208862304688,108.43074239488223,105.93013521061721,107.12361714699225,35476000
377,2022-07-05,112.41363525390625,112.52677878685982,104.93861261421623,106.29734968195305,39342000
378,2022-07-06,113.71280670166016,114.72267814015275,110.64002338455644,112.45233394606342,37432000
379,2022-07-07,117.89224243164062,118.29569584145011,113.97236630789556,114.21701592441053,40936000
380,2022-07-08,118.45845794677734,118.78746921249528,116.02484225798968,116.37073191522165,38238000
381,2022-07-11,114.80902862548828,117.1131221270681,114.46562264821,117.1131221270681,31196000
382,2022-07-12,113.16545104980469,116.09680135877986,112.83743173792418,115.34349049696124,29960000
383,2022-07-13,110.51846313476562,113.33964608381699,110.36760255508183,110.86335330305643,43722000
384,2022-07-14,109.53984832763672,110.25990976214192,107.56030598074837,109.38402798124689,37004000
385,2022-07-15,110.93927001953125,112.29205534108347,110.06835559507293,111.16060487695782,46770000
386,2022-07-18,108.2123794555664,112.82751047657966,107.55733275345759,111.79530855999529,43164600
387,2022-07-19,112.95652770996094,113.16495199528867,108.73839878398343,110.01872588429481,36530900
388,2022-07-20,113.04586791992188,114.53461945291772,111.63651828600943,112.32133884210387,35600400
389,2022-07-21,113.48255157470703,113.69098343145679,110.2767778430608,113.4230039425963,32676200
390,2022-07-22,107.09085083007812,111.4975497677554,105.70134802702376,110.16760216901068,48901200
391,2022-07-25,106.70378112792969,109.04608401682407,105.50285586600882,107.59703351304728,34690900
392,2022-07-26,104.23245239257812,106.39610489008601,103.28957946507946,105.80060580049833,47991000
393,2022-07-27,112.212158203125,113.05579009257278,107.20003280514234,108.44065902823431,59858500
394,2022-07-28,113.36346435546875,113.48255962814197,110.62415950126018,111.52733903733414,32816600
395,2022-07-29,115.44771575927734,115.83479054263834,112.21216038629261,112.23201464667002,37223400
396,2022-08-01,113.99864959716797,115.84470180597212,113.48254490858795,114.4353523994771,26034300
397,2022-08-02,114.26663208007812,115.4774844552109,112.86720967281481,113.14510872831781,20236000
398,2022-08-03,117.19451141357422,117.73046282343833,114.61401051481387,114.84228148786751,28499000
399,2022-08-04,117.3036880493164,117.88925996691131,116.01343380363976,116.59901329341588,21602900
400,2022-08-05,116.5890884399414,117.22428844560957,115.13011082398499,115.35838937548199,19159500
401,2022-08-08,116.42036437988281,119.24899057090587,116.00350822632574,117.50218677995531,19138300
402,2022-08-09,115.75537872314453,116.44020677601095,114.84227970077666,116.26155630883628,19086500
403,2022-08-10,118.8023681640625,120.0132206108278,117.5220485214932,117.8892690499116,30930400
404,2022-08-11,117.94881439208984,120.57894353839131,117.67091532555504,120.37051923849022,24293700
405,2022-08-12,120.76752471923828,120.76752471923828,118.56417123776562,119.35817508462884,19096300
406,2022-08-15,121.16452026367188,121.38287168867272,119.70554262587667,120.22163979863927,19494800
407,2022-08-16,120.78736114501953,121.511890161635,119.73531257366949,120.60871067326374,19041200
408,2022-08-17,118.65348815917969,120.3804376418693,118.48475724771684,119.21921338138048,22847000
409,2022-08-18,119.26883697509766,119.91396410503756,117.82971363092356,118.53438839458119,17987700
410,2022-08-19,116.3310317993164,118.25648600514175,115.8844094146696,118.16715698490374,21809500
411,2022-08-22,113.38330841064453,114.76288414973949,112.99623363908157,114.33610843081347,21456600
412,2022-08-23,113.00615692138672,114.14753450962371,112.57938121699137,112.62900929255083,15870400
413,2022-08-24,112.83744049072266,113.91926294010845,112.02358997809887,112.64886287866464,17734600
414,2022-08-25,115.77523040771484,115.84470516717248,113.25427723682488,113.3832996266231,16956800
415,2022-08-26,109.5125503540039,114.25671121949163,109.36368127038317,113.85970932808003,37245700
416,2022-08-29,108.59944152832031,110.11796662200662,107.98409584559705,109.16516671169718,21191200
417,2022-08-30,108.12305450439453,109.67135354308121,106.99160404194176,109.34382641653404,27513300
418,2022-08-31,107.40845489501953,110.01872968878591,107.31912587125797,109.82023252604237,28627000
419,2022-09-01,108.91704559326172,109.62172031679033,106.55489620007366,107.46799520192643,28360900
420,2022-09-02,107.04122924804688,109.90955647633426,106.45565730411391,109.7606798148013,24160700
421,2022-09-06,106.009033203125,107.2198856782636,104.98675834787316,106.49536416260328,25068300
422,2022-09-07,108.62922668457031,109.15525855226639,106.09835378823291,106.25715000377444,23167000
423,2022-09-08,107.56724548339844,108.77809780045992,106.35640073851793,107.22979880995165,24238300
424,2022-09-09,109.82023620605469,110.15768290846263,108.20245474397649,108.25208282241607,23197700
425,2022-09-12,110.0286636352539,110.78296653033767,109.10563738416695,110.15768604181248,22966800
426,2022-09-13,103.5376968383789,107.48785387625672,103.30941829244654,106.991603410664,38172900
427,2022-09-14,104.21260070800781,104.49049976501348,102.88265305742887,103.78582499269729,26395100
428,2022-09-15,102.13827514648438,104.48057039335076,101.5824694722177,103.2498713506553,34188300
429,2022-09-16,102.02909851074219,102.35661806239246,100.18304617737745,101.30456950094974,42797200
430,2022-09-19,102.29706573486328,102.55511808472187,100.78846772406554,100.98696487184549,23036800
431,2022-09-20,100.38154602050781,101.60232552737466,99.76619270219214,101.31449934165514,26517100
432,2022-09-21,98.5354995727539,102.10850171286519,98.52557244239148,100.90757639319294,31487300
433,2022-09-22,99.3890380859375,100.48078754574622,98.04916340470949,98.07893721973088,34298600
434,2022-09-23,97.9995346069336,98.91264116986241,96.73906182320323,98.8828597828804,31625400
435,2022-09-26,97.4338150024414,99.13099069316641,97.06659450257123,97.36434023985667,27072700
436,2022-09-27,96.76883697509766,99.25008920522836,96.14356413908983,98.6843639996458,30072800
437,2022-09-28,99.29972839355469,99.94484798785372,96.38177302120951,96.91772447156976,32466300
438,2022-09-29,96.68944549560547,97.90029792581369,95.24039494587191,97.90029792581369,31047200
439,2022-09-30,94.9327163696289,98.15834442273268,94.84338734754718,96.32221919924832,32941500
440,2022-10-03,97.9002914428711,98.54541856387281,95.7961867385492,96.0343924144823,27982000
441,2022-10-04,100.87779235839844,101.07628951245434,99.62723908573932,99.68679428970093,28850800
442,2022-10-05,100.66936492919922,101.16561537101285,98.05909033124465,99.08136502983179,22176900
443,2022-10-06,100.6594467163086,102.15812530354549,99.83566909260647,99.92499811757948,22324000
444,2022-10-07,97.93998718261719,99.77611229695586,97.56283957404312,99.10121139538383,27502800
445,2022-10-10,97.12612915039062,98.3568280254318,96.28250498259773,98.25757945960561,18225100
446,2022-10-11,96.45124053955078,98.50571715876575,95.5877620057255,96.69936577168872,26507100
447,2022-10-12,96.82838439941406,98.00946288154012,96.0145339725508,96.57033961999998,21876400
448,2022-10-13,98.317138671875,99.03174054553159,93.67223406528825,94.43646401379698,34574500
449,2022-10-14,95.83589172363281,99.93492559661024,95.64732168746481,99.24017037079604,25410700
450,2022-10-17,99.2203140258789,100.17311396048777,98.08886363026959,98.11863744507288,28419200
451,2022-10-18,100.01432037353516,102.69407756152302,99.22032413323551,102.35662329095497,24060700
452,2022-10-19,98.88286590576172,100.26244160630186,98.17819114716923,99.2600211090797,23811100
453,2022-10-20,99.2203140258789,101.55268957569878,98.64466169907956,99.25008784068218,25323200
454,2022-10-21,100.37162017822266,100.55027065536837,96.98719581452741,97.11621821439542,32458700
455,2022-10-24,101.75119018554688,101.97946872710929,99.23024453211379,101.03659588940504,27176400
456,2022-10-25,103.69650268554688,104.03394937421807,101.94969889168885,102.12834936574457,40611400
457,2022-10-26,94.21810913085938,97.57275938958455,93.9799110391379,95.70686045543493,88114100
458,2022-10-27,91.52843475341797,94.71436175268728,91.11158619026445,93.81118229367367,60710900
459,2022-10-28,95.56791687011719,95.82596923593994,91.43910930567836,91.57805883215646,43697300
460,2022-10-31,93.80126190185547,95.30985993363518,93.27523763795979,94.70443378065085,31675000
461,2022-11-01,89.79157257080078,95.30987606963726,89.6923239787276,94.73422363455774,47161400
462,2022-11-02,86.31781005859375,90.49623820875753,86.22848103429116,90.25804009758635,57038300
463,2022-11-03,82.80435943603516,85.87118391743043,82.71503040774212,85.67268674461754,61288000
464,2022-11-04,85.93073272705078,85.99028036002329,83.08225231902676,84.75958132144375,51124900
465,2022-11-07,87.82640075683594,88.2333297523098,86.19869991930204,86.62547560061769,34078900
466,2022-11-08,88.23333740234375,89.64268695690804,86.93315598764553,88.23333740234375,30429000
467,2022-11-09,86.66517639160156,88.769280979615,86.62547544780726,87.78669965811274,31769100
468,2022-11-10,93.23554992675781,93.68217236495597,90.92302069104444,91.5582207495486,51620100
469,2022-11-11,95.68701934814453,96.20311650565995,93.21568655329872,93.97991651822383,33090500
470,2022-11-14,94.98233032226562,96.06416020914902,93.8012594349028,94.37690418520387,30179500
471,2022-11-15,97.70178985595703,99.38903833699794,95.98475998763868,97.52313939319663,41640800
472,2022-11-16,98.10872650146484,98.89280323342018,96.90780114913285,97.16585354030117,29105200
473,2022-11-17,97.62239074707031,98.53548977287406,96.06416461114264,96.24281507898955,26052600
474,2022-11-18,96.6993637084961,98.15834125388724,95.64731516977584,98.02931128973258,28342300
475,2022-11-21,94.88309478759766,97.66210063703203,94.64489666604612,96.56042391310625,21647400
476,2022-11-22,96.32221221923828,96.49093554938902,93.34470961675402,95.23045520724949,23438500
477,2022-11-23,97.72163391113281,98.01938719844442,96.36190500494142,96.36190500494142,18868100
478,2022-11-25,96.72914123535156,97.90029265387534,96.66959360172228,97.5032907612572,9701400
479,2022-11-28,95.32971954345703,96.84824478966246,94.8930167011355,96.31229336649913,26237500
480,2022-11-29,94.47616577148438,95.39919193752951,93.40426295178399,95.01211718133456,20061700
481,2022-11-30,100.23267364501953,100.28230172378092,93.7119423925294,94.10894430607547,43647500
482,2022-12-01,100.23267364501953,101.48322702242606,99.49822502687739,100.26244746340369,28687100
483,2022-12-02,99.6867904663086,100.01431000072103,98.15833820772113,98.30721485364356,21480700
484,2022-12-05,98.73399353027344,100.6197391952586,98.25758976329782,98.654591640414,24405100
485,2022-12-06,96.25274658203125,99.03174473103793,95.69694089448478,98.55534850991971,24910700
486,2022-12-07,94.22804260253906,96.1534892961787,94.00969118202147,95.68702021037814,31045400
487,2022-12-08,93.00726318359375,94.8632426874311,92.74921081619499,94.66473795397769,32213300
488,2022-12-09,92.13386535644531,93.55314202323372,92.05446346281963,93.0668111039124,28225400
489,2022-12-12,92.6102523803711,92.85837759418385,90.92300395531667,92.01475338165663,29420000
490,2022-12-13,94.9128646850586,98.78361996821883,94.3173656196912,97.0268965895578,40593700
491,2022-12-14,94.35706329345703,96.14356799976107,92.89808571200558,94.48608568861964,28733600
492,2022-12-15,90.17863464355469,92.93778600326951,89.33501037181313,92.43160841135212,40107000
493,2022-12-16,89.58313751220703,90.64511322161134,88.84868136014701,90.07938798524047,58011800
494,2022-12-19,87.77678680419922,89.88088398070708,87.54850825299513,89.5831382377842,29493000
495,2022-12-20,88.35243225097656,88.51123603944568,86.78428648684181,87.44926031364805,23453800
496,2022-12-21,88.90824127197266,89.54344130530257,87.65768789352492,88.41199077267231,24745600
497,2022-12-22,87.10189056396484,87.87604013849288,85.67268668964738,87.49889248151766,27658300
498,2022-12-23,88.56084442138672,88.87844435551266,86.41703918690187,86.45674012519008,23003000
499,2022-12-27,86.73464965820312,88.27302902200118,86.35750205691602,88.13407950720169,20097300
500,2022-12-28,85.37493133544922,87.37978756410344,85.29553701156534,86.3277389438716,19523200
501,2022-12-29,87.78670501708984,88.18370690708726,85.96050692415548,85.97043405375527,23333500
502,2022-12-30,87.568359375,87.63783413641092,85.9208042155681,86.32773322681854,23986300
503,2023-01-03,88.45169067382812,90.36721788133093,87.8561840239744,88.91815977701387,28131200
504,2023-01-04,87.41948699951172,89.97021418207204,86.61555606707714,89.67246086306939,34854800
505,2023-01-05,85.55358123779297,86.9133103030513,85.25583548783042,86.81406171973046,27194400
506,2023-01-06,86.68502044677734,87.03240180139032,84.22362258367278,86.13914952357796,41381500
507,2023-01-09,87.35993957519531,89.37472307853587,87.20114334384667,87.69739387160715,29003900
508,2023-01-10,87.75692749023438,88.00505271446971,85.18635380180301,85.3352304507804,30467800
509,2023-01-11,90.83367156982422,90.9130734526209,88.34249996756573,88.51122328937346,26862000
510,2023-01-12,90.44661712646484,91.18107334866319,89.07696841608055,90.79399854850715,30258100
511,2023-01-13,91.42918395996094,91.49865871880165,89.45410175315347,90.1687035996184,26329200
512,2023-01-17,90.60541534423828,91.5582153760755,89.37471624963791,91.36963776683697,32602400
513,2023-01-18,90.43668365478516,92.10408544977494,89.96027989671057,91.44903122894499,29116700
514,2023-01-19,92.35222625732422,92.90802442539125,89.95036794778711,90.03969698033053,37000400
515,2023-01-20,97.28494262695312,97.56284926169742,94.30743969004087,94.38684158568209,63191100
516,2023-01-23,99.04167175292969,99.28979699304459,96.76884364481533,97.21546604814961,40005100
517,2023-01-24,96.96733856201172,98.86301898722769,96.47108809327639,97.36434045143623,33078500
518,2023-01-25,94.50594329833984,95.43889663050726,93.05689279504284,94.85331712238681,42330000
519,2023-01-26,96.78868103027344,96.8383091023994,94.66472978478917,95.77633347965728,30114000
520,2023-01-27,98.62482452392578,99.5676974204637,96.58026736816271,96.58026736816271,33879800
521,2023-01-30,96.21305084228516,97.55292569844815,95.67709938538358,96.74900229918671,27226200
522,2023-01-31,98.09879302978516,98.1384939775665,96.09394438600727,96.14357246377932,29870700
523,2023-02-01,99.67687225341797,100.43117510729803,96.84824601659454,97.96976938145957,35531100
524,2023-02-02,106.93205261230469,107.04122832500863,104.81802826774744,105.00660587554181,69883800
525,2023-02-03,103.99425506591797,107.00153192767223,101.81075586334931,102.158129703915,65309300
526,2023-02-06,102.12835693359375,103.57740752067507,101.11600164820065,101.63210642135294,31999600
527,2023-02-07,106.83279418945312,107.36874557367616,102.3466935405881,102.44594211421887,49010200
528,2023-02-08,98.62482452392578,102.36654986458451,97.3047964110275,101.28472743744483,94743500
529,2023-02-09,94.2975082397461,99.27985919406251,92.92785221530656,99.2500853799974,119455000
530,2023-02-10,93.8608169555664,96.02446938516859,93.54321694627534,94.7342150880715,54980700
531,2023-02-13,93.90052032470703,94.48609228073913,93.13629031339872,94.0295427288713,50076100
532,2023-02-14,93.9699935913086,94.13871694148641,91.56814302420062,93.72186834498302,54726100
533,2023-02-15,96.21305084228516,96.39170132791901,93.44397210105132,93.78141881159203,50169000
534,2023-02-16,94.79375457763672,96.94747952015656,94.02952471275532,94.65480506987288,42462600
535,2023-02-17,93.64246368408203,94.84338893217922,92.51101320001753,94.1387141620816,34284100
536,2023-02-21,91.10166931152344,92.40184322144354,91.03219454318074,92.30259463412278,33629300
537,2023-02-22,90.96271514892578,91.41926468512888,89.93051323448256,91.01233565397179,30884000
538,2023-02-23,90.20841979980469,91.25054893084341,89.0868963396498,91.23069466942782,41206400
539,2023-02-24,88.46160125732422,89.21590405101533,87.91573031324553,88.76928168111633,36585100
540,2023-02-27,89.1960678100586,89.48389400941119,88.67003591816348,89.1960678100586,27502300
541,2023-02-28,89.38463592529297,90.54586782791486,88.65018731956766,88.66011444958845,30142000
542,2023-03-01,89.68238067626953,90.34735445265166,88.99755264174358,89.30523306552612,31111200
543,2023-03-02,91.3100814819336,91.58798051837316,88.91815071281441,88.98763304410512,32204400
544,2023-03-03,92.94771575927734,93.02711765283779,91.75671007241478,91.78649146163595,35160100
545,2023-03-06,94.4166030883789,95.25030773950542,93.29507985441194,93.3149265396428,32639300
546,2023-03-07,93.15614318847656,94.95256755074698,92.8286160456438,94.26774701922037,27835500
547,2023-03-08,93.54322052001953,95.24039634439998,93.29509526665078,93.41419811425322,34103300
548,2023-03-09,91.62767791748047,94.81360472856946,91.21082937894857,93.34470771502453,28813500
549,2023-03-10,89.95036315917969,92.0941689599083,89.72209216895389,91.4788156121773,35941000
550,2023-03-13,90.42677307128906,91.87582372447167,88.74944384030226,89.41441773971538,37335600
551,2023-03-14,93.26531219482422,93.65238694590275,91.74678700641138,91.86588227001643,36050200
552,2023-03-15,95.3892593383789,96.2031097498891,91.94528010370921,92.52093242633808,50622100
553,2023-03-16,99.56769561767578,100.43117417550806,94.78384131193948,95.47858895236912,65492000
554,2023-03-17,100.85794830322266,102.06879309004395,99.34934263318691,99.50814641831961,61028500
555,2023-03-20,100.46094512939453,100.9869694096106,99.12107039122168,99.36919562318633,32960400
556,2023-03-21,104.1332015991211,104.31185207942887,100.46095098101657,100.4907247990376,42110300
557,2023-03-22,102.59481811523438,105.79066457024909,102.55511717159571,103.48806284447173,43427400
558,2023-03-23,104.80809783935547,105.50285304125943,103.67664737256062,104.27214642263456,40797800
559,2023-03-24,104.64930725097656,104.69892775737729,103.06129960251988,104.20267726028,30393300
560,2023-03-27,101.69163513183594,103.97439009212668,101.1656108983188,103.83544058033651,31120900
561,2023-03-28,100.27236938476562,101.6817189110704,98.9920422554838,101.67179935357876,32057900
562,2023-03-29,100.62966918945312,101.7214187034689,99.89522061779614,101.5129944157898,28779600
563,2023-03-30,100.1334228515625,100.40140235547389,99.03174616255232,100.15327711150191,33086200
564,2023-03-31,102.9521255493164,103.11092176173695,100.28229560510373,100.54034796899097,36863400
565,2023-04-03,103.577392578125,103.74611591062242,101.16561513368151,101.62216463041729,25035400
566,2023-04-04,103.9347152709961,104.78826681346973,103.25981422746304,103.54764045198856,24420100
567,2023-04-05,103.68656921386719,105.30434293895682,102.88264591587884,104.98674295697049,28290500
568,2023-04-06,107.60694885253906,108.35132454892715,103.54762368954962,104.4706498559581,48711500
569,2023-04-10,105.64179992675781,106.78316992246287,104.33169902046775,106.17775133008297,27067400
570,2023-04-11,104.55996704101562,105.9296231127123,103.89499326334945,105.75097264997711,26311800
571,2023-04-12,103.85530853271484,105.94948633919863,103.557555190945,105.78076297921399,24370300
572,2023-04-13,106.6243896484375,106.68393728920155,105.04630901855029,105.04630901855029,24843600
573,2023-04-14,108.05358123779297,108.12305600146057,106.03879794707,106.08842602348172,26578000
574,2023-04-17,105.17533111572266,105.3639087269098,103.73620013699751,103.87515724199652,37571200
575,2023-04-18,103.71635437011719,105.74105731624348,103.28957863776436,105.69142923743296,26596400
576,2023-04-19,103.39874267578125,104.19274641398663,102.2970660858072,102.80324365821765,20905700
577,2023-04-20,104.50041961669922,105.45321956243694,103.09107017022347,103.13077111448514,27820800
578,2023-04-21,104.61952209472656,105.20509398319376,103.99424168995147,104.67906972482673,25800100
579,2023-04-24,105.17533111572266,105.83037783155005,103.91485061807437,104.69892730879049,23542800
580,2023-04-25,103.07122039794922,105.88992698575956,103.06129326840653,105.03637557743666,46664100
581,2023-04-26,102.9322738647461,105.55247579876328,101.86037100841686,104.13319912015552,53347600
582,2023-04-27,106.78317260742188,107.55732970203324,102.76354833968519,103.6667202584599,50089200
583,2023-04-28,106.5350570678711,106.5449841983953,104.3019297473879,106.2373113017825,36139800
584,2023-05-01,106.3960952758789,107.18017190898796,106.01894765339576,106.03879433997653,26681700
585,2023-05-02,104.53020477294922,106.3961039226054,102.93227756090715,106.33655628584265,30997200
586,2023-05-03,104.61952209472656,106.68391818406765,104.17289215243281,104.7386173549269,21795400
587,2023-05-04,103.90491485595703,104.80808667841845,103.19031304309324,104.69891098077645,23419500
588,2023-05-05,104.7783203125,105.08599317017097,103.32926989883089,104.03394463322047,26639300
589,2023-05-08,106.96183013916016,107.15040775349405,104.37140947859231,104.39125616696242,26511400
590,2023-05-09,106.54498291015625,109.3239887931404,106.38618668459873,107.5771848789166,36360100
591,2023-05-10,110.91197967529297,112.09305821305404,107.12062640001808,107.1603273461475,63153400
592,2023-05-11,115.69583129882812,117.03570601894897,113.55203326107099,114.53460704620213,78900000
593,2023-05-12,116.6287841796875,117.14488132168266,115.23928138975758,115.8050066061785,41102300
594,2023-05-15,115.63628387451172,117.59151189110723,115.14003341637807,115.2392819935686,36266800
595,2023-05-16,118.61380004882812,119.84449920408774,115.55689506340019,115.6164427020183,45035600
596,2023-05-17,119.9338150024414,120.7575926346341,117.99844111686251,118.71304303528596,33323600
597,2023-05-18,121.90888977050781,122.38528597148938,119.92388793132871,120.04298319548356,35234200
598,2023-05-19,121.83941650390625,125.02534358621601,121.233990329754,122.62349314866378,41353400
599,2023-05-22,124.11224365234375,125.48189220233128,121.81956136739319,122.01806609562544,35253000
600,2023-05-23,121.64091491699219,123.6953915959423,121.29354109633519,123.22892250659226,34046300
601,2023-05-24,119.99336242675781,120.99579047353133,118.96116056401159,120.21171384013235,34182600
602,2023-05-25,122.55402374267578,124.38022190229562,121.0454180200336,123.58621809330694,42317000
603,2023-05-26,123.67554473876953,124.32067187463625,121.53173903906134,122.24634093896407,35635900
604,2023-05-30,122.7425765991211,124.71765871518679,121.08510201994191,124.69780445804115,35076700
605,2023-05-31,121.94860076904297,123.12967181163546,121.58137267253642,121.82949792288854,37325800
606,2023-06-01,122.7922134399414,123.48696104605021,121.70046395655,121.8989611091008,30772700
607,2023-06-02,123.73509216308594,125.20399690730267,122.8319202321501,123.060191211232,26980100
608,2023-06-05,125.06504821777344,126.4743977650919,122.91131537751194,123.08004629574243,32305500
609,2023-06-06,126.35529327392578,127.32793996259925,124.41991945408888,125.06504658476162,26638300
610,2023-06-07,121.58135986328125,128.072309065116,121.20421224846599,126.01784008371891,52539000
611,2023-06-08,121.22406768798828,122.30589768119812,120.33081530189335,121.31339671268852,29389200
612,2023-06-09,121.31339263916016,122.83191785844093,120.99579264278889,121.33323932610408,23778300
613,2023-06-12,122.71281433105469,123.11974334684123,120.74766673085075,121.86919005532346,28306400
614,2023-06-13,122.90139770507812,124.2214258208004,122.25627055608605,124.04277534219001,22278300
615,2023-06-14,122.7425765991211,123.1197317630836,120.53922353114376,122.17685142535775,30592300
616,2023-06-15,124.15193176269531,124.51915981522143,121.48210953773676,122.21655807060819,35246300
617,2023-06-16,122.60363006591797,125.16428410291157,122.35550485083365,124.98563364516363,45535600
618,2023-06-20,122.17686462402344,123.63584222244113,121.22406462697502,122.00814128096077,26097500
619,2023-06-21,119.64598083496094,121.74015824016175,119.19935090788869,121.48210589822092,30306300
620,2023-06-22,122.22649383544922,122.31581528654226,117.93889002281252,119.10011432011007,26952200
621,2023-06-23,121.42256927490234,121.86919927030634,120.15216920049242,120.4697692190949,34913600
622,2023-06-26,117.45256805419922,121.0851254524191,117.38309328510559,119.85442629753989,33969900
623,2023-06-27,117.44263458251953,118.18701026555762,115.22935421985997,116.20200844412273,39535900
624,2023-06-28,119.27877044677734,119.48719474805245,115.97374030045428,116.2119384201713,27091400
625,2023-06-29,118.20687103271484,119.15967111183862,117.41287475286933,118.34582057099236,24090900
626,2023-06-30,118.8023681640625,120.17202440747063,118.79244860590867,119.26884485147357,29532200
627,2023-07-03,119.00086975097656,119.28869594561498,117.9289668686366,118.34581546548606,14467900
628,2023-07-05,120.83698272705078,121.69053409377197,118.33588382905948,118.3458033859375,27584800
629,2023-07-06,119.20928955078125,119.39786715412697,117.5121138372137,118.90161667979092,24745200
630,2023-07-07,118.5840072631836,120.14223332598381,118.50460537627106,119.19935295630401,21709500
631,2023-07-10,115.57673645019531,117.42278888448908,115.2690635685402,117.41286932662906,35315200
632,2023-07-11,116.26155853271484,116.82728376089246,114.48498095632307,115.41793425521223,23078800
633,2023-07-12,118.03813171386719,119.4276344809341,117.52203458036395,117.90910932353661,30404400
634,2023-07-13,123.60606384277344,123.89389001441005,119.54673119638662,120.02313496341503,44297900
635,2023-07-14,124.47945404052734,125.82925579417832,122.56392710866825,123.8641083634262,33283100
636,2023-07-17,123.71524810791016,126.14687246896142,123.26861812563564,124.99557527494002,25716200
637,2023-07-18,122.83191680908203,123.74501584432612,122.03791303884648,123.66561395286634,26193600
638,2023-07-19,121.11488342285156,124.24126276731612,120.88661245663589,123.6656104289081,37224000
639,2023-07-20,118.30611419677734,123.15944340000809,117.3334674734311,120.50946759155578,37906800
640,2023-07-21,119.11995697021484,120.08268407322286,117.83963744818556,119.71546357937767,72937900
641,2023-07-24,120.61863708496094,122.07761466691946,120.0727661155314,120.74766705234958,29686100
642,2023-07-25,121.29354858398438,122.22650196463995,120.11246994865928,120.44992423254439,52509600
643,2023-07-26,128.30059814453125,129.99776623656712,127.35772529958219,129.09460190925336,61682100
644,2023-07-27,128.4296112060547,132.24082619562287,127.82418504749104,130.6825925035767,44952100
645,2023-07-28,131.58578491210938,132.7370897112607,129.59086334627574,129.79928007624758,36591200
646,2023-07-31,131.7247314453125,132.52865481704072,130.79177809982338,131.73465100315445,28055500
647,2023-08-01,130.56350708007812,131.6354099568871,129.70002092843689,129.79927708428264,23166800
648,2023-08-02,127.41726684570312,129.1144348566753,126.60340886103654,128.4792349041098,26273300
649,2023-08-03,127.48673248291016,128.4196857147357,126.46445780829997,127.01033631036397,20089500
650,2023-08-04,127.14928436279297,130.52378119142634,126.95078722187826,128.31050853872318,26147200
651,2023-08-07,130.54364013671875,130.62304202480823,128.05246836840342,128.1914178864696,22746300
652,2023-08-08,130.41461181640625,130.52378752085772,128.56855954209357,129.64046232824563,23535200
653,2023-08-09,128.6876678466797,131.04980964495556,128.0326136306667,130.67266960839547,24912900
654,2023-08-10,128.71746826171875,131.05977143036745,128.47926254911619,130.33524987803614,20857800
655,2023-08-11,128.58840942382812,128.95562989704715,127.20883382963942,127.6951647046181,19591100
656,2023-08-14,130.3451385498047,130.38483192031686,127.99291637965989,128.41968447620044,24695600
657,2023-08-15,128.80677795410156,130.43447898056363,128.31052745646844,130.11688653714737,19770700
658,2023-08-16,127.73487091064453,129.30302424952546,126.91110086620327,127.73487091064453,25216100
659,2023-08-17,128.9457244873047,131.00020876899563,128.32044402863997,128.82662921684016,33446300
660,2023-08-18,126.5041732788086,128.28075093151222,125.43227040921398,127.546294758541,30504800
661,2023-08-21,127.4073257446289,127.76462664652156,125.61090167890998,126.2262549148763,25248700
662,2023-08-22,128.11203002929688,129.30302819235456,127.35773472637845,127.54629719383558,22054900
663,2023-08-23,131.37734985351562,132.40955935337914,128.8960974039479,129.2037702845962,27819700
664,2023-08-24,128.80677795410156,133.24325861449066,128.59836122593913,132.94550528703812,28500700
665,2023-08-25,128.90603637695312,129.77942696997056,126.29575386732984,128.56857452291544,26762900
666,2023-08-28,130.0275421142578,131.54606733409824,129.16407114652645,130.3252954237949,20543300
667,2023-08-29,133.5608673095703,135.54586931655962,131.24833815410415,131.24833815410415,43075600
668,2023-08-30,134.86102294921875,135.2580172391428,133.06459879911617,133.76926593538553,28315800
669,2023-08-31,135.14886474609375,136.9651434659,134.77170950484623,134.9900609451091,30053800
670,2023-09-01,134.6427001953125,136.42920516882052,133.83877674332504,136.42920516882052,21543700
671,2023-09-05,134.7518768310547,135.39699647990017,133.5707981143506,134.4243496549999,19403100
672,2023-09-06,133.45167541503906,135.50614436814033,132.66759123648941,134.99997436969198,18684500
673,2023-09-07,134.2456817626953,134.56328935661423,131.95300684241127,132.58820688588548,18844300
674,2023-09-08,135.3572998046875,135.63519889075076,133.83877438999752,133.8983220306733,23558300
675,2023-09-11,135.8932342529297,136.4490323863561,134.77170328374638,135.51607902909177,20763400
676,2023-09-12,134.3250732421875,135.84359846496358,134.17620415931236,135.23817228733398,18405500
677,2023-09-13,135.68479919433594,135.8733616364172,133.14398427221744,134.0769375034417,20749500
678,2023-09-14,137.06439208984375,137.65988359424148,135.21833965192076,136.56814159733074,24751000
679,2023-09-15,136.36961364746094,137.48122492138967,135.45651466326473,136.94526597009013,38919600
680,2023-09-18,137.17355346679688,138.11642627515133,135.58554599898608,135.58554599898608,21861300
681,2023-09-19,137.00482177734375,137.3720574197808,135.59547227341233,136.38947604665375,20353700
682,2023-09-20,132.73707580566406,137.04452607661787,132.61796539950902,137.04452607661787,29927500
683,2023-09-21,129.4618377685547,131.23840796235106,129.09461723083658,130.45433880616167,31503900
684,2023-09-22,129.2732391357422,131.03988948397537,128.62811962390344,129.7794091306759,26397300
685,2023-09-25,130.1267852783203,130.18633290541212,127.99291453760557,128.85638541915864,20094600
686,2023-09-26,127.60585021972656,129.3824201983576,126.2659679234884,128.79684829173706,25718700
687,2023-09-27,129.56106567382812,129.91836661698156,127.60585276042912,127.60585276042912,22746500
688,2023-09-28,131.31777954101562,132.30036079333664,128.816673263337,128.86630133263088,22513100
689,2023-09-29,129.87867736816406,133.04475788137387,129.38242688382053,132.28052789506322,30859800
690,2023-10-02,133.16384887695312,133.41197411116025,130.1863460664677,130.2260545847838,22288000
691,2023-10-03,131.4368896484375,133.2531681504959,130.85131773991853,132.93557573096578,22989400
692,2023-10-04,134.22581481933594,134.5533419035272,131.53613096426483,131.79417572255468,26752300
693,2023-10-05,134.05711364746094,134.47396223865763,132.44925177357314,134.05711364746094,19832600
694,2023-10-06,136.54827880859375,137.123931161278,133.00504324406194,133.00504324406194,27597600
695,2023-10-09,137.3820037841797,137.8981086091474,134.59307804848441,135.91310636089568,19278100
696,2023-10-10,137.02468872070312,138.6722440524293,136.3001672148192,137.46139159362946,27786600
697,2023-10-11,139.49600219726562,140.05180026889775,137.54077424532727,137.54077424532727,25884300
698,2023-10-12,137.92787170410156,140.16099905970523,137.22318929725753,139.99227569905,24765500
699,2023-10-13,136.32992553710938,138.9501273324613,135.59546941209604,138.33478161475625,23420500
700,2023-10-16,138.056884765625,138.58290904447986,136.9552081327783,137.13385103003665,28501900
701,2023-10-17,138.67225646972656,138.850899400449,136.15129516641022,137.59043389315593,23515800
702,2023-10-18,136.9254150390625,139.66471175523216,136.3497627661158,138.40423151715302,23375000
703,2023-10-19,136.71701049804688,138.61269101146914,136.3497899802919,137.4613862357858,26066000
704,2023-10-20,134.58311462402344,136.83608053752832,134.06700996727167,136.3001367687033,26335700
705,2023-10-23,135.4763946533203,136.62769951725605,132.94551392213268,134.02733644259234,26317900
706,2023-10-24,137.76907348632812,138.31495211314203,136.38949758094284,136.79642666132818,44814300
707,2023-10-25,124.66804504394531,127.34779458240867,124.13209362181638,127.19892549752396,84366200
708,2023-10-26,121.36302185058594,123.39765194257097,120.36059371391482,122.34559572670734,57061100
709,2023-10-27,121.25382995605469,122.38528034661036,119.30852915172775,121.9585046679144,44566500
710,2023-10-30,123.52665710449219,124.4596103433731,121.8294815291229,122.28603101967423,28940100
711,2023-10-31,123.14952087402344,124.42984802046038,121.76994514607122,124.12216757392719,26292300
712,2023-11-01,125.50173950195312,125.54144044779346,122.79221620493564,123.13959001581209,30082400
713,2023-11-02,126.53395080566406,128.01277518054732,125.97815266684763,127.4569770417309,27124600
714,2023-11-03,128.13186645507812,128.55863455349083,126.9011599427464,127.05996371421396,26393100
715,2023-11-06,129.2732391357422,129.3625605799608,127.7050859338931,128.08224111307598,19052700
716,2023-11-07,129.9878387451172,130.92079197589274,128.9060164432014,129.729793973687,29757300
717,2023-11-08,130.85133361816406,131.2185693015223,129.79928493774304,129.98786255864192,26425800
718,2023-11-09,129.26333618164062,131.55601107722748,129.09461282832507,130.97043911965648,23747800
719,2023-11-10,131.59568786621094,131.80411971424755,128.43954234138178,129.12437037075154,26913300
720,2023-11-13,131.0994415283203,131.59569198317294,130.26574439881477,130.7917686694096,18324800
721,2023-11-14,132.6179656982422,134.68236939202447,132.3202275430886,133.1836984817578,32395200
722,2023-11-15,133.6104736328125,134.01740265875648,132.56835974620077,133.8585988714082,23861500
723,2023-11-16,135.9031524658203,136.1909862320152,133.3127394362453,134.17621044610362,28013200
724,2023-11-17,134.29530334472656,135.03967906955006,132.64774810580346,134.98013143466227,37240600
725,2023-11-20,135.22825622558594,135.63518525511367,132.61797384637484,132.68745618308765,27815500
726,2023-11-21,135.94285583496094,136.15127255285424,134.9404353311043,135.2679473163652,22635300
727,2023-11-22,137.45144653320312,138.3744650434286,136.43909143782605,136.43909143782605,17813900
728,2023-11-24,135.66497802734375,137.09418203702575,134.97023028496082,136.99492586910037,12514300
729,2023-11-27,135.38706970214844,137.38199132880567,134.9801406435023,135.0099144629775,23436500
730,2023-11-28,136.17112731933594,136.22075539571145,134.40447683977845,135.05953110146496,18730000
731,2023-11-29,133.9777069091797,137.25294788509495,133.8288226820438,136.53836114342,23967200
732,2023-11-30,131.53614807128906,134.53350514378005,130.29552189907486,134.03725467489437,38988300
733,2023-12-01,130.8711700439453,131.11929527039416,129.69009154295097,130.8711700439453,31442300
734,2023-12-04,128.30059814453125,129.05489339161807,126.94086915840347,128.90602431139112,36669900
735,2023-12-05,130.00770568847656,131.14907573021983,127.28824761685543,127.98299525723667,27384800
736,2023-12-06,129.04498291015625,130.85132683618656,128.9060333773847,130.45433249808588,23576200
737,2023-12-07,135.9031524658203,137.52093391588886,133.68987951198724,134.02732621189014,56767100
738,2023-12-08,133.9777069091797,135.37712172033739,133.02489934634232,133.19362268827305,32260100
739,2023-12-11,132.29043579101562,132.3400638639477,130.37491635960205,131.3872714988426,31138000
740,2023-12-12,131.52622985839844,132.00262607297714,130.2756689716308,130.82154752185775,29032800
741,2023-12-13,131.57586669921875,132.49888537297187,130.583365685189,132.37979009748466,30104800
742,2023-12-14,130.95059204101562,132.7172427130491,128.71746466008253,132.3797959879111,38722400
743,2023-12-15,131.60562133789062,132.5087856193142,130.19625677632916,130.63295958195536,50847100
744,2023-12-18,134.7816162109375,136.12148324947407,131.43687810405666,131.6353903862347,32258000
745,2023-12-19,135.625244140625,136.43910216120065,135.05952649346082,135.81382173780045,25476800
746,2023-12-20,137.3025665283203,140.63737005261123,137.03460219773686,137.9278469217378,49107200
747,2023-12-21,139.3669891357422,139.63496864718894,138.13628243906402,138.44397047150616,27488300
748,2023-12-22,140.428955078125,140.92520551853121,139.6548056026402,139.7143532323911,26532200
749,2023-12-26,140.45875549316406,141.61004522322366,140.13122832314528,140.52822269290866,16780300
750,2023-12-27,139.31736755371094,141.01455101287016,138.8409712900939,140.52822004635922,19628600
751,2023-12-28,139.17840576171875,140.0815852724405,138.70200954003505,139.72428432008698,16045700
752,2023-12-29,138.6424560546875,139.3074298543242,137.73927658207975,138.5829084225353,18733000
753,2024-01-02,137.13385009765625,138.4042500618413,135.45652112222194,137.51100529289818,23711200
754,2024-01-03,137.8782196044922,138.58290188858055,136.05202163090297,136.2207449621666,24212100
755,2024-01-04,135.3671875,138.1164190375322,135.32749413034747,137.38196297189364,27137700
756,2024-01-05,134.71217346191406,136.13145794579813,134.13652099206422,135.7245288498821,22513900
757,2024-01-08,137.798828125,137.96755146900708,135.23817385924744,135.26794767616852,21404000
758,2024-01-09,139.89300537109375,140.42896436301152,137.11399969220417,137.46138108120132,24759600
759,2024-01-10,141.21302795410156,141.9276298192861,139.85330655657418,139.94262800363174,21320200
760,2024-01-11,141.01454162597656,144.13099411000476,139.58533778589887,142.4139716480829,24008700
761,2024-01-12,141.58026123046875,142.12613980794654,140.75649872961355,141.60011549083978,18785500
762,2024-01-16,141.42147827148438,143.267530806828,140.38926871174172,140.93514731118603,22670500
763,2024-01-17,140.4091033935547,140.77632387999014,137.85836881382235,140.29000813187008,20968600
764,2024-01-18,142.40402221679688,143.12855876412843,140.92520559596517,140.98475322574876,25746400
765,2024-01-19,145.2822723388672,145.35173951998564,143.29727073355673,143.65457162828704,34271900
766,2024-01-22,144.8952178955078,147.2772140972634,144.7463336676715,145.99689454630132,32200400
767,2024-01-23,145.93734741210938,146.0762969530336,144.40890246194306,144.79597726482936,21636100
768,2024-01-24,147.58489990234375,148.72628517168496,146.98940837188923,147.42609610314366,25233500
769,2024-01-25,150.73109436035156,151.90225320047952,148.4185656374429,148.944605003714,29149100
770,2024-01-26,151.0487060546875,151.39607226389228,149.8775471822791,149.96688376806185,26115500
771,2024-01-29,152.3588104248047,152.62678991300623,150.29440669865645,150.919687123006,27784300
772,2024-01-30,150.32421875,152.46800955182925,150.05623922063467,151.65416654936732,36331800
773,2024-01-31,139.0493927001953,142.9201404462014,138.82110657193016,142.5429852293833,71910000
774,2024-02-01,140.1014404296875,141.9871862131904,139.73420477296187,141.0542328791591,40466500
775,2024-02-02,141.31228637695312,141.55047690627347,135.47637609880854,138.21567319652831,62499600
776,2024-02-05,142.60255432128906,144.379139815268,141.7093093668447,141.74901789267554,38505400
777,2024-02-06,143.0193634033203,144.26990888997287,142.11618409078037,143.56522669754864,29128200
778,2024-02-07,144.4485626220703,144.52796450496214,142.85063569672877,143.67441319432578,25208900
779,2024-02-08,144.81582641601562,145.2326750240787,144.01190301872515,144.73642451766594,22563800
780,2024-02-09,147.8826446533203,148.31934750358255,145.08378464629212,145.58003513170593,26829500
781,2024-02-12,146.42364501953125,148.2200690837802,146.26484125340653,147.3069701451041,21564100
782,2024-02-13,144.05157470703125,145.57009981647306,142.61245148398422,143.83322330553597,27837700
783,2024-02-14,144.8455810546875,145.42123338322318,143.00944836635193,144.9845305723091,22704200
784,2024-02-15,141.6993865966797,142.4437624233043,139.40671147377435,142.06660715828437,37590700
785,2024-02-16,139.4662322998047,142.1162079157189,139.08907710730534,141.9177107623263,31468900
786,2024-02-20,140.0617218017578,141.01452932682773,138.44395563708255,138.6126789723254,25144700
787,2024-02-21,141.4810028076172,141.61995232438937,139.62501587257833,140.38924578700608,23223300
788,2024-02-22,143.0094451904297,143.9126246070933,141.72912574537517,143.84314227764477,27191900
789,2024-02-23,142.88043212890625,143.59501882359496,142.35439273418308,142.5925983953203,19493800
790,2024-02-26,136.53834533691406,141.3718194933305,136.35968731390602,141.0740662178909,53641800
791,2024-02-27,137.83853149414062,138.20575198535647,136.06194638095468,136.98498010411188,33099200
792,2024-02-28,135.3572998046875,136.975066239049,134.394572562124,136.86589051635528,37328600
793,2024-02-29,137.42169189453125,137.81868622745773,135.377127161307,136.25053286698093,42133000
794,2024-03-01,136.111572265625,137.8285945752075,135.89322085696574,137.39189175788897,31151100
795,2024-03-04,132.35000610351562,134.64268084656484,130.9208023300921,134.64268084656484,55999400
796,2024-03-05,131.6750946044922,132.2408273954596,129.69009277405854,130.89102554499024,40194800
797,2024-03-06,130.41461181640625,132.57827164707297,129.86874843851078,132.12171457090452,35318600
798,2024-03-07,133.3722686767578,133.92806672802465,130.6230370899261,131.79418082018677,37738200
799,2024-03-08,134.39454650878906,137.0544415724304,132.99511664674006,133.20354849306366,39370400
800,2024-03-11,136.63760375976562,138.05688799115902,135.10915896262767,135.10915896262767,32437800
801,2024-03-12,137.46141052246094,138.3348163885841,136.00243260717147,136.00243260717147,27563400
802,2024-03-13,138.74169921875,140.03195346478358,137.94771058521772,137.95763014261004,23347200
803,2024-03-14,142.02688598632812,142.51320173883516,139.40668419509728,140.13120561748423,42753400
804,2024-03-15,140.12127685546875,142.10627875552206,138.97990682068314,141.43138537879798,49475400
805,2024-03-18,146.57252502441406,151.00900524024846,146.06635501951953,147.4955587325886,69273700
806,2024-03-19,145.9274139404297,147.6742101661268,144.98454106374294,147.04894486376466,24070400
807,2024-03-20,147.6245880126953,147.7436832734465,145.6395862302464,146.89013190121898,21311500
808,2024-03-21,146.49313354492188,149.24235003352564,145.79837082481882,148.34910531390932,24755600
809,2024-03-22,149.63937377929688,150.4432971327226,147.86278858243205,148.0017381108715,29211800
810,2024-03-25,148.94464111328125,149.2523140183074,146.71151373173285,148.8156111294841,19229300
811,2024-03-26,149.5401153564453,151.1181882221387,148.85528728225617,149.09349296069317,22149100
812,2024-03-27,149.73861694335938,150.50284693295552,147.78338881509114,150.04628982187702,22879200
813,2024-03-28,149.7981719970703,150.294422508123,149.04387667224117,149.71878524234197,24485400
814,2024-04-01,154.32398986816406,154.57211512447668,149.48058001874543,149.55998191808914,31730800
815,2024-04-02,153.40093994140625,153.53988946458512,151.0090090869194,152.34889138814307,24586000
816,2024-04-03,153.7582550048828,153.91705880149465,151.58467536489442,152.44816154374408,24705000
817,2024-04-04,149.40115356445312,153.60936267184238,149.32175167815961,152.34888233651972,34724700
818,2024-04-05,151.3563995361328,152.26949862092886,148.47815275024013,148.90492090258869,23459200
819,2024-04-08,153.6887969970703,154.10564562982418,151.46558914468523,151.63431250953576,20702000
820,2024-04-09,155.42567443847656,157.3709680650796,154.02624428775735,154.9194891977169,31079500
821,2024-04-10,154.96910095214844,155.43557761990488,153.52004287147383,155.03858328938844,22838600
822,2024-04-11,158.21458435058594,158.48254871038773,155.28670949781988,155.73333190851926,27166400
823,2024-04-12,156.54718017578125,159.01851314437133,155.96160821412113,156.7754663121818,25353700
824,2024-04-15,153.69869995117188,158.0458590213951,153.43072045036504,157.6687038087309,27136500
825,2024-04-16,153.24212646484375,154.4827525377274,152.27939942073715,153.03370976544159,20779500
826,2024-04-17,154.30413818359375,155.90206546670152,153.42081286214687,154.45300728212143,21763100
827,2024-04-18,154.84007263183594,155.76310641946125,153.4604968736819,154.17509879172633,19883000
828,2024-04-19,152.93446350097656,155.1874448352903,151.157893513365,155.02864105305625,32615600
829,2024-04-22,155.1080322265625,156.45783399355932,152.90467911948886,153.15280433294885,26446200
830,2024-04-23,157.0731964111328,157.7778787559541,155.10804875158632,155.78295727916927,21151600
831,2024-04-24,157.93667602539062,158.37337885267914,155.991367561386,156.30897512463662,22779100
832,2024-04-25,154.83016967773438,155.3165006626678,149.73863425175063,150.1951914156029,57109700
833,2024-04-26,170.66053771972656,173.399850072579,168.37778247380382,173.06238823512538,64665300
834,2024-04-29,164.90402221679688,168.27853443993808,163.97108407090454,167.79220353593925,45610000
835,2024-04-30,161.5592803955078,166.83939196600213,161.3806375192715,164.36805950087611,33562900
836,2024-05-01,162.63121032714844,165.86675805283966,161.86698033617475,163.0679131791334,33493200
837,2024-05-02,165.37049865722656,165.4796743643417,162.6609753825577,163.55422015396346,24294500
838,2024-05-03,165.98585510253906,166.70045695836217,161.82727393012354,166.303447513815,34662400
839,2024-05-06,166.83941650390625,166.8791098785654,164.78493225886228,166.2042164988209,21871300
840,2024-05-07,169.96578979492188,170.47195983372737,167.12723643695188,167.23641214858006,28039700
841,2024-05-08,168.1098175048828,168.87403234038655,167.4746174960537,167.73266229376583,19569100
842,2024-05-09,168.68544006347656,169.40996139602566,166.9187747335605,168.11970734679622,15346700
843,2024-05-10,167.38528442382812,168.57629771677423,164.94374049088748,166.76993866167226,29799900
844,2024-05-13,167.87159729003906,168.01054680668042,162.77014340140366,163.02818817677723,31327600
845,2024-05-14,169.06260681152344,169.96578630331507,167.5341620244905,168.49688914969917,25127100
846,2024-05-15,171.21633911132812,171.3552886431622,169.23133714549078,169.35044756160798,26948400
847,2024-05-16,172.87380981445312,173.8067631392547,171.3949930775493,171.99048456648705,27867900
848,2024-05-17,174.73971557617188,174.94814744007684,172.387493160876,172.87380893604973,24479300
849,2024-05-20,175.59326171875,177.42939448654315,174.7595645769426,174.86874028439564,22554400
850,2024-05-21,176.5162811279297,176.81401926558146,174.49157092573145,175.57339321082898,16989400
851,2024-05-22,175.0573272705078,175.82154211929756,173.89610294407106,175.31537207270605,17880000
852,2024-05-23,172.24855041503906,176.913302054648,171.65304376131735,175.7421581518555,21024900
853,2024-05-24,173.67774963378906,174.45189917635065,172.34778682854989,173.6678149317287,16579400
854,2024-05-28,175.07716369628906,175.94064983167806,173.06238795431943,173.14178984862892,20572200
855,2024-05-29,174.58090209960938,175.51385536789155,173.4097583079271,174.1144254654683,23388700
856,2024-05-30,170.81935119628906,173.90602997495594,170.50174360052324,173.88617571412965,22931500
857,2024-05-31,171.2064208984375,171.7622190301401,168.16937028994596,170.57122087015406,37638900
858,2024-06-03,171.8714141845703,173.22121629038867,169.87649241956527,171.24613364350031,27459100
859,2024-06-04,172.48672485351562,172.5462876288162,170.60097920010114,171.98055484617473,26879600
860,2024-06-05,174.09458923339844,175.32528067630372,172.62567697442577,173.88615737761106,22068500
861,2024-06-06,175.40467834472656,175.8215269019053,174.43203171130955,174.5809007873156,23251000
862,2024-06-07,173.1517333984375,176.53615034318676,172.99292960170388,175.72230738756323,19661400
863,2024-06-10,173.89694213867188,175.9339073021769,171.66125199471998,173.85720320728015,23726700
864,2024-06-11,175.4967041015625,175.71530612964037,172.66483900249895,175.09925413873597,21540600
865,2024-06-12,176.65924072265625,179.26258771171092,174.98993287783568,177.1163217725909,27864700
866,2024-06-13,174.0459747314453,175.6159276488582,173.76775676245995,174.98992963777008,20913300
867,2024-06-14,175.6656036376953,175.93389067490244,173.04239472317744,173.1119567987189,18063600
868,2024-06-17,176.11276245117188,177.22563442085436,173.69820932054725,174.34408443003642,19618500
869,2024-06-18,173.97642517089844,176.26180021913805,172.9927312675741,176.01339021741077,21869900
870,2024-06-20,175.1787567138672,176.16245073210138,173.8770905786415,174.25466351538762,20160100
871,2024-06-21,178.48757934570312,179.69982150326564,175.48678194241356,175.87430098217567,57759000
872,2024-06-24,178.0801544189453,179.73953132877418,177.53364940990167,179.014178404994,18298000
873,2024-06-25,182.85955810546875,183.11789903328065,178.27887734653552,178.47760230344795,23130200
874,2024-06-26,182.7105255126953,183.33650839401088,181.31942043498108,181.4684755299556,19839000
875,2024-06-27,184.23080444335938,184.8667334659005,182.84964538682112,183.00861627114853,18848900
876,2024-06-28,180.99151611328125,183.95257416720727,180.802737253132,183.14772821008222,29156600
877,2024-07-01,181.82620239257812,182.710541450962,180.14694824354996,181.8659413243254,16006100
878,2024-07-02,184.06187438964844,184.38977740074063,180.40527139828873,180.89216044416673,17372500
879,2024-07-03,184.63819885253906,184.90647074592763,182.8297667085458,183.67436680423387,10242100
880,2024-07-05,189.3877716064453,189.64611252303916,184.61829703894276,184.67791300725352,20967500
881,2024-07-08,187.82777404785156,188.96052307793317,186.58572400777334,188.69223602398804,21035900
882,2024-07-09,187.77810668945312,190.14297504012512,187.51976571502695,189.0996498759025,15121400
883,2024-07-10,189.96408081054688,190.53046286697955,187.82776095522303,187.94699289900143,15952500
884,2024-07-11,184.38980102539062,189.64615049436205,183.90291191713072,188.6425794494634,25625800
885,2024-07-12,183.89295959472656,185.9199784961909,183.31664658309873,183.90289053636494,22898400
886,2024-07-15,185.34368896484375,187.0428202283238,183.74392777730802,183.74392777730802,16474000
887,2024-07-16,182.75025939941406,187.4799801449797,182.20375438973656,186.16838328349618,18290700
888,2024-07-17,179.86874389648438,182.38265225882662,178.7558566203648,181.80633915338416,20734100
889,2024-07-18,176.55990600585938,181.33931230427376,175.3476639106666,180.77293018820677,25315700
890,2024-07-19,176.53009033203125,179.14335328560048,176.0034623321631,177.74233237445245,18881900
891,2024-07-22,180.5145721435547,181.53802010319112,179.08372815601643,179.44143915290098,24100300
892,2024-07-23,180.63381958007812,182.44225176435077,180.3854095654304,180.89217569882794,36352700
893,2024-07-24,171.53207397460938,175.069429864651,170.72722801961868,172.4959059646395,49585200
894,2024-07-25,166.21607971191406,172.3170280346565,166.1266557605644,171.42275819767704,44852000
895,2024-07-26,165.9378662109375,167.02093008211898,163.01656242781235,166.08690613385536,41336900
896,2024-07-29,168.45181274414062,169.34608281087273,166.9216135904168,167.75626767426616,20293800
897,2024-07-30,169.20697021484375,170.14099435822163,167.36874508064338,169.15730033798988,18959700
898,2024-07-31,170.4490203857422,173.14179179588766,168.92875220730326,172.13822072778103,25729100
899,2024-08-01,169.67396545410156,172.94304963161613,167.80593251440823,169.1672144988525,24531400
900,2024-08-02,165.6000518798828,167.438276847675,163.62270275190997,165.38144985923282,29130100
901,2024-08-05,158.2371826171875,163.38423094995542,153.94465019728176,154.51103232007947,53630700
902,2024-08-06,157.2832794189453,159.54879271884894,155.41524640434096,158.31667357844438,49004600
903,2024-08-07,157.9291534423828,161.94345261056785,157.46214140159782,160.2244595533612,25138600
904,2024-08-08,160.99948120117188,162.64892717046854,159.1910643615004,159.48914421954225,25578800
905,2024-08-09,162.62905883789062,162.74829078749448,158.04837777910737,158.99233275753915,28602300
906,2024-08-12,161.25782775878906,163.85122874644176,160.810692794382,163.30473887980148,15895300
907,2024-08-13,163.11595153808594,163.6823184730739,161.93351747234263,162.37072151296138,18551700
908,2024-08-14,159.3500518798828,162.18193212107965,156.70698083807574,161.36713999266024,40591100
909,2024-08-15,160.2741241455078,160.61195808374163,158.59487023369454,159.4792091671549,31524300
910,2024-08-16,161.923583984375,164.0102189248703,160.1052209322512,160.44305489951088,24208600
911,2024-08-19,165.60997009277344,165.62984713723483,163.21529415355107,164.2288111566864,22416200
912,2024-08-20,166.1167449951172,167.56746621538298,165.7590491136282,165.8385269794626,18341500
913,2024-08-21,164.79519653320312,165.7888365119098,163.62269347422293,164.09963641871417,22902000
914,2024-08-22,162.7582244873047,166.5241131721472,162.2713354606225,166.19621017398273,22493300
915,2024-08-23,164.56663513183594,165.12307104909706,162.78802638475184,163.67236528791506,13955700
916,2024-08-26,165.1032257080078,166.48438469877073,163.414040743741,165.32182772050928,14190400
917,2024-08-27,163.6326141357422,165.38143009191396,163.4140273029626,164.78524007744778,11821900
918,2024-08-28,161.8142852783203,164.54679536636124,160.50267315842373,163.99034421256823,16407400
919,2024-08-29,160.75108337402344,164.91443753942139,159.2308153360169,163.2649914453281,19699800
920,2024-08-30,162.34092712402344,162.61914514376983,160.66167290086105,161.5857509317876,22123800
921,2024-09-03,156.35919189453125,160.82064097809814,155.48478383780713,160.69146292560666,38945300
922,2024-09-04,155.45498657226562,157.9887717937597,154.9681126394364,155.66365765900977,19353800
923,2024-09-05,156.23995971679688,158.4358956354768,154.98796360800392,155.30593568698094,18688700
924,2024-09-06,149.96014404296875,156.82619994728552,149.59250210192843,156.29957197054128,37912100
925,2024-09-09,147.96029663085938,152.62663960312594,146.47780288600765,151.74112707707891,39260500
926,2024-09-10,147.91053771972656,150.50738007285446,147.59214370497173,149.6915067964419,31118800
927,2024-09-11,150.39791870117188,150.73620092097835,146.77627065265514,149.16416479252044,29607700
928,2024-09-12,153.91014099121094,154.03949046129577,151.88041704126704,153.02462848632382,29621500
929,2024-09-13,156.6661834716797,157.58154353635638,154.42752668404324,154.64640360263152,29591200
930,2024-09-16,157.26315307617188,157.45219763829544,155.81052202950406,156.51693413001883,18379800
931,2024-09-17,158.5167999267578,159.740594664956,157.5815364815847,158.21830933206348,20715600
932,2024-09-18,159.0043182373047,159.6908420434117,157.80042693308812,159.05406919954734,23677300
933,2024-09-19,161.32257080078125,162.96424625525552,160.52660096333298,162.88466293518638,26587700
934,2024-09-20,162.76527404785156,162.90456764484875,161.2429886014312,162.67573141732413,40896400
935,2024-09-23,161.0340576171875,164.65570636191646,160.8549571722446,163.52145415015693,24150900
936,2024-09-24,161.47181701660156,162.39713636620655,159.87989243963506,162.20809181188605,23332100
937,2024-09-25,160.6758575439453,161.9891949013652,160.48681299524299,160.6559541225392,18869200
938,2024-09-26,161.9095916748047,163.2527917160846,161.46186338833198,162.81500754909376,20319300
939,2024-09-27,163.12344360351562,164.86462098454524,161.81010627353578,161.98919151686223,21101300
940,2024-09-30,165.01388549804688,165.31236092462515,162.43693125430474,162.49664152148338,20413900
941,2024-10-01,166.1481170654297,168.30717508055415,163.75026355678568,166.8445849442019,28338100
942,2024-10-02,165.02383422851562,166.67546915041717,163.89952615078477,165.58100861617797,17760200
943,2024-10-03,165.02383422851562,165.79990072302581,163.09361211278292,163.58114729291918,15073100
944,2024-10-04,166.21775817871094,167.38185775705003,164.64572198743747,167.21271664038824,19047400
945,2024-10-07,162.15834045410156,167.63061248672904,161.92950423820415,166.87444945314562,22463100
946,2024-10-08,163.55130004882812,163.89952645082283,162.0489028416346,163.11351583433103,23072700
947,2024-10-09,161.0439910888672,164.00896330918712,158.9346838265827,162.62597153558053,31181800
948,2024-10-10,161.26287841796875,162.2478928162512,159.59134021317385,160.0589719311791,14144100
949,2024-10-11,162.41705322265625,163.07371438426654,160.42713595045353,161.3126485293092,15344300
950,2024-10-14,164.12835693359375,165.39194326757854,162.5762089577725,162.8150044575592,19016100
951,2024-10-15,164.6258544921875,166.83464858810927,163.80003704311807,164.95417746587214,20247200
952,2024-10-16,164.32736206054688,164.96413494193072,162.91452270440968,163.70053329945262,16406000
953,2024-10-17,162.10858154296875,165.53124122104538,161.93944041934847,164.8944683866494,21453400
954,2024-10-18,162.5961151123047,163.87962007018098,162.25783286831472,162.36727890982462,19757700
955,2024-10-21,163.24285888671875,163.67068378195492,161.8001568233936,162.12849497134508,20946500
956,2024-10-22,164.3074493408203,164.93427806644567,162.15833529455813,162.15833529455813,16568100
957,2024-10-23,161.9593505859375,164.98403306169303,161.11362975074982,163.9293642522353,18280500
958,2024-10-24,161.899658203125,162.50658353239453,160.198272384398,162.00910425207076,22412500
959,2024-10-25,164.4368133544922,164.7551922144046,162.59613385740113,162.84487350933975,19828900
960,2024-10-28,165.87948608398438,167.89925067008892,163.12344672576728,167.89925067008892,32138600
961,2024-10-29,168.82456970214844,169.52105287482345,166.24763054521426,166.8844034485081,42169000
962,2024-10-30,173.58047485351562,181.1023590425056,173.18248232545162,179.7691030508194,68890800
963,2024-10-31,170.24734497070312,175.92856453316725,170.13789893136754,172.2571653376557,44769000
964,2024-11-01,170.42645263671875,171.45127396637912,168.02861393876626,169.2126171068855,31796500
965,2024-11-04,168.3867950439453,169.86927360734452,167.16298506324307,169.07330370933886,21492700
966,2024-11-05,168.88426208496094,169.67027262380228,167.98879032144563,168.57581219568198,18242100
967,2024-11-06,175.62013244628906,176.04797252771442,172.62531260376363,172.92380321236175,33695500
968,2024-11-07,179.83876037597656,180.16709852379773,176.2967103185547,176.51560241710214,25352900
969,2024-11-08,177.4508514404297,179.98798342551285,177.18220839921253,179.7392438048685,22006200
970,2024-11-11,179.44078063964844,179.6397693133584,177.5702537066768,177.67969975449668,17450400
971,2024-11-12,180.70437622070312,181.57000052707394,178.4856227918212,178.91346288473798,25134900
972,2024-11-13,177.9781951904297,180.04771085332573,177.6398977358846,179.55023156460638,23184000
973,2024-11-14,174.69482421875,177.9184953896884,173.44118190987194,177.38120927026733,31007500
974,2024-11-15,171.62042236328125,173.26209805690692,170.35682063157654,172.85416136828243,32504600
975,2024-11-18,174.41624450683594,174.55553810267529,172.0283347729084,172.54571749253887,20135300
976,2024-11-19,177.2220001220703,177.9682189842711,172.68499186898757,172.84418886990383,23434900
977,2024-11-20,175.09280395507812,176.78423047859985,172.90389814923452,176.44594821026809,18997100
978,2024-11-21,166.784912109375,173.2521428982115,162.87471698401734,173.02329149320352,59734400
979,2024-11-22,163.9293670654297,165.62080876483188,163.07370209558795,165.0138834352713,38604600
980,2024-11-25,166.80479431152344,167.77986461840595,164.77508555590978,165.25266140749017,33135300
981,2024-11-26,168.26739501953125,168.96387819100605,166.73516544238646,166.7849164091866,20486700
982,2024-11-27,168.37681579589844,168.62555541069312,167.17292456213445,168.14797960120848,19266500
983,2024-11-29,168.09823608398438,168.57581191461244,166.31726704322566,167.6505077939042,14257200
984,2024-12-02,170.6254425048828,171.21246438956555,167.72016544073577,167.91915410888186,23789100
985,2024-12-03,170.4761962890625,171.80943711786688,169.98867631030456,170.62544918240982,22248700
986,2024-12-04,173.4909210205078,174.02820715023717,170.1976105823781,170.28715321004535,31615100
987,2024-12-05,171.76963806152344,175.17239437366248,171.46120334982362,174.4759264469432,21356200
988,2024-12-06,173.8292236328125,174.19735345650352,170.9935855509351,171.16272669105973,21462400
989,2024-12-09,174.6858367919922,175.57236409115308,172.9725456881121,173.28134907482925,25389600
990,2024-12-10,184.44761657714844,185.63297660419835,180.34369430470025,182.13667521959667,54813000
991,2024-12-11,194.63771057128906,194.84689801892716,184.1288797897164,184.58707675233347,67894100
992,2024-12-12,191.21115112304688,194.41857559087046,190.96212639857904,194.23928508489988,34817500
993,2024-12-13,189.07948303222656,191.97811901209872,188.90017734316862,190.2648278463795,25143500
994,2024-12-16,195.89280700683594,198.22367470987274,191.86855906897816,192.11758378595036,44934900
995,2024-12-17,194.6576385498047,200.6342317451905,194.21935261692775,196.48050129830887,43504000
996,2024-12-18,187.66502380371094,196.231480292107,187.00761009122783,194.45842549322595,34166100
997,2024-12-19,187.7745819091797,192.27695280314458,187.64509939888953,190.88242054359256,32265200
998,2024-12-20,190.66326904296875,192.13749096545695,184.49741523030252,185.0552281091218,63462900
999,2024-12-23,193.8707275390625,194.33889522295496,189.40819366703502,191.86855908689105,25675000
1000,2024-12-24,195.34494018554688,195.34494018554688,193.02402811118543,194.0798904284353,10403300
1001,2024-12-26,194.83692932128906,195.9824368496,193.6216875820622,194.38867270656962,12046600
1002,2024-12-27,192.0080108642578,194.55803671433245,189.9062416607854,194.18946980047588,18891400
1003,2024-12-30,190.49395751953125,191.79884463576994,188.3822175336386,189.05957268360805,14264700
1004,2024-12-31,188.56150817871094,191.21113466683676,187.77458160553064,190.33456284838633,17466900
1005,2025-01-02,188.6909942626953,191.25097555403835,186.76853081449056,189.90623605246924,20370800
1006,2025-01-03,191.0417938232422,192.45626758091493,189.23885731709424,190.62343412562188,18596200
1007,2025-01-06,196.10198974609375,197.44672936937255,193.09378194764346,193.2232644718959,29563600
1008,2025-01-07,194.72735595703125,200.2158547626208,193.84082865087865,196.3410311167276,26487200
1009,2025-01-08,193.19337463378906,195.52424236393108,191.62950729663424,191.818768515616,24864800
1010,2025-01-10,191.29080200195312,195.7533354559894,189.5675553775491,193.54199496025797,26665200
1011,2025-01-13,190.26483154296875,190.43416651970912,186.62907690279673,189.32851141262705,21823700
1012,2025-01-14,188.92010498046875,191.23104632862814,187.57536549994643,190.4939429327445,17174900
1013,2025-01-15,194.78712463378906,195.59396223510123,191.1115176062456,192.33671488233958,21776000
1014,2025-01-16,192.15740966796875,194.71737550066445,192.05779371525637,193.38260685017687,17815400
1015,2025-01-17,195.23538208007812,196.46057945672584,192.99415958170988,195.76331327486383,27735100
1016,2025-01-21,197.27737426757812,201.50082353528188,197.0980685764286,198.29339931939404,29971300
1017,2025-01-22,197.59613037109375,199.6978996202174,196.7594109579838,198.28344103159932,26200600
1018,2025-01-23,197.2076416015625,199.5185981768782,194.43848807720923,197.3670210617764,26951400
1019,2025-01-24,199.428955078125,200.11625050908367,197.22756995808922,197.32718592161126,23877500
1020,2025-01-27,191.0617218017578,196.11195036774717,189.98593319836488,191.65938720339696,41728900
1021,2025-01-28,194.53811645507812,194.71740695981467,189.9361292430902,191.99806124313736,24157900
1022,2025-01-29,194.6476593017578,196.02226523360838,192.67537284426942,194.79706803372179,18218300
1023,2025-01-30,200.0863800048828,200.61431120284323,196.89886658344366,197.22758104242592,24354700
1024,2025-01-31,203.22409057617188,204.6783863780237,201.0127499247283,201.21196665384008,32001100
1025,2025-02-03,200.44496154785156,202.9551348332388,199.31938021531738,199.90707487204236,27838300
1026,2025-02-04,205.5748748779297,206.2422592489475,202.0187948719897,202.59653399897414,43856400
1027,2025-02-05,190.58360290527344,191.99806150855852,187.29647352052726,190.32462266498615,70373900
1028,2025-02-06,190.8525390625,191.35058847007514,187.98376961110344,188.7607254709797,29297400
1029,2025-02-07,184.61695861816406,190.43417229867478,182.52516013677956,190.3046897826863,49315000
1030,2025-02-10,185.7425537109375,187.46580046504565,185.13493280467802,186.61912556239702,23105600
1031,2025-02-11,184.5970458984375,186.21072116923287,183.56109458441756,184.3081687207876,21239500
1032,2025-02-12,182.89370727539062,184.38785552440282,181.12065256917043,182.5052293386179,22072600
1033,2025-02-13,185.41383361816406,185.5532868448968,182.42553716023775,183.6009416706382,21402500
1034,2025-02-14,184.50738525390625,185.67281908148942,183.60094685418304,184.3380502737544,20448400
1035,2025-02-18,183.0531005859375,185.23455962642282,181.0310210185614,184.87596341155862,29916700
1036,2025-02-19,184.5472412109375,184.73650242741212,182.8737872119756,183.35192561125757,19549400
1037,2025-02-20,183.83999633789062,184.587070455128,182.00717815142445,184.07906552714084,20441500
1038,2025-02-21,178.95912170410156,184.61695583425816,178.38138255149903,184.42769462228776,35199200
1039,2025-02-24,178.5507049560547,182.40560234155157,178.19210879001352,181.28002106421596,29854200
1040,2025-02-25,174.7356414794922,178.0426966360842,174.0084936453782,177.34541534936753,41913400
1041,2025-02-26,172.05615234375,175.39308961437996,170.9106447310479,174.38703523452213,35431300
1042,2025-02-27,167.84266662597656,173.87902359915924,167.28485366729163,173.31125512309177,39991000
1043,2025-02-28,169.61572265625,169.94443712332475,166.11942092343116,168.0219583066627,48130600
1044,2025-03-03,166.35845947265625,172.69364861452485,165.28267091657344,171.2592638730811,40770500
1045,2025-03-04,170.2532196044922,172.6139690982364,165.15319817693035,165.5914841182232,45388000
1046,2025-03-05,172.34503173828125,173.10206141211768,168.4004735026306,169.85478454890304,30954900
1047,2025-03-06,171.67764282226562,174.12803748089462,169.83485387065045,169.8647356201999,28302000
1048,2025-03-07,173.1817626953125,174.2874331291024,169.60577114071108,170.59189936594015,27385800
1049,2025-03-10,165.41319274902344,167.99607150995365,163.23920372577845,167.7966101322015,43604000
1050,2025-03-11,163.58822631835938,166.29076966008637,160.92558133782,164.45584068137828,39587400
1051,2025-03-12,166.6497802734375,167.17831943801426,163.07963775446962,166.12124110886077,28372400
1052,2025-03-13,162.311767578125,165.67249723739275,161.6635637085375,165.58273352485466,31756200
1053,2025-03-14,165.03424072265625,166.03148669065808,162.00260445854184,162.82035345635094,31995900
1054,2025-03-17,163.83753967285156,165.8420138841619,163.21925201833648,164.57550719551887,31184300
1055,2025-03-18,160.22750854492188,163.79765095180105,156.28838999765335,163.2292134435371,42074800
1056,2025-03-19,163.43865966796875,165.41320264839743,160.55661910146412,161.3145206452732,34275600
1057,2025-03-20,162.35165405273438,164.43589456907407,160.51672503978745,161.1250457167365,28138500
1058,2025-03-21,163.5383758544922,163.7876873527184,160.44690718978086,160.76603321155818,36625800
1059,2025-03-24,167.2182159423828,167.85646804378672,164.68521758619846,166.60991043967152,30879100
1060,2025-03-25,170.0902862548828,170.16010078341677,167.85646481007365,168.51463564762358,24174400
1061,2025-03-26,164.6054229736328,169.14289533485737,164.38602763542738,168.5345746637908,28901600
1062,2025-03-27,161.79319763183594,164.96443262961915,161.55385311215238,164.17661497957295,24508300
1063,2025-03-28,153.9049835205078,161.37436185470784,153.20691433431318,160.04802279255455,48669300
1064,2025-03-31,154.21412658691406,155.11164193370462,150.24509161947617,152.68834136730996,54603500
1065,2025-04-01,156.63743591308594,157.6645980717382,153.1969250530925,153.1969250530925,30672900
1066,2025-04-02,156.60751342773438,157.973750867397,154.27396131633463,154.72271899671657,25041700
1067,2025-04-03,150.304931640625,152.35925614776784,149.97583860548548,150.6938570063776,46883400
1068,2025-04-04,145.19903564453125,150.65397293111235,144.9796402891217,147.60238713771614,62259500
1069,2025-04-07,146.34584045410156,152.4290467232269,140.14296954255582,141.16016465342514,76794100
1070,2025-04-08,144.30149841308594,151.82074204837693,142.63609935843277,150.80354683062922,52200200
1071,2025-04-09,158.27291870117188,159.11060168568548,143.51367491882445,144.02226489868636,70406200
1072,2025-04-10,152.39913940429688,157.28563866565491,149.51708388683267,156.10888048544342,48022000
1073,2025-04-11,156.70724487304688,157.2357840662013,152.39914981719627,152.47891611104427,33636200
1074,2025-04-14,158.63194274902344,161.27463879929493,157.126091415259,159.559374308141,30333000
1075,2025-04-15,155.87953186035156,159.2103301054895,154.78257030571797,158.6917731015249,27551500
1076,2025-04-16,152.90773010253906,155.46067741277207,151.09273508921532,152.67836778458886,28187400
1077,2025-04-17,150.74371337890625,154.25400844452392,148.09103529003713,153.86508310192784,33046600
1078,2025-04-21,147.26332092285156,148.53979463690146,145.6976525525358,148.46999532680982,26049100
1079,2025-04-22,151.0528564453125,151.77087479980403,148.13091768280205,148.47995987784566,26971800
1080,2025-04-23,154.92218017578125,157.09616926384234,153.38641273519517,155.1814586711159,31128800
1081,2025-04-24,158.84133911132812,159.15048293168,155.36094514919478,155.719954312099,45894000
1082,2025-04-25,161.51397705078125,165.6425750916004,160.59649729347288,164.61541287682232,56034000
1083,2025-04-28,160.16769409179688,162.70069244870191,158.16323494184564,161.98267405118585,29745800
1084,2025-04-29,159.71893310546875,160.29733764803302,157.086204107764,159.87849612757626,26809000
1085,2025-04-30,158.3626708984375,158.83137774482094,154.9720253029664,157.5449218586139,34981100
1086,2025-05-01,160.85577392578125,161.50397770313938,158.47235672658454,160.00810878606782,30203200
1087,2025-05-02,163.57827758789062,164.51569136243157,161.42422234640523,162.95998987139254,25715000
1088,2025-05-05,163.75778198242188,164.93452502755278,162.2718798770323,162.55110755610633,21341800
1089,2025-05-06,162.78045654296875,164.3461400306944,160.74608144554134,161.72337824217448,21277200
1090,2025-05-07,150.96311950683594,164.545606521222,147.43285979099062,163.62814193511582,127490100
1091,2025-05-08,153.85513305664062,155.50058309873845,152.47892851591033,154.57315149382438,57498700
1092,2025-05-09,152.32933044433594,154.62299934708025,151.78084208678038,153.7454179749914,32435300
1093,2025-05-12,158.0236053466797,158.66184216787673,155.81968502629073,157.0562755246952,44138800
1094,2025-05-13,159.0906524658203,160.12779682266662,155.7299383299059,158.3526849510168,42382100
1095,2025-05-14,164.91456604003906,166.5400818883142,159.17043456192712,159.51947674839957,48755900
1096,2025-05-15,163.5084686279297,165.75227223459135,161.92283584781248,165.3832808496498,33146700
1097,2025-05-16,165.73231506347656,168.88361607338598,165.16387753981013,167.26806720706887,42846900
1098,2025-05-19,166.0813446044922,166.18107529267584,163.7677417629434,164.0569364118495,30426100
1099,2025-05-20,163.52841186523438,168.03596851578914,162.45138424695486,165.9716617765614,46607700
1100,2025-05-21,168.09579467773438,172.66318349220677,163.1095643409873,163.2392111991083,73416000
1101,2025-05-22,170.39942932128906,176.28319020253375,170.23988151650855,171.3767414156938,74864400
1102,2025-05-23,168.00604248046875,169.49194456610303,167.42763794814334,168.5944139952117,35211400
1103,2025-05-27,172.42384338378906,172.69310408957966,169.53183580095055,169.69139882784629,37995700
1104,2025-05-28,171.8853302001953,174.7873198647011,171.4365725199691,172.6831300854681,34784000
1105,2025-05-29,171.38670349121094,173.93965089581198,170.1600951338123,173.5208093888165,29317300
1106,2025-05-30,171.2670440673828,171.73575093359455,166.97888295989642,170.87811871209726,52639900
1107,2025-06-02,168.5644989013672,169.40218193277036,166.92901598525125,167.37777366516244,38612300
1108,2025-06-03,165.72235107421875,168.01602016805987,164.82483566290912,167.02875625897286,45084900
1109,2025-06-04,167.58718872070312,167.75671871001492,165.9018405925084,166.28079893142063,26900800
1110,2025-06-05,167.74676513671875,170.45926039928958,167.1284622369502,169.87088888051295,36379100
1111,2025-06-06,173.20167541503906,174.0194244269959,170.35953348712204,170.35953348712204,35731800
1112,2025-06-09,175.81764221191406,176.19705935039198,174.1003012753775,174.27003651227847,28935900
1113,2025-06-10,178.3237762451172,180.8298886948226,174.63948090794972,175.92747903926403,61766100
1114,2025-06-11,177.07569885253906,180.09101684926247,176.47662077845203,179.49195401036374,31646800
1115,2025-06-12,175.42825317382812,176.4466798719252,174.47972552416806,175.9075065231488,20941900
1116,2025-06-13,174.39984130859375,176.85604320367563,172.1233689351953,172.17329464872896,27663100
1117,2025-06-16,176.49659729003906,176.66633252587772,174.37986589593493,174.45974398959817,27389200
1118,2025-06-17,175.6778564453125,177.08567926563504,174.30998028900405,175.4282431183839,24973000
1119,2025-06-18,173.05194091796875,176.28692000243774,172.93211615674434,175.73776761612697,28707500
1120,2025-06-20,166.38226318359375,174.07035081830173,165.20409556084024,173.68095462694552,75659900
1121,2025-06-23,164.93450927734375,167.08117785912864,161.74944069273923,166.0128407101847,57671000
1122,2025-06-24,166.51206970214844,167.95982401484335,165.87306016657053,166.66183161080377,40524300
1123,2025-06-25,170.416015625,172.09342522608725,167.29086690480466,167.37074500344593,35479000
1124,2025-06-26,173.27157592773438,173.42135306121023,169.67715325213413,172.16329217484034,31796700
1125,2025-06-27,178.25387573242188,178.40363764116194,171.46438989107267,173.27158802075178,108140200
1126,2025-06-30,175.95742797851562,180.949694682379,174.30998606031628,180.50039372606906,63378900
1127,2025-07-01,175.56802368164062,175.81763700531283,173.26159900853952,175.46818749328466,35904500
1128,2025-07-02,178.3636932373047,178.58335417760583,174.79922295185074,175.26848197683447,29128900
1129,2025-07-03,179.2523193359375,179.39210218822254,176.7761594232363,178.22391365801445,21689700
1130,2025-07-07,176.5165557861328,179.0226833705182,175.40827199123135,178.78304908898676,34175600
1131,2025-07-08,174.09031677246094,177.67476043779465,172.54271112131266,177.5749242496101,40442500
1132,2025-07-09,176.34681701660156,179.1624626362242,172.50278095171484,174.97894087050608,43025600
1133,2025-07-10,177.34527587890625,178.15402063985096,174.11029683512743,175.35836349959487,29252400
1134,2025-07-11,179.91131591796875,181.14938835134018,176.20704719654847,176.51656530489134,34282900
1135,2025-07-14,181.2791748046875,183.3859118317051,179.40207776586954,180.7300224544814,32536600
1136,2025-07-15,181.718505859375,183.93507346834292,181.31913062189142,182.5272506181519,33448300
1137,2025-07-16,182.68701171875,184.04490889196538,181.74846312672318,182.95659839065306,33104200
1138,2025-07-17,183.29605102539062,183.77530432362263,180.20083982993623,181.85827589550698,31992600
1139,2025-07-18,184.7737579345703,186.13165497814074,183.42585517412414,185.113228386666,34014500
1140,2025-07-21,189.80596923828125,189.99566255854273,185.86206670599856,185.9619181252415,45803100
1141,2025-07-22,191.04405212402344,191.35357021159422,187.17006365240448,191.20380830960463,44660200
1142,2025-07-23,189.93577575683594,192.23222149983224,188.88739669642578,191.20381577219638,58681900
1143,2025-07-24,191.87277221679688,197.64383117376477,190.70458366341637,196.72525594978663,74881700
1144,2025-07-25,192.88121032714844,194.02944081770818,190.96418172846938,191.68306935737266,39785900
1145,2025-07-28,192.28213500976562,193.7498625541434,190.54482081320737,193.35047209995227,38139500
1146,2025-07-29,195.44723510742188,195.61697034161693,191.78291329403916,192.13236281084488,41389200
1147,2025-07-30,196.2260284423828,197.2943808004953,194.3888780023715,195.2974741739121,32445400
1148,2025-07-31,191.60317993164062,195.68686545955075,190.79443520574372,195.40729975764043,51329200
1149,2025-08-01,188.8374786376953,190.53484621084553,187.52950724447476,188.73762721302066,34832200
1150,2025-08-04,194.7383270263672,194.96798225717674,189.82593856567027,189.9956738002762,31547400
1151,2025-08-05,194.36891174316406,197.55398036609623,193.59011934927213,194.4088584088549,31602300
1152,2025-08-06,195.7866973876953,196.32587068335496,193.37044231078846,194.19916035027438,21562900
1153,2025-08-07,196.21604919433594,197.23446060352177,194.0294340028213,196.75520727948205,26321800
1154,2025-08-08,201.10845947265625,202.29662132319493,196.86503299798275,196.9149587094283,39161800
1155,2025-08-11,200.68911743164062,201.16837075965444,198.76210983585918,200.62921267003748,25832400
1156,2025-08-12,203.02549743652344,204.18370696130674,200.27975076589462,201.0585431482033,30397900
1157,2025-08-13,201.64764404296875,204.21366121456273,197.2045144743427,203.81428597106753,28342900
1158,2025-08-14,202.62611389160156,204.12379383237695,200.91875205563483,201.18833871082708,25230400
1159,2025-08-15,203.58462524414062,206.12070520105007,200.96868242883633,203.534714766441,34931400
1160,2025-08-18,203.1852569580078,204.9525236553874,202.17682455801943,203.8841712567715,18526600
1161,2025-08-19,201.25823974609375,203.1253425488118,199.65072931767816,202.7159730378366,24240200
1162,2025-08-20,199.01171875,200.9686786831588,196.29592455953664,200.41952632200108,28955500
1163,2025-08-21,199.4410400390625,202.166813191516,199.12152768080315,199.4410400390625,19774600
1164,2025-08-22,205.771240234375,208.21744781149425,200.98865555430208,202.41643648326647,42827000
1165,2025-08-25,208.1675262451172,210.19438514977915,204.9624845680577,206.11069972619865,29928900
1166,2025-08-26,206.81961059570312,207.52851912382437,205.3818354433132,207.18903343187435,28464100
1167,2025-08-27,207.15908813476562,208.58688428789492,205.3319167524022,205.38184246485358,23022900
1168,2025-08-28,211.31265258789062,211.8917573213033,206.57997853322107,206.92944327697995,32339300
1169,2025-08-29,212.5806884765625,214.3179874085232,209.87487342277922,210.1843914975452,39728400
1170,2025-09-02,211.0231170654297,211.3525932568575,205.88107328271496,208.11761422314743,47523000
1171,2025-09-03,230.30323791503906,230.95222645491896,224.44230678385503,225.86012385269166,103336100
1172,2025-09-04,231.94070434570312,232.01058815431742,225.76027598883607,229.2947939629136,51684200
1173,2025-09-05,234.63653564453125,235.39535470067108,231.5413241866342,231.84086323662245,46588900
1174,2025-09-08,233.8870086669922,237.97434675109136,233.5172554040335,235.31608185012894,32474700
1175,2025-09-09,239.47335815429688,240.3128053844981,233.07753270088136,234.0169206603603,38061000
1176,2025-09-10,239.01365661621094,241.50203443312756,237.6945274082077,238.74382884116824,35141100
1177,2025-09-11,240.21287536621094,242.09165136894262,236.09557331646107,239.7232054178332,30599300
1178,2025-09-12,240.64259338378906,241.92175543476245,237.84442067897936,240.21286654309478,26771600
1179,2025-09-15,251.44552612304688,252.24500622225327,244.5000723057695,244.5000723057695,58383800
1180,2025-09-16,250.99581909179688,252.87457975705254,249.30692141357196,251.91521585326547,34109700
1181,2025-09-17,249.36688232421875,251.43553649547647,246.11900683222018,251.0557800198683,34108000
1182,2025-09-18,251.86524963378906,253.82397511354577,249.6367116291099,251.51547232528497,31239500
1183,2025-09-19,254.55349731445312,255.83265939150547,251.64539584681071,253.08445699569828,55571400
1184,2025-09-22,252.36492919921875,255.6128047936517,250.13639113793755,254.2636811395151,32290500
1185,2025-09-23,251.49549865722656,254.1937306726042,250.31626206974443,252.8745862102155,26628000
1186,2025-09-24,246.97845458984375,252.18505574615793,246.2789151995329,251.49550432970327,28201000
1187,2025-09-25,245.6293182373047,246.32887284028934,240.58263166512353,244.24022750230412,31020400
1188,2025-09-26,246.3788299560547,249.25695217808112,245.80921049475367,246.90849752367055,18503200
1189,2025-09-29,243.89047241210938,250.98582213384148,242.61131034259105,247.6879914773483,32505800
1190,2025-09-30,242.94110107421875,243.13096406959585,239.09361157011617,242.65128209661555,34724300
1191,2025-10-01,244.7399139404297,246.13900797357311,238.45403213601972,240.59263270567308,31658200
1192,2025-10-02,245.52940368652344,246.64866670301694,242.14162021805868,244.98974812584623,25483300
1193,2025-10-03,245.1896209716797,246.138996907564,241.5020306823554,244.33018254314118,30249600
1194,2025-10-06,250.26629638671875,251.1557292673991,244.42012945214807,244.61999567020933,28894700
1195,2025-10-07,245.59934997558594,250.27629875611288,245.35951661425605,248.10771903747053,23181300
1196,2025-10-08,244.46009826660156,245.84918907751907,243.66063338889384,244.79988761332393,21307100
1197,2025-10-09,241.3721160888672,244.60000044134677,238.99366696134817,244.3101967172578,27892100
1198,2025-10-10,236.4153594970703,243.93043262992407,235.6858257251368,241.27216783484693,33180300
1199,2025-10-13,243.9904022216797,244.34017953936018,239.55331729181,240.05299046060216,24995000
1200,2025-10-14,245.28955078125,246.95845730298234,240.35277752895155,241.07230809804528,22111600
1201,2025-10-15,250.86590576171875,251.94520161834686,245.82920701293574,247.0883778879278,27007700
1202,2025-10-16,251.29562377929688,256.79201310331337,249.93651222042618,251.60541868813706,27997200
1203,2025-10-17,253.13442993164062,254.05382673080507,247.64801305801078,250.59608169913423,29671600
1204,2025-10-20,256.3822937011719,257.1617826336821,254.06381810029453,254.52352413042843,22350200
1205,2025-10-21,250.29627990722656,254.71338870395212,243.99039197294186,254.5734808325197,47312100
1206,2025-10-22,251.52548217773438,256.19241249616164,249.12704181794433,254.20372304336274,35029400
1207,2025-10-23,252.91456604003906,254.8732762688867,251.68537434804077,252.81462530948346,19901400
1208,2025-10-24,259.7501220703125,261.5089509442133,255.1531226659378,256.412278354529,28655100
1209,2025-10-27,269.0939636230469,269.9634205104271,264.10723541197956,264.6468909460984,35235200
1210,2025-10-28,267.295166015625,270.5530448339537,266.3257988486908,269.5137161039883,29738600
1211,2025-10-29,274.3905334472656,275.1600191542769,267.49504976173847,267.57498405043395,43580300
1212,2025-10-30,281.2960205078125,291.3993974290424,279.87693527724974,291.3993974290424,74876000
1213,2025-10-31,281.0061950683594,285.81304844327684,276.8489107040144,283.02486366213384,39267900
1214,2025-11-03,283.5345458984375,285.3433603410046,279.61709481156873,281.9955439895644,29786000
1215,2025-11-04,277.35858154296875,281.0861237356038,276.07941949471564,276.56908942406625,30078400
1216,2025-11-05,284.1241455078125,286.23278206992967,277.15870054271744,278.6876991693174,31010300
1217,2025-11-06,284.5638732910156,288.1615262521665,280.9562476047489,285.14348075532007,37173600
1218,2025-11-07,278.647705078125,283.59448127875606,275.0101005397699,283.0248465894465,34479600
1219,2025-11-10,289.9103698730469,290.6098939896417,282.6750818691635,284.23409016650885,29557300
1220,2025-11-11,291.11956787109375,291.72918497214437,287.1321858980205,287.56189748708465,19842100
1221,2025-11-12,286.5225830078125,291.8191369528623,283.504568014819,291.4893355792204,24829900
1222,2025-11-13,278.3879089355469,282.65510670070455,277.0587612643864,282.15543354563385,29494000
1223,2025-11-14,276.22930908203125,278.3778974858086,270.52305035910666,271.23257767900105,31647200
1224,2025-11-17,284.83367919921875,293.7578650793077,283.38464532335746,285.59319216713175,52670200
1225,2025-11-18,284.09417724609375,288.61121173854644,278.0181648979437,287.7318125744744,49158700
1226,2025-11-19,292.61859130859375,303.6114007455407,286.44263841708545,286.9722907427786,68198900
1227,2025-11-20,289.26080322265625,306.2197114167213,288.48131431646567,304.3409354639468,62025200
1228,2025-11-21,299.464111328125,303.7213362601199,293.6579118539212,296.2262391249899,74137700
1229,2025-11-24,318.3717346191406,319.27117069793417,309.39762425695875,310.9266228942269,85165100
1230,2025-11-25,323.22857666015625,328.6150374741804,317.4423529194355,325.9967549915166,88632100
1231,2025-11-26,319.7408752441406,324.287888914303,316.58293713459693,320.4703785574214,51373400
1232,2025-11-28,319.970703125,326.6363566172421,316.5829348985448,323.15862038246837,26018600
1233,2025-12-01,314.6841735839844,319.6409227326276,313.684827275924,317.49233426982363,41183000
1234,2025-12-02,315.6035461425781,318.17187340075924,313.7047943107319,316.5329308632399,35854700
1235,2025-12-03,319.42108154296875,321.369788644051,313.89469739870816,315.68353592029735,41838300
1236,2025-12-04,317.4123840332031,322.14927599125497,314.4943097586067,322.0193865832628,31240900
1237,2025-12-05,321.0599670410156,322.9487461411032,318.961364259978,319.28113189003057,28851700
1238,2025-12-08,313.7200012207031,320.44000244140625,311.2200012207031,320.04998779296875,33909400
1239,2025-12-09,317.0799865722656,317.989990234375,311.8999938964844,312.3699951171875,30194000
1240,2025-12-10,320.2099914550781,321.30999755859375,314.67999267578125,315.8299865722656,33428900
1241,2025-12-11,312.42999267578125,321.1199951171875,308.6000061035156,320.0799865722656,42353700
1242,2025-12-12,309.2900085449219,314.8699951171875,305.55999755859375,313.70001220703125,35940200
1243,2025-12-15,308.2200012207031,311.4200134277344,304.8800048828125,311.32000732421875,29151900
1244,2025-12-16,306.57000732421875,310.7699890136719,302.5899963378906,304.95001220703125,30585000
1245,2025-12-17,296.7200012207031,308.0899963378906,296.1199951171875,308.010009765625,43930400
1246,2025-12-18,302.4599914550781,303.9599914550781,299.2300109863281,301.7200012207031,33518000
1247,2025-12-19,307.1600036621094,307.25,300.9700012207031,301.7300109863281,59943200
1248,2025-12-22,309.7799987792969,310.1300048828125,305.29998779296875,309.8800048828125,26429900
1249,2025-12-23,314.3500061035156,314.94000244140625,309.32000732421875,309.6300048828125,25478700
1250,2025-12-24,314.0899963378906,315.0799865722656,311.9200134277344,314.7699890136719,10097400
1251,2025-12-26,313.510009765625,315.0899963378906,312.2799987792969,314.4800109863281,10899000
1252,2025-12-29,313.55999755859375,314.0199890136719,310.6199951171875,311.3699951171875,19621800
1253,2025-12-30,313.8500061035156,316.95001220703125,312.4599914550781,312.5,17380900
1254,2025-12-31,313.0,314.5799865722656,311.44000244140625,312.8500061035156,16377700
