Price,Date,Close,High,Low,Open,Volume
Ticker,,META,META,META,META,META
0,2021-01-04,267.07440185546875,273.0923620269373,263.3603554297846,272.87388692508046,15106100
1,2021-01-05,269.09033203125,270.51040511016924,266.34946794704973,266.4289299730203,9871600
2,2021-01-06,261.4834899902344,265.8926933805679,258.20639328660985,260.1825795171197,24354100
3,2021-01-07,266.87579345703125,269.72587997913473,262.94327168855403,264.05549761855696,15789800
4,2021-01-08,265.7138977050781,267.08432961533265,261.35433620233744,266.44875469224866,18528300
5,2021-01-11,255.05833435058594,261.6423478463724,254.12485257045407,258.67309874273616,30412300
6,2021-01-12,249.34823608398438,257.9183763775455,248.56372282065897,254.84981471600418,26383500
7,2021-01-13,249.8944091796875,252.188382619965,247.4713326816302,249.80503713335122,19528900
8,2021-01-14,243.93605041503906,253.2609135081913,242.91319650371236,251.64221559963207,29739400
9,2021-01-15,249.61634826660156,252.0990060846761,245.44548616282455,246.1803431790925,24942900
10,2021-01-19,259.2887878417969,260.38116333981225,250.9669140103909,255.11791059696782,28028500
11,2021-01-20,265.62451171875,268.44480710364064,261.7714222910091,267.064434937094,25199900
12,2021-01-21,270.97711181640625,271.70205875894015,265.634427714856,267.3921687234662,20838700
13,2021-01-22,272.5958557128906,276.53831793488985,270.1131976462887,270.12313797643816,21954000
14,2021-01-25,276.0815124511719,278.1570109214201,269.626601592223,276.2106155172923,19087000
15,2021-01-26,280.09344482421875,283.4103023609769,275.88286683391283,276.2105946394288,19373600
16,2021-01-27,270.252197265625,281.4837381150198,266.2600643454643,280.57010675992376,35346200
17,2021-01-28,263.1617126464844,284.8005653531378,262.8638058488591,275.2572135241456,37758800
18,2021-01-29,256.5379943847656,264.71091515254716,253.08215396222317,263.45964586527754,30389500
19,2021-02-01,260.19244384765625,262.3374635439147,253.14169055369038,257.7196963932303,22914300
20,2021-02-02,265.227294921875,266.9850361074179,261.44372671411134,262.16867372961775,17320800
21,2021-02-03,264.80029296875,267.3326222811993,262.0097878354705,263.7774390975395,14223400
22,2021-02-04,264.6413879394531,266.2998167269826,262.16867040510544,265.1578001708641,16060000
23,2021-02-05,266.2402648925781,267.30284984950276,263.82712845483695,264.94926447674237,12454400
24,2021-02-08,264.7307434082031,267.98798910915104,263.1617170711961,266.8857036335244,13755200
25,2021-02-09,267.5808410644531,271.4935117614484,263.9064957927763,264.5917116964451,14613400
26,2021-02-10,269.9841003417969,271.900705136719,265.86289392443064,270.56009399684086,14687200
27,2021-02-11,268.5143737792969,271.68221751277923,266.62752945048277,270.00396858253924,12828600
28,2021-02-12,268.62359619140625,269.29887189548083,266.4785760379777,268.64344654533176,9097600
29,2021-02-16,272.0694580078125,274.6812184189397,268.17663790373155,268.92143511728295,15417200
30,2021-02-17,271.6723327636719,272.06955202031486,267.7099896104113,269.358478316072,12763200
31,2021-02-18,267.5212707519531,270.0635097465597,264.1845631303574,267.70001482832095,15249100
32,2021-02-19,259.7456359863281,268.3952088990513,258.34541308765796,267.9880493067384,25622600
33,2021-02-22,258.5240783691406,261.2450916067546,255.74351408166407,256.1606138777245,17434900
34,2021-02-23,264.01568603515625,265.60459272422236,253.19132172175935,257.69982058610833,21924600
35,2021-02-24,262.4764709472656,264.53211856678286,256.59755514128494,260.5101953582652,15736100
36,2021-02-25,252.92324829101562,265.08827150301914,252.2777481716755,260.480444082425,19053100
37,2021-02-26,255.83294677734375,263.7079309890507,254.6909301136926,254.6909301136926,26619500
38,2021-03-01,263.07232666015625,264.8002466065348,256.1109452345398,259.0107025698377,22157300
39,2021-03-02,257.20330810546875,264.8598150850479,256.8557300063131,263.9362738003962,15191700
40,2021-03-03,253.63824462890625,259.17952327480714,253.33039749890509,258.48439730307683,15513500
41,2021-03-04,255.85276794433594,264.64135132099676,251.74147254413108,254.69087089031518,31626500
42,2021-03-05,262.44671630859375,263.6086134766132,253.83686100228493,258.8617730445713,26820100
43,2021-03-08,253.5389404296875,263.7376876689268,253.28074947590162,263.7078969878338,18391800
44,2021-03-09,263.8965759277344,266.6672304354155,258.00771907545925,259.3682106602773,22039700
45,2021-03-10,263.0624084472656,267.1041825272053,261.04649157172383,266.77648503964184,14210300
46,2021-03-11,271.9801330566406,275.9722359021643,265.96217295395087,266.2501394394714,21834000
47,2021-03-12,266.53814697265625,267.86884797479286,262.1885254683939,267.2730343215098,20600200
48,2021-03-15,271.85101318359375,274.0456740646534,266.6374321088399,267.21339535013044,16844800
49,2021-03-16,277.3426818847656,280.18285832005444,272.8937479573369,274.16486760719044,22437700
50,2021-03-17,282.0398864746094,284.24448797008944,273.49953697383603,273.7974438086778,21315000
51,2021-03-18,276.687255859375,283.2116881663582,276.3496180179357,277.92858482314426,18728300
52,2021-03-19,288.0975341796875,290.76887646170974,279.2493682351889,279.26921858795276,38930500
53,2021-03-22,291.5037536621094,297.63093607672175,284.76084666263773,288.4351922903145,28273100
54,2021-03-23,288.6139831542969,295.9328546089386,287.7996639990744,291.1164916858374,23000900
55,2021-03-24,280.1828308105469,289.69636174407646,279.2096180859463,288.98135511711854,18675000
56,2021-03-25,276.806396484375,286.0617517724904,275.82327372146733,279.03087841779615,24505600
57,2021-03-26,281.05670166015625,282.5264459269405,275.84312049630233,276.3694427158467,17629200
58,2021-03-29,288.8026123046875,291.1462266275226,282.7250711018045,283.7876255653244,21718800
59,2021-03-30,286.002197265625,290.44119091458725,284.7112272475432,287.819489559495,17474500
60,2021-03-31,292.48687744140625,294.4432129861294,286.60793047822534,287.9783624230208,19498200
61,2021-04-01,296.5882873535156,300.30233437933396,294.5425793900651,296.33008119890394,17616000
62,2021-04-05,306.76715087890625,308.6142338487392,298.5942299891719,298.80279507741744,28237000
63,2021-04-06,304.1355285644531,309.1902163371081,303.13252508986074,306.6976181446294,17335200
64,2021-04-07,310.9181823730469,312.07013942816747,303.3808356254739,304.2150051538261,22855200
65,2021-04-08,310.8486328125,313.6888093314046,307.8992338881179,312.6659554448147,20894100
66,2021-04-09,310.29248046875,312.55666307145435,308.1772512663788,309.23983603188884,15988600
67,2021-04-12,309.3789367675781,309.9846908098651,305.7939626368871,308.89231516176454,10881900
68,2021-04-13,307.6112365722656,312.2488242933257,307.17428638234855,310.04422299179186,14036900
69,2021-04-14,300.7193603515625,305.8932103611847,299.8554003462069,305.16826342390004,17421400
70,2021-04-15,305.6846923828125,307.9886060607909,301.99049641842674,304.2149480766785,14558300
71,2021-04-16,304.0560302734375,306.8068342534468,302.49691404794436,306.03224630477484,13059200
72,2021-04-19,300.1434326171875,305.5655798842235,298.47509359927756,302.8942372670993,14553500
73,2021-04-20,300.5505676269531,302.9835845586107,295.1483014626396,299.89514228651615,16796400
74,2021-04-21,299.3787536621094,299.8852255743065,295.3270692821806,299.8554348915821,14863500
75,2021-04-22,294.46307373046875,300.8187021222801,293.98642281520046,299.23970504780726,16375400
76,2021-04-23,299.0411071777344,300.49097087154496,295.0887049838903,296.68755239289857,17536800
77,2021-04-26,300.9378356933594,303.6786691082406,299.4680914666265,301.235742486538,16172600
78,2021-04-27,301.4642028808594,303.2219138346447,299.0212455887572,302.1692692671732,15309300
79,2021-04-28,304.9696960449219,308.7632045092743,303.25168590435214,305.2278718530595,33907200
80,2021-04-29,327.2242126464844,329.5082455205875,319.37899037048027,327.8299665552439,56526800
81,2021-04-30,322.824951171875,327.53209104824134,322.248987887127,323.8776259782797,26332400
82,2021-05-03,320.34228515625,326.27087314382874,319.60742815166054,323.907408395523,18719500
83,2021-05-04,316.15155029296875,319.9549988930355,310.9479094073585,317.8000386565058,24032600
84,2021-05-05,312.8347473144531,318.83285731643707,312.30842504926153,315.98277088195334,15577600
85,2021-05-06,317.800048828125,318.0185239268124,311.09687276652534,312.33820166682153,19012200
86,2021-05-07,316.8665771484375,320.69981667352516,316.5388796429248,320.143703732976,15916700
87,2021-05-10,303.8475341796875,312.3977933814333,302.7154276382799,312.1694082519749,24239200
88,2021-05-11,304.4036560058594,304.7115031678488,297.61110747680095,298.66375202538734,18920100
89,2021-05-12,300.4512634277344,302.8445494114103,296.121522359294,299.0411306344249,24645500
90,2021-05-13,303.1424865722656,306.71748989994825,300.66973856002795,303.9567753757269,18079200
91,2021-05-14,313.7483825683594,314.65207369614257,306.9359534150257,307.3927842966852,19245700
92,2021-05-17,313.2716979980469,313.49017310689794,309.4186080633365,311.3749437134494,15401300
93,2021-05-18,307.8098449707031,314.304486446428,307.66089155963004,313.4007953447419,14522400
94,2021-05-19,311.4146423339844,312.4772270849574,301.4641613514185,302.0798556016258,19106200
95,2021-05-20,316.39984130859375,317.0354162827345,310.9876652282522,311.4047347873846,17320200
96,2021-05-21,314.036376953125,317.7106924961839,313.6192770874103,317.07514782686013,13600900
97,2021-05-24,322.3781433105469,323.68899413744924,315.8239194819217,316.00266360216654,16445400
98,2021-05-25,325.51617431640625,326.8965163184287,322.5468949273761,324.8110776685687,16437000
99,2021-05-26,325.3870544433594,327.54198436900356,323.5598220015561,326.07227039727064,9686900
100,2021-05-27,330.4417419433594,331.4645957099421,324.4933037547175,325.72469228376224,20477700
101,2021-05-28,326.44964599609375,330.56091149903165,326.05239650868407,328.7038883383271,12037400
102,2021-06-01,326.8468322753906,329.1209550465971,324.37411508635194,327.85974563220555,11765900
103,2021-06-02,326.86676025390625,329.5678934861235,324.8508430835817,328.0882389524726,11654300
104,2021-06-03,323.7783203125,325.1090213066614,321.23608105411955,323.520114193703,12610800
105,2021-06-04,328.0584411621094,330.15379001187324,322.92429097426816,323.63929770571855,13289400
106,2021-06-07,334.2451477050781,335.3474634485492,326.6482214412393,327.19442430172865,20136700
107,2021-06-08,331.3652648925781,335.95321124660705,329.93525170354593,334.36433464179675,14580500
108,2021-06-09,327.9590759277344,334.4636268555768,327.7108101624598,333.4109824352829,13727900
109,2021-06-10,330.1537780761719,331.6235225004314,326.2708973852136,328.49537952813114,13240200
110,2021-06-11,328.9621276855469,330.52121388823963,326.64827344168265,330.27294808646184,13587900
111,2021-06-14,334.433837890625,334.4835092274623,327.5221274355902,329.59762560722135,12250800
112,2021-06-15,334.4140319824219,337.5620556551971,332.7059620693409,334.65235745209895,15795200
113,2021-06-16,328.7833251953125,335.2084448088056,326.439710773516,334.3643653995588,17232200
114,2021-06-17,334.1756591796875,335.6354630864585,327.8597623748833,328.1974001777303,17794100
115,2021-06-18,327.3731994628906,333.81816956514166,326.71777415159494,332.20941212190775,23039500
116,2021-06-21,329.9849548339844,330.61058945270315,325.3771273795917,328.7932669596741,11337500
117,2021-06-22,336.67816162109375,337.56200227451876,330.2927735400573,330.3821455770533,15345300
118,2021-06-23,338.22735595703125,341.0377414877368,335.8539509185642,336.9959674168666,14817800
119,2021-06-24,340.7994079589844,342.5074778063374,339.41906592570973,339.47864729083625,12329100
120,2021-06-25,339.001953125,341.7328767106353,337.3236740242663,340.2134913461353,14594400
121,2021-06-28,353.1729736328125,355.65563137017324,339.39916304899543,340.0843790089774,29156100
122,2021-06-29,349.44903564453125,354.265368080388,346.6287093933313,353.79862714859274,21417300
123,2021-06-30,345.2979736328125,350.4718543781205,344.76174136100525,349.72705702806195,15107500
124,2021-07-01,351.9316711425781,352.2097276177686,344.0963881893645,344.41417567697727,17137000
125,2021-07-02,352.239501953125,353.9674220897666,350.17391368538927,352.6367211412645,11521300
126,2021-07-06,350.33282470703125,356.30114407035626,346.7577912256229,354.02702092017273,13488500
127,2021-07-07,348.0586853027344,354.0170640582016,347.57209406891997,352.79561580909495,14218900
128,2021-07-08,343.2522888183594,345.91369091939293,340.1837271688575,343.33175084560787,14406500
129,2021-07-09,347.9891662597656,348.2771327231589,342.87486732307934,342.9245386589562,13018700
130,2021-07-12,350.71014404296875,351.73299775376694,347.2145730801945,348.79353966448224,10018600
131,2021-07-13,349.64764404296875,356.0032429269758,346.3804573901869,349.0617403487909,11456000
132,2021-07-14,345.2185363769531,352.73603144965426,344.3247856324014,352.1004565076469,13894200
133,2021-07-15,342.07049560546875,346.80742583126903,337.85991789887277,346.80742583126903,14781600
134,2021-07-16,338.7934265136719,343.5899081740883,337.7805130149065,342.5174133110356,11026100
135,2021-07-19,334.6126403808594,337.4329360890241,332.2193545536119,335.22833468467167,14372300
136,2021-07-20,339.2899475097656,341.0675389712737,332.1796119696146,336.44977124178934,11024300
137,2021-07-21,343.8282470703125,344.11621354828037,338.88278193590014,339.13104771021216,9279700
138,2021-07-22,348.7538757324219,349.1014539216713,342.81534674837894,344.27515089851886,12385400
139,2021-07-23,367.2248229980469,372.7263709130637,354.712221510125,358.4064175626375,33694300
140,2021-07-26,369.87628173828125,371.8425576289156,365.6657038011167,367.01625509949724,14925200
141,2021-07-27,365.2585754394531,370.5615293237317,362.02117968943355,369.33014064595517,15705400
142,2021-07-28,370.6905822753906,374.93095068238745,364.38462570750005,371.9617017952176,29676900
143,2021-07-29,355.8343505859375,362.98438618631917,354.26529403428776,358.49575222098156,33413200
144,2021-07-30,353.828369140625,358.22766169034094,350.491691683396,351.5443361411562,15976200
145,2021-08-02,349.50860595703125,356.906908626089,348.3069776627504,355.61593858624593,13180400
146,2021-08-03,348.803466796875,351.3159151790246,345.2880453111315,350.28315139524244,12406100
147,2021-08-04,356.43023681640625,357.9794128958687,349.0716352860186,349.97532638335207,14180600
148,2021-08-05,360.4521179199219,361.3756593379675,354.4242175743126,357.14523110122803,10247200
149,2021-08-06,360.9884033203125,362.6170111631922,358.893024268515,358.893024268515,8925000
150,2021-08-09,359.1015625,363.2426493012661,358.2475427107706,361.23667258484005,7798900
151,2021-08-10,358.6249084472656,361.5743072827586,356.5494100527903,359.3200344847057,7469900
152,2021-08-11,357.46295166015625,359.84629681675466,355.3278722554093,359.5881210428261,8400300
153,2021-08-12,360.13427734375,360.48185544185276,354.63270004502505,355.9634310841471,7170700
154,2021-08-13,360.6606750488281,362.1304194515307,358.9724858422268,360.4521402686356,7195700
155,2021-08-16,364.0172119140625,364.4045210745695,354.90089981921847,360.00522845589376,11222100
156,2021-08-17,355.9634704589844,362.1403239821523,352.606912425003,360.4620449651616,12328700
157,2021-08-18,352.9843444824219,357.36372674757365,352.6864073237661,353.7787829603999,10042400
158,2021-08-19,352.65655517578125,355.08957183761447,348.5651401460842,348.912718284329,12004500
159,2021-08-20,356.8770751953125,357.4927694576704,350.85911533837884,352.14017520075987,8697700
160,2021-08-23,360.82952880859375,363.1532931180248,356.6090101030027,356.9466479627438,10942000
161,2021-08-24,362.97454833984375,365.4075350526847,359.3299929768121,361.1373753161005,9235100
162,2021-08-25,365.8345642089844,368.2874012019985,362.8652846539713,363.06390941492083,9684500
163,2021-08-26,361.85235595703125,366.877253078658,361.6040901691806,365.82460856264174,7888700
164,2021-08-27,370.0450744628906,371.147359857758,361.5543675393287,362.5673112058317,11219100
165,2021-08-30,378.0194396972656,378.843668815076,367.94976434643246,369.97562175122965,13547300
166,2021-08-31,376.7483215332031,380.10487999697085,376.1723279061096,377.3143748304173,12345400
167,2021-09-01,379.3997802734375,381.66396313831876,376.18226523015454,376.9568533074591,11567200
168,2021-09-02,372.67669677734375,379.1018158642127,371.46515865520854,378.8535501039873,14832900
169,2021-09-03,373.64996337890625,374.54371418349507,370.5217901040204,372.1504282729059,7509600
170,2021-09-07,379.5288391113281,380.303427098371,370.56148074730555,373.2725538548956,10793800
171,2021-09-08,374.9508361816406,378.22793223895627,372.19012201827695,377.5228659344318,11067200
172,2021-09-09,375.3778076171875,377.19509954170064,373.95773482474465,375.02031949008745,9098900
173,2021-09-10,376.0631103515625,381.1277387962936,375.6361004436162,378.71457215753986,11549600
174,2021-09-13,373.8982238769531,379.1018651904603,371.7532037928041,379.0323434951405,13026300
175,2021-09-14,373.91802978515625,375.9637372479582,372.5078669166244,374.7819897915199,8711600
176,2021-09-15,371.326171875,374.9409058407148,365.11952742999154,374.38479292291254,17940300
177,2021-09-16,370.4721374511719,370.9686690276953,367.14536982728856,370.2040213099669,11934200
178,2021-09-17,362.19000244140625,368.83359750741874,359.08170985434447,368.83359750741874,26299000
179,2021-09-20,353.2325439453125,358.5255567412185,347.3734476237028,356.80754673058533,19822800
180,2021-09-21,355.0002746582031,357.5425142478172,352.726151245893,356.013188300571,11751900
181,2021-09-22,340.82916259765625,347.4131755007979,338.3266546093435,344.82129547424677,43692900
182,2021-09-23,343.56011962890625,347.24440574358306,340.6206611842172,342.9642756764454,21806300
183,2021-09-24,350.5115966796875,351.89196914576627,339.9950604855322,340.8590206651882,18801900
184,2021-09-27,351.1272277832031,352.68634408018727,344.67231781299654,347.3833909106001,15205800
185,2021-09-28,338.2869567871094,347.1748841230016,336.56897692930727,345.5561863357287,21710300
186,2021-09-29,337.254150390625,342.83519056135003,336.52923371146676,340.76960230808635,14452200
187,2021-09-30,337.0357360839844,340.42205494779716,335.8043171003503,338.08838065803866,16547100
188,2021-10-01,340.630615234375,342.6266516425788,336.2909339336575,339.2403025206699,14905300
189,2021-10-04,323.96697998046875,333.6096140159672,320.46146851508894,333.2024545158559,42885000
190,2021-10-05,330.6502685546875,332.8548697640081,323.89745185713826,326.30064749528105,35377900
191,2021-10-06,331.3255615234375,332.0604184625385,323.53992075434644,327.45259148923475,26443000
192,2021-10-07,326.9362487792969,336.4895113551633,326.6979233231299,334.66227881082483,28307500
193,2021-10-08,327.760498046875,331.0872658382954,326.4297969914836,329.2103921435758,15946100
194,2021-10-11,323.1924133300781,328.1676390888034,323.05336994266753,325.3572837172374,14708200
195,2021-10-12,321.5240173339844,322.1298015621059,315.16841978530687,320.7891603644766,31658700
196,2021-10-13,322.2887268066406,324.73165369743293,320.4217632147295,324.7018630148336,14761500
197,2021-10-14,326.25103759765625,328.22722358123883,324.8309645572515,326.08220352646043,14302200
198,2021-10-15,322.5072021484375,326.78730195164854,320.27281003421854,326.3999927716936,21596400
199,2021-10-18,333.0137939453125,333.5599968627541,325.22818246588844,326.6681361594644,21585000
200,2021-10-19,337.6315002441406,340.0843672158299,334.940307835811,337.2938624402736,18786300
201,2021-10-20,338.4160461425781,341.5938602237762,337.0952855380206,341.0675379865776,13639500
202,2021-10-21,339.5084533691406,339.93546327387196,335.4567385215077,337.9195461799882,16354400
203,2021-10-22,322.3581848144531,327.3433807629827,318.8824641103329,324.08613514392806,35224500
204,2021-10-25,326.409912109375,327.2738721557028,317.5021349079901,318.07809817024844,38409000
205,2021-10-26,313.6192321777344,327.9193337074258,307.4523192648189,325.982878988023,65654000
206,2021-10-27,310.05419921875,317.03543243091343,309.89530546712155,312.01053497096626,29971800
207,2021-10-28,314.7215576171875,323.26187566968946,305.9726441964319,310.81879676750776,50806800
208,2021-10-29,321.325439453125,323.73857554960784,317.3829776736138,317.96888127486596,37059400
209,2021-11-01,327.6910095214844,331.13694007847226,323.738607028624,323.7783380427413,31518900
210,2021-11-02,325.80413818359375,332.46761360260626,321.5538292016757,329.0812646943905,28353000
211,2021-11-03,329.31964111328125,329.8459634411217,320.9580652403525,325.21828490487985,20786500
212,2021-11-04,333.5202941894531,334.9304270146207,330.3424797088723,331.69306147017886,22495300
213,2021-11-05,338.7636413574219,344.3843824919673,337.28398694368224,337.9493222910368,26872800
214,2021-11-08,336.2710266113281,342.3982393556077,335.99297015181077,342.03081085258987,18342500
215,2021-11-09,333.0435791015625,338.94237655440764,332.14982834025784,337.6414662706003,17556700
216,2021-11-10,325.3672790527344,330.87876832827897,323.25204934297693,330.1836118854682,21872600
217,2021-11-11,325.46649169921875,330.1537507579003,324.73163470083574,327.5320799248782,12376600
218,2021-11-12,338.5253601074219,339.4886024068705,327.49241117584705,327.8896304314119,25414300
219,2021-11-15,345.1490478515625,351.19679918142634,340.8193067901365,341.9513830937844,25076600
220,2021-11-16,340.5809631347656,344.24536894528535,338.50546458262573,341.444923311803,18181100
221,2021-11-17,338.4061279296875,344.8908292635212,337.7407925723655,341.85205836625045,13602800
222,2021-11-18,336.3405456542969,340.0843826522268,332.9740471795485,337.3633994408119,17487200
223,2021-11-19,342.9046630859375,349.6575100890898,337.5421286138821,339.8261918393417,26488500
224,2021-11-22,338.6445007324219,351.3755482699117,338.1479691189288,346.6287072571534,27116800
225,2021-11-23,334.9105529785156,339.0317590592541,331.1865661032912,336.5788918252043,17225000
226,2021-11-24,338.694091796875,339.4090984270407,330.5013213830883,333.6691950342229,13566200
227,2021-11-26,330.8091735839844,335.40706056592376,329.59763539501955,333.47057540699547,14750700
228,2021-11-29,335.6851806640625,338.30688228053685,332.98404731946147,334.55310427941134,16650900
229,2021-11-30,322.209228515625,333.4805001872441,321.18637478700055,332.67612154171803,25390000
230,2021-12-01,308.44537353515625,328.2073211530928,308.13752642995183,327.99878640895895,30329600
231,2021-12-02,308.23687744140625,312.41766470557803,305.0690036530589,309.23985058811394,24396200
232,2021-12-03,304.71148681640625,311.573556673393,297.4224070874301,311.5537063209336,27471000
233,2021-12-06,315.6650085449219,317.87955048932594,304.2149905529818,305.99258224552244,21758300
234,2021-12-07,320.57073974609375,324.27487651444534,318.77329771925037,319.3393510353418,18794000
235,2021-12-08,328.2669677734375,330.4417785979972,320.82893413037664,322.74553882599275,19937700
236,2021-12-09,327.5320739746094,333.7982996166133,325.72469188646227,327.25401752303907,16879200
237,2021-12-10,327.46258544921875,332.7059578569133,324.1060270329738,330.2530905762638,14528000
238,2021-12-13,332.169677734375,338.72390047483293,327.30367444275134,328.65425606299516,22948700
239,2021-12-14,331.42486572265625,333.37129119790376,325.37711514556946,325.7743343201105,20461000
240,2021-12-15,339.2899475097656,339.73680772798974,321.7325989098653,330.18354541056993,24681300
241,2021-12-16,332.5768127441406,342.0704931735933,331.4248559577959,336.62852700037104,22635000
242,2021-12-17,331.47454833984375,334.77149487601264,328.4556279600217,330.4913952399913,40012600
243,2021-12-20,323.1924133300781,327.61152615092544,320.2926556061012,327.4923634222205,17901800
244,2021-12-21,331.8817138671875,333.6692153987566,321.50419192067693,324.1457435126229,16116800
245,2021-12-22,328.1577453613281,332.1895795141013,325.982934536817,331.4844828244456,16764600
246,2021-12-23,332.91448974609375,334.33459312161733,326.0822102396696,327.81016077558,13987700
247,2021-12-27,343.7785949707031,345.45687412344387,335.6652859834369,336.49945539510196,17795000
248,2021-12-28,343.8183288574219,350.26329907524985,342.80541534319065,344.2254883901896,16637600
249,2021-12-29,340.5610656738281,347.2642416723502,339.2700957520207,344.50352743630526,10747000
250,2021-12-30,341.97119140625,344.8213079338288,340.8391152417787,341.6137032403792,10593300
251,2021-12-31,334.0168151855469,341.0576296748755,333.9373531578227,340.64052979403345,12870500
252,2022-01-03,336.19158935546875,338.71394780170056,334.850948113297,335.9532336041818,14537900
253,2022-01-04,334.1955261230469,340.71001767926003,329.5678484085995,337.59181528292993,15998000
254,2022-01-05,321.92132568359375,333.43092506420857,321.5935978412268,330.7099111630695,20564500
255,2022-01-06,330.1537780761719,336.8172538693063,320.4813523499069,320.58066472960667,27962800
256,2022-01-07,329.4883728027344,334.6622224143553,326.59855591016634,330.4317644450054,14722000
257,2022-01-10,325.7942199707031,326.0623360988043,313.2418877828471,323.05335610436777,24942400
258,2022-01-11,332.050537109375,332.30874323908233,323.02359626421634,324.5131910632039,16226800
259,2022-01-12,330.9482421875,334.0366541036262,327.7406372338682,332.85490650522934,14104900
260,2022-01-13,324.21527099609375,333.30179283796394,323.50026430952033,332.65630784591855,14797100
261,2022-01-14,329.5976867675781,330.4219462367584,318.9818381956551,319.5578318522196,16868500
262,2022-01-18,315.9430236816406,321.9609837284619,315.4365821014618,321.04738263480675,22645600
263,2022-01-19,317.373046875,324.83096079185947,317.1148407594168,317.3631065456677,20814700
264,2022-01-20,314.364013671875,325.5459124942339,313.7880504796227,321.65309228860406,16925000
265,2022-01-21,301.06695556640625,316.10191525145456,300.9378525135199,312.6261943760006,28710700
266,2022-01-24,306.5684814453125,307.3828004084756,287.00515781406256,295.77389108985574,38878100
267,2022-01-25,298.06793212890625,304.10577373520374,295.5157522712907,297.8693376599705,25108500
268,2022-01-26,292.586181640625,305.37683902690725,288.83240439081436,304.8803074843086,28348800
269,2022-01-27,292.59613037109375,299.6170635525719,292.218761538942,295.68454210791685,21629900
270,2022-01-28,299.6170959472656,299.8057803837421,290.99731446167857,293.56934456757705,21871600
271,2022-01-31,311.0869445800781,311.6132667908384,297.24364306776437,298.5941942856098,21579500
272,2022-02-01,316.7871398925781,317.4425651980272,309.95486067855575,312.37793715110746,18023800
273,2022-02-02,320.75946044921875,325.7247771744389,314.6719772951568,325.54603304574414,58458300
274,2022-02-03,236.11068725585938,246.2796592879698,234.11463579491482,242.9528917001212,188119900
275,2022-02-04,235.44532775878906,240.92704033727873,228.51375153368647,233.34003882664075,89342200
276,2022-02-07,223.34982299804688,236.64693715449368,222.45605712612533,236.05109323987932,88613800
277,2022-02-08,218.65264892578125,224.20388375091662,214.6506054269495,219.31801460687512,94729700
278,2022-02-09,230.3906707763672,231.7511625608895,220.66858836219362,222.64477450415947,86563300
279,2022-02-10,226.48789978027344,233.36981952520125,225.12739308159553,226.68650936204733,49310400
280,2022-02-11,218.02700805664062,228.8215991750565,217.25242004582725,226.87520397201692,46156900
281,2022-02-14,216.18983459472656,219.46694586676406,213.29009215094842,217.7886667974301,38184000
282,2022-02-15,219.46694946289062,219.6159028696756,213.5681521071551,218.94062722166285,42685500
283,2022-02-16,215.0378875732422,215.95151900472374,210.8868908846818,210.93654707270989,45817500
284,2022-02-17,206.26913452148438,215.99121519564065,205.7229468087925,212.53535999533352,38747500
285,2022-02-18,204.72988891601562,209.28804483223993,203.75667618414028,207.9374784326616,37128400
286,2022-02-22,200.67822265625,206.04075812577685,198.67223065564426,200.9364136452616,39852400
287,2022-02-23,197.07337951660156,205.50449113354318,196.67616031691193,202.74377678275914,44481400
288,2022-02-24,206.159912109375,206.90470945781502,188.90047003925045,189.73463943279745,49957200
289,2022-02-25,209.01992797851562,209.8541125423845,201.77056393873042,203.5183647840356,37627600
290,2022-02-28,209.5661163330078,211.67140537212006,205.39525411367887,206.23934870344502,34239800
291,2022-03-01,202.07843017578125,210.28112651537154,200.81723570545105,208.41416290445198,27094900
292,2022-03-02,206.66636657714844,207.6991455549935,200.61861581106922,203.35946456811018,29452100
293,2022-03-03,201.56204223632812,207.62965909439046,200.0227912203855,207.57007772587977,27263500
294,2022-03-04,198.6721954345703,204.46175495320406,197.41100109237203,200.96616870266408,32130900
295,2022-03-07,186.16954040527344,199.49644537718342,185.98085599196915,199.39713300609475,38560600
296,2022-03-08,188.96998596191406,195.3355245860247,184.81898914057544,186.54692452981288,37508100
297,2022-03-09,197.12306213378906,197.71890616615158,192.57483046872176,194.38221292139642,31894700
298,2022-03-10,193.85585021972656,194.91841983418425,189.74456968088708,193.4884065766853,24853000
299,2022-03-11,186.30856323242188,192.2172854703511,185.3750815218328,191.303669263992,34694500
300,2022-03-14,185.33538818359375,190.95611432836714,184.53100942336172,185.73260739881346,31010500
301,2022-03-15,190.69790649414062,190.94617226993915,184.62036515153324,189.4764431200351,31721700
302,2022-03-16,202.2174530029297,202.31675022563442,193.17064714865197,193.34939124128513,40640300
303,2022-03-17,206.3982391357422,206.5968487329181,199.71492845430384,200.3008320695021,29499700
304,2022-03-18,214.98826599121094,215.2961131707228,204.57102716267374,205.26616839914286,52128000
305,2022-03-21,210.0229034423828,213.22056757730547,206.1896795811181,213.01201767592394,30142300
306,2022-03-22,215.14710998535156,217.93762996556708,208.72199065254847,209.9037381409255,31998800
307,2022-03-23,211.97926330566406,215.2960905373746,210.68827820054256,211.85016024926963,23717300
308,2022-03-24,218.04685974121094,219.1392199973298,213.30000445243496,213.5085543588696,31502300
309,2022-03-25,220.28126525878906,223.93573021234633,217.37158248115725,218.98033986256667,40039000
310,2022-03-28,222.0389862060547,222.48586159323668,218.01707741553452,220.58912249182504,26224100
311,2022-03-29,228.26547241210938,229.28832613748915,223.72716701743596,224.50177013419827,31417900
312,2022-03-30,226.2694549560547,229.54655137595753,225.13736352030202,227.3220995178845,25588000
313,2022-03-31,220.8175506591797,226.90503339004837,220.7182382704017,226.86530237335998,24192300
314,2022-04-01,223.29025268554688,225.7033888379623,221.15515784665132,222.99233071349855,19544800
315,2022-04-04,232.2675323486328,232.72434805076864,224.29323671351824,224.41239943888382,28054800
316,2022-04-05,230.23175048828125,235.2169316018234,229.4174466080516,232.45621733585187,29727200
317,2022-04-06,221.75099182128906,227.40152324808412,219.8741031805888,225.3359501951381,28995100
318,2022-04-07,221.40342712402344,223.95560670287298,217.04388048466566,222.3766247719894,21037200
319,2022-04-08,220.7877197265625,223.568299423111,218.5036715775069,220.83737591189984,18375700
320,2022-04-11,214.9584503173828,219.07965621752902,213.72704658954345,216.90484555322809,20516600
321,2022-04-12,212.65457153320312,220.48984025639913,211.65158306904763,218.71226364112488,20128800
322,2022-04-13,213.49864196777344,215.10739934568304,209.8640273741091,210.3506337496348,19231800
323,2022-04-14,208.7220001220703,213.49864647682404,208.54325603316772,213.399334103251,18379500
324,2022-04-18,209.3079376220703,211.89983321381135,206.85507027401516,208.543274705327,16580800
325,2022-04-19,215.8025665283203,216.91479248894638,207.55021357108893,209.0596739126116,20089900
326,2022-04-20,199.0297088623047,212.67440159783553,197.54011418103042,212.12821385078016,43036500
327,2022-04-21,186.765380859375,201.56201470052716,184.2926483333906,200.20152312891832,49954100
328,2022-04-22,182.83287048339844,191.38314543443704,181.99870101328304,189.0494408006046,36426800
329,2022-04-25,185.69290161132812,185.88157089937965,180.39987269787414,181.46244249034362,29281100
330,2022-04-26,179.6947784423828,185.8914981079493,178.25483986956792,185.33538515455388,31747400
331,2022-04-27,173.7363739013672,179.95295816108907,167.8276519091192,173.21997688343922,71062900
332,2022-04-28,204.3028564453125,207.08343600789271,191.56185573215208,201.5123517073191,100890600
333,2022-04-29,199.0793914794922,211.0060756892692,198.51333815204498,203.04171931279444,49193400
334,2022-05-02,209.6654052734375,210.41020255624133,199.5957466160473,199.77449069050925,49915300
335,2022-05-03,210.55918884277344,213.40927537457003,206.6465174147809,208.99014717021623,41556300
336,2022-05-04,221.8602294921875,222.74405503982925,205.52434462463904,209.18873471344116,41375900
337,2022-05-05,206.83518981933594,218.64270996108357,204.72990080911183,217.22263694269984,41129200
338,2022-05-06,202.3564910888672,207.92757620794703,199.62556730800335,205.9017188084952,34747200
339,2022-05-09,194.8489227294922,201.16480482052688,194.22328811081877,198.4537315749027,36303200
340,2022-05-10,196.27891540527344,201.55209318806584,192.84292556927107,198.12601337505205,34452500
341,2022-05-11,187.43075561523438,199.27799243110317,186.96401469453613,194.9681017385989,31153400
342,2022-05-12,189.9134063720703,196.67616414549158,183.49821161690798,185.76239443568494,38262200
343,2022-05-13,197.24220275878906,198.503397232515,189.953122698784,191.24410785549279,24549800
344,2022-05-16,198.65234375,203.94537210166712,194.57085364070758,195.68309466090108,27112600
345,2022-05-17,201.2144317626953,204.03474236084168,196.98398859488535,200.71790023418964,24872700
346,2022-05-18,190.9064483642578,199.6056753264102,190.3006792907317,198.61261226508478,23960000
347,2022-05-19,189.96302795410156,193.93528023328804,188.2847640946148,189.87365591452544,24446900
348,2022-05-20,192.19744873046875,196.53714530133018,186.56678209731146,193.6175370131133,31465600
349,2022-05-23,194.8687744140625,195.62351209328918,189.91339907653796,193.83599542267453,25059200
350,2022-05-24,180.02249145507812,182.40583701791712,174.88835665003077,179.29755957893033,50406300
351,2022-05-25,182.55477905273438,184.1635363161786,178.07607023195584,179.14856497229243,28030200
352,2022-05-26,190.30067443847656,191.49234705109404,180.99566348711593,181.6113728734375,23056500
353,2022-05-27,193.77642822265625,193.97503783325445,188.4833995166801,190.0325756934649,22562700
354,2022-05-31,192.29676818847656,196.22930534754266,190.67807023307347,193.53809725784882,26131100
355,2022-06-01,187.33143615722656,198.14589349403096,183.716686817317,195.14683847181115,36623500
356,2022-06-02,197.48056030273438,199.54613369993172,186.42776138045795,187.14276813921637,31951600
357,2022-06-03,189.45657348632812,195.24613307013132,188.46351040477575,194.62049847981248,19465000
358,2022-06-06,192.9025115966797,195.55398831610356,187.09308626734085,192.64432063982002,30574200
359,2022-06-07,194.2928009033203,195.16670133175938,190.1616696801112,190.5986047413895,18828700
360,2022-06-08,195.2759552001953,200.628565465701,193.0614284144997,193.3196194022274,22267200
361,2022-06-09,182.7235870361328,198.06640693874215,182.40579961135518,192.93227318656864,23501600
362,2022-06-10,174.35211181640625,181.82987643665223,173.8059240304574,181.7702799166873,27450800
363,2022-06-13,163.1205291748047,171.38282092477996,162.89212891887655,169.40662002400506,31749300
364,2022-06-14,162.5941925048828,165.59324685567634,160.24063816313063,164.87824031968665,27244300
365,2022-06-15,168.17526245117188,170.96576767627823,162.84250265313943,166.04016743535288,30008300
366,2022-06-16,159.75405883789062,163.93486122919495,158.50280476509815,162.584294783492,26944100
367,2022-06-17,162.60418701171875,164.7491921814621,158.790812498184,160.55846392532106,31374200
368,2022-06-21,155.96055603027344,166.59625287813012,154.88804611106323,164.77894566665782,50724900
369,2022-06-22,154.76889038085938,159.67460937224337,154.36173087266783,157.28133881462222,47267800
370,2022-06-23,157.64878845214844,158.64185168649269,153.18000389759936,155.1859958737986,40499200
371,2022-06-24,168.97962951660156,169.0690015635416,160.18108938711842,160.60809926890386,68736000
372,2022-06-27,168.31430053710938,170.558618091581,166.84455597473104,170.13160815521564,29174600
373,2022-06-28,159.56539916992188,170.11174141584627,159.49589262045652,168.72144374416592,27744500
374,2022-06-29,162.80276489257812,165.17618506417662,159.20788136690297,162.43533639936211,28595200
375,2022-06-30,160.13143920898438,164.08382645795453,157.3905902626989,161.02519001781133,35250600
376,2022-07-01,158.91989135742188,159.50579496695804,153.9247850296623,159.19794782136924,31423900
377,2022-07-05,167.02330017089844,167.08288153776365,155.930786168884,157.0430120915462,28618600
378,2022-07-06,168.59231567382812,170.39968251777512,164.31221641798015,167.03319943566092,23085900
379,2022-07-07,170.99554443359375,171.52186668535077,166.61613235121607,168.27454597600874,24083400
380,2022-07-08,169.6946563720703,171.20410163186685,166.98358273572163,168.80089033759143,19249200
381,2022-07-11,161.7501220703125,166.328143553091,160.7868496540944,165.91105887075022,21885600
382,2022-07-12,162.137451171875,164.75913770909463,160.97556891534006,163.65683682680094,16639700
383,2022-07-13,162.3558807373047,163.83553495874915,158.50279131991883,159.04897901871416,16555100
384,2022-07-14,156.95364379882812,161.46214411722048,156.18898088222045,160.10165236475422,23765200
385,2022-07-15,163.55752563476562,163.8355821518944,158.71138694127538,159.42637859036105,23342800
386,2022-07-18,166.0699462890625,170.4990146042201,164.49097951767354,165.59328022000832,23574300
387,2022-07-19,174.56060791015625,175.2656892871823,168.33409883630952,169.1881335978785,25933700
388,2022-07-20,181.81991577148438,182.32638764041948,175.47424329322635,176.2587716124654,24784300
389,2022-07-21,181.89938354492188,182.5746743968108,177.6292087773565,179.3770096978159,27195800
390,2022-07-22,168.09579467773438,174.38188590031115,167.2417598081677,171.86943747705087,42583900
391,2022-07-25,165.49395751953125,169.38677815826725,163.66672507469772,167.8276618370209,26166300
392,2022-07-26,158.04598999023438,164.84847844507803,156.85431727302677,164.78889708215877,28468400
393,2022-07-27,168.40365600585938,169.68470084170153,160.89610078404186,161.462138917526,43846600
394,2022-07-28,159.6051025390625,160.38961572025178,153.77582699484466,159.94274035613432,73214300
395,2022-07-29,157.996337890625,159.0291167990866,154.09359221040665,156.5961153483285,42065400
396,2022-08-01,158.820556640625,164.04407766338431,154.15316362046573,156.15915510212025,40596700
397,2022-08-02,159.07876586914062,161.11454806860021,156.9138806295438,157.21180256289333,27374500
398,2022-08-03,167.62904357910156,168.36390052817472,160.44920206857296,161.56142782042818,31721900
399,2022-08-04,169.3867950439453,170.95582154448263,165.64294258692857,167.1325373671115,23938200
400,2022-08-05,165.9507598876953,170.4195434240911,164.64984977157033,165.83159717566522,25832700
401,2022-08-08,169.0689697265625,176.27860139464624,165.97061812588822,166.8345780561674,27299100
402,2022-08-09,167.36093139648438,168.35399454612372,165.44432679109218,167.77801610097995,18655100
403,2022-08-10,177.1029052734375,179.2280601291775,172.74335799284708,174.7692156103598,30262100
404,2022-08-11,176.2587890625,181.82987410175613,175.14654799822966,178.46339053169922,24079100
405,2022-08-12,179.24790954589844,180.20125689554231,177.66894267746338,179.5557567167697,21274000
406,2022-08-15,179.63516235351562,180.1813500246462,176.96382050529945,177.7185580701121,15878700
407,2022-08-16,178.22503662109375,179.7344967831318,175.81188539703066,178.1952459401866,21156700
408,2022-08-17,173.63705444335938,176.90422472303513,172.9617637905984,175.5337930695918,20118100
409,2022-08-18,173.44839477539062,174.54075503123113,170.66781522362834,173.13060732813116,18844500
410,2022-08-19,166.79490661621094,171.12466290092638,165.89121544108187,169.0193585513689,26240800
411,2022-08-22,161.9189453125,164.34202175823924,161.13441695931127,164.34202175823924,19499700
412,2022-08-23,159.99240112304688,163.90507227097777,159.58524160395055,161.3528927591669,18111800
413,2022-08-24,162.12747192382812,164.31222280787034,158.66169149521016,159.48593566456427,20891500
414,2022-08-25,167.6091766357422,167.7084889997073,162.88220207802408,164.0341436741475,15550500
415,2022-08-26,160.6577606201172,169.73435751151283,160.54852306381065,167.31128091921585,24023600
416,2022-08-29,158.0658721923828,161.91896236620752,157.90697843918662,159.54554185725544,20052700
417,2022-08-30,156.06980895996094,160.53859315412387,154.82848001713788,159.23768284651592,19567900
418,2022-08-31,161.79977416992188,166.67571794587022,161.0152609370121,165.91107021908033,40953000
419,2022-09-01,164.21292114257812,166.19904741902297,159.2376802751425,162.4452699687775,30145700
420,2022-09-02,159.20790100097656,166.76509747752274,158.11552540948338,166.2884313798448,22634200
421,2022-09-06,157.44021606445312,160.56837389852208,156.59612152734138,158.9894072176834,19339800
422,2022-09-07,159.27740478515625,159.8434580781021,155.7222367388541,156.66564374082208,16831200
423,2022-09-08,160.935791015625,161.1046099111117,156.64576663758697,157.60903898172938,22530800
424,2022-09-09,167.9766387939453,168.36393284637623,161.88917151614353,162.11757181554066,22086800
425,2022-09-12,167.78794860839844,170.20108467611442,166.11959471525049,166.228832262736,23220400
426,2022-09-13,152.06776428222656,160.50880101691556,151.61094856811403,160.41941381760716,44444100
427,2022-09-14,150.41925048828125,152.47488297319117,148.01603989989965,152.26634823345896,43064200
428,2022-09-15,148.51258850097656,153.1303258195217,147.6684788112493,148.76085427407986,34606300
429,2022-09-16,145.2751922607422,147.5493152145355,143.28906608768818,147.02299299091143,40122800
430,2022-09-19,146.99319458007812,147.54930745481647,144.0934523382715,144.2324805569561,22169500
431,2022-09-20,145.07659912109375,147.80752291864286,144.21263898681053,144.76875195384073,23217400
432,2022-09-21,141.1341094970703,148.56223168855533,141.0149467853471,145.37449277350893,38338600
433,2022-09-22,141.8292694091797,143.57705488927735,139.8927843757181,140.56807511655674,34418500
434,2022-09-23,139.43600463867188,141.63066577922177,137.92654436335064,140.4389929946804,31710700
435,2022-09-26,135.42404174804688,141.25333381141166,135.2452976216839,139.14802924338096,30497000
436,2022-09-27,133.46766662597656,138.4528473337513,133.18961018678016,136.96325277251074,30826500
437,2022-09-28,140.627685546875,141.0447702879112,133.33860502663492,133.68616806769387,32658500
438,2022-09-29,135.4637451171875,138.86994437759347,134.26213206332815,138.39327831830832,38985400
439,2022-09-30,134.73878479003906,140.0119622137979,134.56004071784687,135.10622841555517,33166400
440,2022-10-03,137.64849853515625,138.65148696876528,135.15591521738622,136.18869433644304,27723100
441,2022-10-04,139.306884765625,141.40224842715523,138.3734030652836,139.51543467540031,34670700
442,2022-10-05,138.0159149169922,139.23739352437994,133.84505263982953,137.28105787017572,27979300
443,2022-10-06,138.1053009033203,140.46878091958473,135.6524336864408,136.76465957644757,36231100
444,2022-10-07,132.52427673339844,137.3306988296089,131.5212883888198,135.8113133948686,33214800
445,2022-10-10,132.86192321777344,135.16583719074,130.9552436295989,132.62359773984062,24024000
446,2022-10-11,127.64832305908203,131.73975329829742,126.10907981380274,130.70695919793616,38481400
447,2022-10-12,126.61555480957031,128.77050008091746,125.37422584084904,127.4298738864634,34605200
448,2022-10-13,129.38616943359375,130.23027903061808,121.68000613784282,122.67306912119447,34325700
449,2022-10-14,125.88068389892578,130.87578263105397,125.64234329376768,130.09126942927062,23559400
450,2022-10-17,133.11016845703125,133.85496576636612,129.27694436553693,129.39612223902975,29612200
451,2022-10-18,131.87879943847656,136.88383143003554,130.48850183036296,136.13903401056328,25445000
452,2022-10-19,132.30580139160156,136.0496537710444,131.30281304878633,131.9681635517954,30691000
453,2022-10-20,130.61761474609375,135.82127189750892,130.3991396076754,132.00789730608008,26356300
454,2022-10-21,129.10812377929688,129.21736132269453,124.56983344637268,125.4337934650105,46348600
455,2022-10-24,128.82015991210938,132.55407210052488,123.70588290109863,126.36729258833617,63563400
456,2022-10-25,136.55612182617188,137.39030647102607,129.68412596591165,129.97212279358234,38433200
457,2022-10-26,128.91946411132812,134.6097116608422,127.63840417505021,130.76654700494944,82791500
458,2022-10-27,97.26060485839844,101.78897028259763,95.71142123185368,97.30032829256321,232316600
459,2022-10-28,98.5118637084961,100.15041945886574,96.83359209850978,98.88923256309111,95928300
460,2022-10-31,92.51376342773438,98.63102827621302,91.95764293134883,97.53866036503508,121361400
461,2022-11-01,94.53960418701172,96.81371959753587,92.90105613149628,93.6756441380607,110189600
462,2022-11-02,89.91193389892578,94.539604000825,89.85235253745208,93.55647365415787,71821100
463,2022-11-03,88.29324340820312,89.8324866594847,87.79671186073098,89.45512541093512,60664000
464,2022-11-04,90.16020202636719,90.75603838606281,87.47892704303133,89.72325182690423,55638100
465,2022-11-07,96.04906463623047,96.20795079311442,92.45417347202974,94.1225197898974,81987300
466,2022-11-08,95.80078887939453,97.12156448853523,94.13244273534033,95.25460119848088,52088300
467,2022-11-09,100.76611328125,104.17231999405277,100.04117388955267,101.01437905455495,107677300
468,2022-11-10,111.0939712524414,111.96786404919858,103.88433105566673,106.37692154748625,80671000
469,2022-11-11,112.23600006103516,114.10296373480408,108.05520487844373,108.47229718253378,59961700
470,2022-11-14,113.42767333984375,115.46344823592956,110.03139921110841,110.22007605616892,53395000
471,2022-11-15,116.26783752441406,117.9163184434814,113.61636068428409,115.26484160335141,50670500
472,2022-11-16,112.44454956054688,115.27477816754063,111.87850383914812,113.7057364919192,33287800
473,2022-11-17,110.67688751220703,111.55078795269303,109.03833933923725,109.64410848040296,35093800
474,2022-11-18,111.2727279663086,113.52697796246153,109.85264737178989,113.01058846285041,33357700
475,2022-11-21,109.09790802001953,111.59049841385867,108.43255759035378,110.74638875445035,24351100
476,2022-11-22,110.66695404052734,110.84570570118566,107.56859444793977,109.09791252768984,29029000
477,2022-11-23,111.46141052246094,111.88842799797938,109.96189055795254,110.94502099638954,21343100
478,2022-11-25,110.63716888427734,111.94801193573602,110.24986728645337,110.52793133194992,12007600
479,2022-11-28,108.02540588378906,111.26279380344529,107.62817911717663,110.0115321403808,23309400
480,2022-11-29,108.70069122314453,110.17042801518582,107.78707494573887,108.78013809330255,23899200
481,2022-11-30,117.28076171875,117.34035066240172,108.6212494531627,108.75035251734901,43348600
482,2022-12-01,119.60453033447266,120.35925288681662,117.57868056332005,118.37312655154591,36551400
483,2022-12-02,122.63336181640625,123.17954955964963,116.7941534340937,117.01262853139106,39950500
484,2022-12-05,121.5807113647461,123.80517050918586,120.50820143607213,120.905428177411,35474900
485,2022-12-06,113.32837677001953,119.71377354252466,112.95100789955556,119.07821369134132,43689200
486,2022-12-07,113.13967895507812,115.07614896382506,112.09695967254044,112.97086004692484,29461100
487,2022-12-08,114.52996826171875,116.52601962232978,113.79509611830431,115.58261271516358,30619400
488,2022-12-09,115.09602355957031,116.7246465613268,113.08010652547362,114.50018716954466,26033400
489,2022-12-12,113.9142837524414,114.91727974978602,112.35517476320891,114.38102468912072,24747100
490,2022-12-13,119.3165283203125,122.44467847843467,117.81700097646582,121.28278893869566,44701100
491,2022-12-14,120.74654388427734,123.27885792875243,118.5618080009239,118.5618080009239,36922000
492,2022-12-15,115.34429168701172,117.80708416933531,113.21913705449421,117.50916975653068,34531000
493,2022-12-16,118.6015396118164,122.454622143585,117.99577044689154,119.39599321133228,67064000
494,2022-12-19,113.68587493896484,116.98284435751376,113.53691394829686,116.01957187119426,29769900
495,2022-12-20,116.27776336669922,116.51610398343564,111.67988360020045,112.4743371697137,28742500
496,2022-12-21,118.92925262451172,119.50522353048689,114.81797152486092,115.89047403781295,20392800
497,2022-12-22,116.30756378173828,117.7971585698301,113.58656518043153,116.38700307898532,23618100
498,2022-12-23,117.22117614746094,117.3602043835439,114.7385182510215,115.22511707731186,17796600
499,2022-12-27,116.0692138671875,117.77728363300687,115.24497724188932,117.11193316595197,21392300
500,2022-12-28,114.81795501708984,117.33040337493412,114.7087174731427,115.44358202440257,19612500
501,2022-12-29,119.42577362060547,120.19042889376358,114.96691473106002,115.59254934920521,22366200
502,2022-12-30,119.50520324707031,119.58465010905527,116.92324084431692,117.34033308150313,19583800
503,2023-01-03,123.87470245361328,125.4934003317137,121.43176787093023,121.96802291246617,35528500
504,2023-01-04,126.48645782470703,128.15480424194706,124.97699757381477,126.4963830012802,32397100
505,2023-01-05,126.05943298339844,127.6284745077786,123.67608001591103,125.25504671628343,25447100
506,2023-01-06,129.11807250976562,129.42591965584387,125.16567791552465,128.0753531918348,27584500
507,2023-01-09,128.57188415527344,132.0277395914627,128.38319973683383,130.25016326294266,26649100
508,2023-01-10,132.0674591064453,132.5143344437281,126.2679670147591,126.387129730584,28684400
509,2023-01-11,131.96815490722656,132.9215021516353,129.4358409686768,130.05155039539636,25423000
510,2023-01-12,135.76168823242188,136.72494567726147,130.84601285392384,132.51436705069085,30757700
511,2023-01-13,136.02980041503906,136.4369599862593,133.90464565564483,134.03374872772508,22423800
512,2023-01-17,134.4210205078125,135.8013775971984,133.31871987147267,135.23532436232162,21147600
513,2023-01-18,132.0972442626953,136.29789650223645,131.87876919085735,134.86788336036574,20215500
514,2023-01-19,135.20553588867188,136.49652095770875,131.2233582866692,131.57093643512005,28625200
515,2023-01-20,138.4031982421875,138.9692514778715,133.67622338072326,134.9473429258723,28688600
516,2023-01-23,142.27615356445312,142.76274478209868,137.6981321000071,138.32375154454283,27470100
517,2023-01-24,142.1470489501953,143.99414688881774,140.37939787648503,140.70711051189517,21970200
518,2023-01-25,140.5184326171875,142.17684622265583,139.33668507035335,140.2403761535725,26622000
519,2023-01-26,146.2781982421875,146.48673300837004,142.3059458263939,143.3983061489729,25482100
520,2023-01-27,150.6874237060547,152.12736239461694,146.36759248742518,147.21170231500102,35771900
521,2023-01-30,146.03988647460938,150.07172104816826,145.9306489054908,148.373591290804,28040100
522,2023-01-31,147.93663024902344,148.8403214229752,146.4966915993854,146.92370151390233,29842100
523,2023-02-01,152.0578155517578,152.51463124063147,146.03985564845766,147.00312805837234,55661000
524,2023-02-02,187.46051025390625,195.7923083733965,178.91023705810056,182.10790119005645,150475700
525,2023-02-03,185.23606872558594,195.40504086784406,181.6213194546132,182.1972979017333,76809700
526,2023-02-06,184.7693328857422,189.37714543580742,184.2330854357221,185.23607379267708,42483800
527,2023-02-07,190.29075622558594,192.43577626935254,183.12083906011983,184.2926614583213,47080700
528,2023-02-08,182.1575469970703,189.506222618854,181.65109029938392,188.68197847348551,36139100
529,2023-02-09,176.685791015625,185.35522793422592,176.0403060395819,184.83884601456782,37118800
530,2023-02-10,172.94192504882812,177.64904938681158,172.14748672680432,175.12667589321265,33433600
531,2023-02-13,178.18533325195312,179.7444498416719,174.6003894345327,176.98373519446065,31463200
532,2023-02-14,178.23495483398438,180.25087164562885,174.65993688832626,175.93105640050777,24034600
533,2023-02-15,175.93109130859375,176.9539452572414,174.11378371896294,175.1962190389193,25308900
534,2023-02-16,171.2438201904297,174.63016933039438,170.59832002033082,171.55166735716432,25827500
535,2023-02-17,171.68075561523438,171.97866242641902,168.5228070402124,169.03920410116666,24171300
536,2023-02-21,170.88629150390625,176.93404184317134,170.68768192444588,173.10081786312165,34592600
537,2023-02-22,169.93296813964844,171.5615911643237,168.51289505206418,169.88332710252644,22433200
538,2023-02-23,170.8465576171875,172.48512071423704,168.20502146429376,170.80684176314054,20017800
539,2023-02-24,169.20802307128906,169.53573571664788,166.49696501797226,167.47016262504536,19791300
540,2023-02-27,168.36390686035156,171.91907448281532,167.88724082776324,170.6876859692171,19277000
541,2023-02-28,173.72647094726562,176.31836639072463,170.67775978472054,170.70755046716732,46051100
542,2023-03-01,172.21701049804688,176.61628815362087,171.84958197968862,173.37889257088403,30998400
543,2023-03-02,173.3192901611328,173.7959561747655,170.24078869368054,171.18421069860065,17352000
544,2023-03-03,183.96493530273438,185.32542687141702,175.82182108915276,177.67884419711405,45877700
545,2023-03-06,183.6173858642578,188.3443765549212,183.35919487853496,186.6958879501446,33209400
546,2023-03-07,183.23008728027344,189.03951311545543,182.7335556756576,187.6889465447827,36701500
547,2023-03-08,183.6868896484375,183.97487129085047,180.08206561247465,181.6014509997279,19432400
548,2023-03-09,180.42965698242188,187.61942492227118,179.04929972715175,185.05733517601084,26582800
549,2023-03-10,178.2647705078125,183.48829266497177,177.5597041177782,179.75436531559095,25665000
550,2023-03-13,179.64512634277344,182.50515320013594,173.6073154373622,176.7255332709814,24728000
551,2023-03-14,192.67413330078125,192.97205530218403,185.2658748925714,186.27880363616384,41642600
552,2023-03-15,196.37823486328125,196.4080255450834,189.51616496662461,191.61152878670697,42123600
553,2023-03-16,203.5084228515625,204.3326670795369,194.7297482942276,196.88469349861998,50447100
554,2023-03-17,194.2530975341797,200.49945853560095,194.07433827462287,199.16875745432947,50141100
555,2023-03-20,196.4378204345703,197.9770713567288,192.29674889302132,197.10317093063804,25186300
556,2023-03-21,200.7576446533203,202.13800178866043,196.5768422367192,201.7904236343113,31827000
557,2023-03-22,198.4239501953125,205.93150535957898,198.28492195719429,201.09529255545812,28477800
558,2023-03-23,202.86293029785156,206.43796354444146,200.74770103087417,201.4329169992156,27389700
559,2023-03-24,204.5809326171875,206.14004902497825,202.13800577125969,203.7566883902138,27716400
560,2023-03-27,201.4329071044922,204.43196178331618,199.96317802106324,203.38924254153588,18527200
561,2023-03-28,199.28790283203125,199.63548099076047,196.52718852656108,198.76158058225792,19127300
562,2023-03-29,203.925537109375,204.29296564970957,201.13501674883432,202.14794547020284,18851100
563,2023-03-30,206.3982391357422,206.6465049204473,201.4130730889809,201.9691860222498,22608300
564,2023-03-31,210.4698028564453,210.69820313423787,205.33566827660388,205.80240916140227,25440300
565,2023-04-03,211.5919647216797,212.00904941071065,206.75573705825332,207.39129684433962,17924600
566,2023-04-04,213.2305145263672,214.73997471291952,211.06562904333202,211.90973875725146,21026400
567,2023-04-05,210.01300048828125,213.69727161345537,208.48368983343693,212.6644774037662,19396600
568,2023-04-06,214.60093688964844,215.4351062371905,207.20260484748098,207.79844875454816,26104400
569,2023-04-10,213.26028442382812,214.16397541245755,209.19866029199588,213.22056857015767,16106100
570,2023-04-11,212.36656188964844,214.52150711898213,211.92961167670683,213.98524452930243,16710100
571,2023-04-12,212.51551818847656,215.3358139520289,211.1053703067004,213.34968761381884,18972200
572,2023-04-13,218.82147216796875,219.61591056926196,214.19379423102393,214.2335100899121,23310400
573,2023-04-14,219.95355224609375,220.56924652131391,216.04088119388985,216.36859383639296,21591200
574,2023-04-17,217.34181213378906,219.4471012647374,215.62381704396694,218.26535363457387,15481900
575,2023-04-18,216.37850952148438,218.91082335488744,214.71017085421727,218.38450114536104,12281000
576,2023-04-19,214.20372009277344,215.82241788882212,211.45293090302494,211.98919349384875,15898100
577,2023-04-20,211.5919647216797,215.24642970344084,211.294042757246,211.9991090817005,16475400
578,2023-04-21,211.4132080078125,211.92960507547147,208.12617148957972,208.75180610707153,17717200
579,2023-04-24,211.3138885498047,212.43605469201742,209.24833065429874,212.19771409502508,15750900
580,2023-04-25,206.11026000976562,209.79451581413423,205.69317530472057,209.35758075618784,19198200
581,2023-04-26,207.94740295410156,212.6247367296185,207.43102106246127,211.02590456421436,41992700
582,2023-04-27,236.90513610839844,240.0134285311485,235.12755978619774,238.22591187983951,71196500
583,2023-04-28,238.65292358398438,238.76214597455458,234.1146180934489,237.35199823747706,39554000
584,2023-05-01,241.4930877685547,242.30740681898098,234.81971739031144,236.96472226230986,29143900
585,2023-05-02,237.58041381835938,243.22100477059425,237.33214805138553,241.49306957739785,24350100
586,2023-05-03,235.38575744628906,240.07301673078624,231.13544837265977,237.80883395896282,34463900
587,2023-05-04,231.90011596679688,236.54764433430736,231.3141971795904,234.4224897541913,17889400
588,2023-05-05,231.16525268554688,233.0520667223415,228.25558475524525,230.62900521973373,27000500
589,2023-05-08,231.65184020996094,233.98552946998953,228.67265082469316,229.81466736120282,16400500
590,2023-05-09,231.75112915039062,234.24372721155098,229.47702133485248,229.85439015911044,16865600
591,2023-05-10,231.46315002441406,235.10768979657198,229.11952049360835,234.53171137808388,19119000
592,2023-05-11,234.15432739257812,236.55755328251024,230.68854708295714,231.43334436250635,20449000
593,2023-05-12,232.1881103515625,235.31626860394763,229.844480533044,235.09779348208167,16161400
594,2023-05-15,237.2030792236328,238.59336165807903,233.69756730047578,235.276534169513,20653200
595,2023-05-16,237.163330078125,237.97763391746344,233.8862189106324,234.15433502989876,18163800
596,2023-05-17,240.80789184570312,242.14851802395924,236.48806102557035,236.79590818162305,21193100
597,2023-05-18,245.13763427734375,245.37595972538801,239.51689344921203,239.6261309972125,22943300
598,2023-05-19,243.93605041503906,246.96489628724342,241.72152366218964,245.75335793836166,21733600
599,2023-05-22,246.59742736816406,251.81100845505782,243.41961344046746,243.70761021472313,27738500
600,2023-05-23,245.02838134765625,249.8645935312071,244.93899415731045,245.09788788132573,17748100
601,2023-05-24,247.4812774658203,247.85863116367986,243.2508186944588,243.57853135653195,17724300
602,2023-05-25,250.93711853027344,253.84678615571042,247.44153215641037,251.64218484946718,22371400
603,2023-05-26,260.2222900390625,260.49040619358874,250.95700854244143,251.1754685062599,25727200
604,2023-05-30,260.6989440917969,266.78642644402095,259.47749573404934,263.4100175767866,23816500
605,2023-05-31,262.8836669921875,263.16172345001263,256.6571722191666,258.19640791321996,25473700
606,2023-06-01,270.71893310546875,272.0993054426767,264.04557777366057,264.0554877972459,25609500
607,2023-06-02,270.71893310546875,273.4399467678956,269.2392786971118,270.76860444692574,19416900
608,2023-06-05,269.5073547363281,273.6583503811987,267.6900326596667,268.4248895071284,20742900
609,2023-06-06,269.2392578125,274.6514637291308,267.81918487933905,268.26607538837465,19419000
610,2023-06-07,261.7713928222656,272.34750690147604,260.9769242995565,269.78541789219315,26163600
611,2023-06-08,262.7446594238281,265.79337085238586,257.0842171238647,258.81213746831133,20899400
612,2023-06-09,263.1120910644531,266.09128048444296,259.88463585946414,260.6592238964262,16949800
613,2023-06-12,269.16973876953125,269.8648950557806,263.48941667516516,265.31667943229814,15442500
614,2023-06-13,269.4378967285156,273.8073684559375,267.22335503008594,272.9731990602745,16164000
615,2023-06-14,271.4538269042969,273.0824347639781,266.45872031027324,270.0039631439923,19175100
616,2023-06-15,279.87493896484375,282.0199587352708,269.53717954510836,270.41104955005704,25973500
617,2023-06-16,279.05072021484375,285.85320824566975,278.1867602004858,282.7747066945792,43127700
618,2023-06-20,282.3575744628906,282.8243152603429,274.30384850734583,276.79644620287564,20701600
619,2023-06-21,279.68634033203125,282.0299549886334,276.42906387090784,281.56321406215625,20556200
620,2023-06-22,282.90380859375,283.28117740443963,275.8629951546668,277.1440246782654,17563100
621,2023-06-23,286.7270812988281,287.66056291203995,277.01492669628254,279.55716546668344,51092000
622,2023-06-26,276.5382995605469,287.7797818126023,275.674339459716,286.69734660419147,24232700
623,2023-06-27,285.0587463378906,287.3428096162056,278.7031486570512,280.0537302112872,26108300
624,2023-06-28,283.31097412109375,287.54140222706,282.08949562455047,282.84423326201266,16722100
625,2023-06-29,279.5770568847656,284.5821034580367,278.7428875068673,282.5264555414938,15395700
626,2023-06-30,284.9892883300781,287.04490612365464,282.44704896001576,282.7846868116461,19694900
627,2023-07-03,284.035888671875,287.392446700968,282.8740218500381,284.71119459265833,8629300
628,2023-07-05,292.3279724121094,296.05195894174534,284.37352748692535,285.65458733876653,33865500
629,2023-07-06,289.9645080566406,296.0519901953358,289.28923236805707,293.8374787010274,47600500
630,2023-07-07,288.5146484375,294.14533008005697,286.6576251143249,290.15319664583785,25586000
631,2023-07-10,292.05987548828125,296.06191872960335,285.0587621688762,293.4997988575209,37058300
632,2023-07-11,296.22088623046875,298.09776027306805,289.875196639928,291.8613234141733,27585900
633,2023-07-12,307.19415283203125,307.30340553817604,298.01825897469564,299.6568071198081,36677100
634,2023-07-13,311.23590087890625,314.0462560366947,308.13754894473334,311.4444356382771,30281000
635,2023-07-14,306.7274169921875,312.69573635195104,305.227881905047,309.6271747881225,23054100
636,2023-07-17,308.46527099609375,309.54770619356174,302.59626413923417,305.4066498267778,25323100
637,2023-07-18,309.88531494140625,312.0204247595342,305.48605287050566,308.7234481355329,20731900
638,2023-07-19,313.8179016113281,316.4693633002309,308.3659642076415,310.85856245874305,21763700
639,2023-07-20,300.4215087890625,313.3512127890994,300.12360191131927,311.32535510278194,23836900
640,2023-07-21,292.21875,303.3410382508624,289.179979416503,302.4572278736158,42139300
641,2023-07-24,289.587158203125,295.456165615258,286.300121288059,293.72824526758416,24915700
642,2023-07-25,292.42730712890625,296.23072566058914,289.83539654714053,293.1423138094745,19585600
643,2023-07-26,296.4989013671875,299.67668557873986,289.8751561653458,299.1007222292205,47256900
644,2023-07-27,309.54766845703125,323.093062726987,307.6906454407034,322.864647320073,64229200
645,2023-07-28,323.22216796875,323.9371745671294,312.07005916085666,314.68181979529624,39220300
646,2023-07-31,316.3899230957031,323.40094645360466,315.38691962442203,321.44461085167063,25799600
647,2023-08-01,320.47137451171875,321.8914777328591,312.47722892861134,315.33725541627547,22817900
648,2023-08-02,312.1296691894531,316.1813837210688,308.49505450598787,315.794074554509,20461100
649,2023-08-03,311.0174560546875,313.7583200966404,307.7800604286639,307.7800604286639,15180200
650,2023-08-04,308.5744934082031,316.2012103828058,308.0481712022811,312.77513072716664,17612800
651,2023-08-07,314.364013671875,314.8704854881823,308.30632344912607,311.0571272920281,16236500
652,2023-08-08,310.4713134765625,315.68489561378465,307.95883432440326,312.2190842136099,15183500
653,2023-08-09,303.0928039550781,311.45440924520847,300.749189402724,310.70961186199514,19955800
654,2023-08-10,303.6191101074219,310.1733327929032,301.7620869128098,305.8038611045428,14358900
655,2023-08-11,299.5475769042969,302.60619800831466,298.2764270049962,300.4711183412435,14046300
656,2023-08-14,304.0660400390625,304.0858903940154,296.1811153811423,298.8921889735428,15641900
657,2023-08-15,299.8553771972656,305.09874848907276,297.948682952119,304.016313483845,11623600
658,2023-08-16,292.24853515625,298.9914114844194,292.2385948278113,298.11754145231623,18547700
659,2023-08-17,283.11236572265625,293.9963292043832,282.9733526427155,291.0171397972553,23950100
660,2023-08-18,281.2851257324219,283.7082021437842,272.47666080114544,277.09439819859506,35347900
661,2023-08-21,287.8890075683594,288.4848515328741,279.8948611542594,281.4837682910043,20181500
662,2023-08-22,285.6049499511719,290.8681721911875,284.7608402658425,290.5205940494777,12980200
663,2023-08-23,292.19891357421875,295.33699700136754,285.6745112195998,286.49874036161424,18287000
664,2023-08-24,284.7608947753906,297.3827205446517,284.6516723617093,296.42938828405966,18360900
665,2023-08-25,283.51959228515625,286.38955997280294,274.11528095404003,284.14522705752984,23701400
666,2023-08-28,288.2465515136719,289.4282992174123,283.817467554323,286.00221884843614,14239300
667,2023-08-29,295.9228210449219,297.07477771247255,286.1808758550865,286.57809497696144,20844500
668,2023-08-30,293.0529479980469,296.2208219398968,291.39451916689933,295.1085960366547,17717000
669,2023-08-31,293.83746337890625,299.0113137881702,293.6090479494358,293.7480610282445,17229900
670,2023-09-01,294.32403564453125,299.6468391187103,292.4272815563122,297.2932845068725,12842300
671,2023-09-05,298.06793212890625,299.2993511822049,293.46013435072877,294.95963926885355,14956000
672,2023-09-06,297.09466552734375,301.1959901842422,293.6090047641939,299.61702368027,15418100
673,2023-09-07,296.5981750488281,304.92001852805595,290.1929058097352,295.93280942459444,33748700
674,2023-09-08,295.8236083984375,303.1325389345228,294.721292497798,297.1443691073636,17548000
675,2023-09-11,305.426513671875,306.8962581098335,299.19007802273353,299.3191810869582,19489300
676,2023-09-12,299.56744384765625,306.5188861385687,298.14737076735327,304.2050319475846,13480400
677,2023-09-13,302.94384765625,305.04913672382065,299.22980110519165,300.26256497984866,13210900
678,2023-09-14,309.5576477050781,310.6996642714737,302.9140527776012,304.61218228599614,19343100
679,2023-09-15,298.2267761230469,309.83568614706604,296.677600116782,309.44837699255953,28131100
680,2023-09-18,300.4512634277344,301.49399798650074,295.7342131588105,296.121522359294,14234200
681,2023-09-19,302.9537658691406,304.0461413355526,297.7302442880401,300.3817360880637,15924400
682,2023-09-20,297.5912170410156,305.9230002578217,297.35286130140787,302.9338707843327,19379500
683,2023-09-21,293.6784973144531,298.1770709624341,291.2355408019211,293.6487066401966,21319600
684,2023-09-22,297.0053405761719,303.2616571736316,296.2009617759947,297.22381570127465,25369600
685,2023-09-25,298.7431640625,298.86235709344436,291.6626494973639,293.58919436823385,18987000
686,2023-09-26,296.88616943359375,298.21687050123535,293.95665114113496,295.5951993800877,19417200
687,2023-09-27,295.67462158203125,299.20992407915827,284.80059794210763,298.3658446206744,36429800
688,2023-09-28,301.8514709472656,304.2050257978112,294.64185298215443,296.8663047723945,22167100
689,2023-09-29,298.12750244140625,308.48517491583306,297.2833926385552,305.2477791028233,25373700
690,2023-10-02,304.69158935546875,305.0490774797564,299.5375900891829,300.6398754449468,16265600
691,2023-10-03,298.8524169921875,304.64196163237807,297.561447061845,302.14939381555854,17362300
692,2023-10-04,303.4602355957031,304.77108627702137,296.42936156061296,296.65777700392675,16880500
693,2023-10-05,302.6756896972656,304.0858222299616,297.42237777774886,302.5167959756038,19130000
694,2023-10-06,313.2419128417969,314.1158132926194,298.8226463208752,299.3489685961365,21803900
695,2023-10-09,316.15155029296875,318.10788578945574,309.6569395147222,310.33221514145873,22503700
696,2023-10-10,319.6074523925781,322.40789785267475,315.9529871386854,316.9063193123349,19038000
697,2023-10-11,325.54595947265625,326.55887294556385,320.70974692421356,320.7693282869798,22036300
698,2023-10-12,321.91131591796875,328.24706290768694,320.45151204947297,325.7246743221075,20530500
699,2023-10-13,312.5070495605469,322.7951693946369,310.20313574623543,321.28572429519977,21341000
700,2023-10-16,318.9222412109375,319.5876068907617,313.3312905356159,316.42967318231075,16536100
701,2023-10-17,321.7524108886719,322.1496300261243,315.098876689302,315.972776975224,16387800
702,2023-10-18,314.771240234375,323.67901825207645,313.3710175011576,319.1605928644108,16851000
703,2023-10-19,310.64007568359375,319.65710588726887,309.5874311888656,317.6610392954345,18709200
704,2023-10-20,306.5089416503906,313.1128056759852,304.3440712111467,311.96087906686824,22312300
705,2023-10-23,311.8318176269531,315.1585554489369,305.1286403283919,307.3530924303269,17796800
706,2023-10-24,310.3818664550781,316.14165074242743,308.47520223338284,314.58253436849895,19525500
707,2023-10-25,297.4522399902344,308.72351416361414,296.7670239096032,307.8496136372505,42192500
708,2023-10-26,286.3497314453125,292.95359454940296,277.46180518324184,292.95359454940296,66684100
709,2023-10-27,294.671630859375,297.2337203774448,290.93770382583693,292.4372388367085,29596300
710,2023-10-30,300.5605163574219,307.25375273017136,296.97554239139123,297.0152734056479,28435100
711,2023-10-31,299.18011474609375,301.5734004979503,294.8007027575976,301.20597199311294,19434200
712,2023-11-01,309.6867370605469,310.57054746980504,299.7561059558693,299.7561059558693,20434600
713,2023-11-02,308.7135314941406,316.60839552863507,306.1911426491428,315.0989201697946,21631800
714,2023-11-03,312.417724609375,313.3611165740333,308.86254097437006,310.3819266323785,16764300
715,2023-11-06,313.6093444824219,316.1217931505225,312.2687334154871,313.788118889779,12887700
716,2023-11-07,316.6084289550781,318.7732995414801,312.9340828504703,314.86062795752827,14055600
717,2023-11-08,317.5617370605469,319.1009728408857,312.69573362289094,315.9331292322415,13609700
718,2023-11-09,318.3263854980469,321.9312096368401,316.588524958862,317.2042495782576,16103100
719,2023-11-10,326.4893493652344,326.81707716443447,317.24393419027814,317.7206153955323,19096200
720,2023-11-13,326.90643310546875,330.02463537350303,323.44065270317503,323.9371842361514,16908900
721,2023-11-14,333.9770202636719,335.75461154677186,331.0176815678501,332.21930963664073,17179400
722,2023-11-15,330.4020080566406,336.05253939255226,327.7306659534748,335.58579853385356,14531200
723,2023-11-16,331.87176513671875,332.25904399287276,324.11594462578523,327.0851936445304,18932600
724,2023-11-17,332.71588134765625,333.17268190426256,327.06534968314025,327.96904077299916,14494400
725,2023-11-20,337.6116943359375,339.4985083381047,331.8717903028424,332.56694665905934,16960500
726,2023-11-21,334.6424560546875,337.542183696788,333.5699308017252,335.9830671620636,12027900
727,2023-11-22,339.1211242675781,340.5412275998249,336.2313068739848,336.85694150534493,10702700
728,2023-11-24,335.8837890625,339.48858315052064,334.4338949183931,337.7706031488248,5467500
729,2023-11-27,332.37823486328125,337.5421448490172,331.8817033085443,333.84794886953887,15684500
730,2023-11-28,336.638427734375,337.02573686392367,331.08720901866207,331.08720901866207,12637200
731,2023-11-29,329.89556884765625,337.5421364160391,328.4854059328464,337.3336016539062,16024500
732,2023-11-30,324.8805847167969,331.18654141664064,320.16353502645495,329.58772438421056,23146400
733,2023-12-01,322.5667724609375,324.59259942151226,318.5349385863459,323.22219776202286,15276400
734,2023-12-04,317.800048828125,318.6342182124183,311.4841819302408,315.08900590564207,19037100
735,2023-12-05,316.0820617675781,319.6471546506567,313.20218484619875,316.76727772927734,16952100
736,2023-12-06,315.2479248046875,320.01461603995,314.8407652561851,319.69682854269684,11294300
737,2023-12-07,324.324462890625,325.9630108873507,315.5656393804306,315.5656393804306,15905100
738,2023-12-08,330.4417419433594,330.85884177416375,320.7593768526073,320.84874889366245,14087400
739,2023-12-11,323.0235595703125,327.60159615821783,317.7801876857331,327.11497463782547,25802500
740,2023-12-12,331.9015197753906,332.14978552741263,322.30852748055565,322.34825848652497,18485500
741,2023-12-13,332.4179382324219,336.02276219765315,330.3325299305127,331.61355953176974,16353300
742,2023-12-14,330.8589172363281,332.37830289256715,326.36034164190374,331.5341930155705,19607300
743,2023-12-15,332.59674072265625,336.31078739773227,328.9223947553969,329.6870425102997,31776900
744,2023-12-18,342.2294006347656,345.1490085729094,334.682115014434,335.138945860617,18993900
745,2023-12-19,347.92962646484375,351.1471720097045,342.72598472163463,343.18278533196053,17729400
746,2023-12-20,346.8571472167969,352.49773947120383,345.3774926019251,346.2315124906496,16369900
747,2023-12-21,351.63372802734375,353.9376418145249,346.787574994267,350.53144247490695,15289600
748,2023-12-22,350.9385681152344,354.7221359363727,348.7836079478467,353.1133483277579,11772800
749,2023-12-26,352.3685302734375,354.50363996400733,350.99812879302704,352.5274239898353,9898600
750,2023-12-27,355.3477478027344,356.50964493837427,352.84523975673784,353.59997739376473,13207900
751,2023-12-28,355.8343505859375,359.3895028827945,355.3278787450295,357.2047824101272,11798800
752,2023-12-29,351.5046081542969,357.5027177940436,349.37946886869037,356.4997143601284,14987100
753,2024-01-02,343.88787841796875,350.7102180387925,337.65144247298053,348.8829853109618,19042200
754,2024-01-03,342.08050537109375,345.53637645618534,340.799445268861,342.5869773359991,15451100
755,2024-01-04,344.7120666503906,345.7349204555681,341.01787061798507,342.1102461152332,12099900
756,2024-01-05,349.50860595703125,351.0478417972967,343.8580739149464,344.58299065641415,13920700
757,2024-01-08,356.1719970703125,356.4897845196527,349.6078345522185,352.23947587883526,13890200
758,2024-01-09,354.9505310058594,358.13828532721635,352.89488314761167,353.92767724109865,13463900
759,2024-01-10,367.90008544921875,370.3529525023192,356.58908226779886,357.6715477088535,22117200
760,2024-01-11,367.10565185546875,370.19406356936474,360.41238591073494,369.54857861141966,17205400
761,2024-01-12,371.8921813964844,374.44436077359,366.97653735694337,367.5922316147304,19310000
762,2024-01-16,364.9109802246094,373.00443891602794,364.6825950936139,371.05804360841296,15306900
763,2024-01-17,365.814697265625,365.9835313493509,356.1223904408364,363.7590491056661,12724800
764,2024-01-18,373.52081298828125,374.23581960253256,368.37675361940967,368.91298585068853,16354300
765,2024-01-19,380.7900085449219,381.6936691798174,375.3480125509734,376.3708661993857,21670800
766,2024-01-22,379.1316223144531,387.6421802024165,378.51592805242285,385.25883486628504,17680500
767,2024-01-23,382.5279235839844,385.68585701267045,379.42954121177866,381.95193000664796,15506100
768,2024-01-24,387.98974609375,393.401921537415,385.1197793299396,387.2945898357956,15698500
769,2024-01-25,390.45257568359375,392.74654921576047,382.98475144483166,387.463476105673,15091100
770,2024-01-26,391.4059753417969,394.0375869700363,388.873645796751,391.61451014474403,13163700
771,2024-01-29,398.2381896972656,400.1349440276031,390.37314620072715,392.2500198714916,18742400
772,2024-01-30,397.2848205566406,403.54110595161325,396.79822933650826,400.7903320803033,18614700
773,2024-01-31,387.43365478515625,395.2391162527726,384.41473445677485,386.3015482973079,20180800
774,2024-02-01,392.0414733886719,397.7217958803975,390.32346321045657,391.20730397034777,29727100
775,2024-02-02,471.6950378417969,482.5889413919977,449.86753003715205,456.4118123081212,84707600
776,2024-02-05,456.2231140136719,468.6264622065812,456.034429603673,466.6204856916062,40832400
777,2024-02-06,451.5656433105469,463.87961939666826,449.85757360691235,460.7812674472568,21655200
778,2024-02-07,466.33251953125,468.2491241314177,453.0155390941815,454.8229212950101,23066000
779,2024-02-08,466.7396545410156,467.32555813022316,461.8041297477829,465.07131581521656,18815100
780,2024-02-09,464.8627624511719,470.30475925765757,464.227217813574,469.6692146200597,18413100
781,2024-02-12,465.6473083496094,475.82620571090297,463.34339455149507,464.9422419936449,19382000
782,2024-02-13,456.9281921386719,464.64431187911475,451.93308592056786,453.7007370395461,20916600
783,2024-02-14,469.9968566894531,470.82108564707954,462.85673127581555,464.68396356401536,16858400
784,2024-02-15,480.67236328125,485.23051957889754,468.94428970905085,471.9830605741492,24212300
785,2024-02-16,470.0366516113281,475.6375119489184,465.9551463563073,474.7934022206939,23324600
786,2024-02-20,468.4775390625,472.8768015252767,463.32353891098256,466.46162208862637,18015500
787,2024-02-21,465.2764587402344,466.24075319597347,459.0731799623868,463.75546133458766,12921800
788,2024-02-22,483.2699890136719,487.1072651737646,473.25922588434,477.41462669114475,21625800
789,2024-02-23,481.1823425292969,491.45155549063116,479.51223362447035,485.1786810525682,18374300
790,2024-02-26,478.90576171875,483.279899399478,477.77248447458584,480.62559450403774,12101400
791,2024-02-27,484.1845703125,484.40327721976644,477.0965430855337,477.1561876658758,10809600
792,2024-02-28,481.1723937988281,488.16103356126894,479.90987640765184,482.1466391666725,12715500
793,2024-02-29,487.2464599609375,488.8072305793803,479.77068239389234,485.5664001835374,17732000
794,2024-03-01,499.3448791503906,501.2834191335195,488.95637632208775,489.2148260719434,16273600
795,2024-03-04,495.259033203125,501.4523915660251,493.49945745211545,500.04073241207027,12324100
796,2024-03-05,487.3359069824219,492.6643581190784,485.0196283389058,492.0877837615881,15325300
797,2024-03-06,493.17138671875,500.0109149772021,491.3819886609617,494.7023350451915,11757900
798,2024-03-07,509.1766357421875,516.7915429778166,498.4302366265669,500.31905229171315,18586400
799,2024-03-08,502.9734191894531,520.4897527725559,496.412242084079,511.1649321102501,18597100
800,2024-03-11,480.74493408203125,494.3941685090311,473.199591298322,494.0859947316571,20428300
801,2024-03-12,496.8098449707031,499.35478141934817,481.87822233269617,490.3580369823065,15448200
802,2024-03-13,492.6545104980469,498.0326864702772,488.1412113590775,492.47557674041485,12090700
803,2024-03-14,488.93646240234375,498.40047394838774,485.2880706609728,497.3168902547745,12620000
804,2024-03-15,481.251953125,488.93645663935973,478.46840785801584,486.1330702959338,29153600
805,2024-03-18,494.0561218261719,494.4935355953168,483.9459417747558,489.0159429440021,11755300
806,2024-03-19,493.32049560546875,493.7082157075301,478.4485172399462,485.29799633874035,10903100
807,2024-03-20,502.5459289550781,505.2101851162554,492.25684403551685,496.56135656046746,11711100
808,2024-03-21,504.7727355957031,512.0098740545075,503.03303126628924,511.68185921058966,9712500
809,2024-03-22,506.58203125,506.9697513685857,501.37286886802445,504.0172232261066,8120600
810,2024-03-25,500.0606384277344,504.23594126166455,497.2969948454398,502.81436147156455,8380600
811,2024-03-26,492.9725646972656,506.99953733459927,492.296542257246,502.15819366550943,11205400
812,2024-03-27,490.9544677734375,496.94902070729796,485.1985538197875,496.3624651462264,9989700
813,2024-03-28,482.7232360839844,489.99025800905156,482.2957731289916,489.9405339648192,15212800
814,2024-04-01,488.4592590332031,494.50347537416116,478.94555469115943,484.33368069090426,9247000
815,2024-04-02,494.44390869140625,494.60297103307335,481.79874074024735,482.24610547231356,11081000
816,2024-04-03,503.7586975097656,504.2557558702838,495.81571461685667,495.99464834551486,12099200
817,2024-04-04,507.9141540527344,526.8818886970938,507.5761276530795,513.3817659558945,26476300
818,2024-04-05,524.237548828125,527.5777665151929,511.38356597372723,513.8191641240741,19263300
819,2024-04-08,516.195068359375,528.3630463964502,515.8372009291234,526.1660874417956,13260600
820,2024-04-09,513.8590087890625,522.7762075444691,503.7587479141373,519.1576077555757,10863800
821,2024-04-10,516.7717895507812,519.4857091896904,502.82430073937064,506.29378924573456,11418500
822,2024-04-11,520.0820922851562,520.7779861454409,514.2466318161514,518.0441650826642,10369500
823,2024-04-12,508.88836669921875,517.1296031880806,506.33347932820783,514.7039558507993,11984500
824,2024-04-15,497.28704833984375,515.4794036371065,494.354391700334,513.6799940142547,13512900
825,2024-04-16,496.8198547363281,501.80035960588333,494.18542077059385,495.1795376367459,9847900
826,2024-04-17,491.2626953125,500.19979532538446,484.2740556651734,500.1401507465026,12193700
827,2024-04-18,498.8477478027344,509.1965366258005,496.10400634126887,496.87941615355777,14808700
828,2024-04-19,478.2397766113281,499.8419152749836,472.93119653596085,499.8419152749836,25215400
829,2024-04-22,478.89593505859375,489.11545536153847,470.614924466941,486.8389192139003,17271100
830,2024-04-23,493.1813659667969,495.8257203780364,486.09330810710463,488.35989326844737,15079200
831,2024-04-24,490.5966491699219,506.99957664976733,481.72911381389923,505.0709875978213,37772700
832,2024-04-25,438.7832946777344,443.1474518194537,412.0614292262953,418.9208293388117,82890700
833,2024-04-26,440.6820373535156,443.8134991532309,429.4186772096866,438.8627866508182,32691400
834,2024-04-29,430.07476806640625,437.17277596843513,426.03865663357846,436.9739404903706,21502600
835,2024-04-30,427.6392517089844,437.0336375847917,427.19188699859626,428.5140490387037,18429500
836,2024-05-01,436.6061706542969,447.31279793430986,424.59722242297005,426.0784771215956,20344900
837,2024-05-02,439.08148193359375,441.34806692594435,429.7367904857635,436.2581939843876,15221300
838,2024-05-03,449.301025390625,451.4980453862521,441.2387526159293,443.3065022340071,16489100
839,2024-05-06,462.9403076171875,463.41749460646207,450.67290985368646,452.89972179422654,15094600
840,2024-05-07,465.4852294921875,468.75588217992066,458.59600751554564,463.54671998178384,13406800
841,2024-05-08,469.8196105957031,472.782059273929,460.2760831496155,460.77314155474465,11683900
842,2024-05-09,472.6230163574219,473.2791067395544,464.8788380898599,467.2348900216278,9437700
843,2024-05-10,473.3984069824219,474.69074661810515,466.83723038564307,474.2831551113348,10750000
844,2024-05-13,465.2566223144531,470.56520248901546,460.12697588623786,469.96872632982064,14668800
845,2024-05-14,469.0740051269531,469.7599481269555,457.3732312994019,460.6438839752648,10478600
846,2024-05-15,478.7070617675781,479.6614054994127,468.427896635368,472.18565731363447,13100500
847,2024-05-16,470.4459228515625,474.87967546082996,469.9687358469358,472.20549873568376,16608200
848,2024-05-17,469.1336669921875,470.0184151764491,465.6642090368279,468.060003849129,10807300
849,2024-05-20,466.0816955566406,470.41606038220124,464.292297533688,467.18518092995544,11745100
850,2024-05-21,461.896484375,467.93078051111434,459.55035299827114,464.37182544918653,11742200
851,2024-05-22,465.0279541015625,470.9330103029686,462.9104804698009,465.1174209727308,10078600
852,2024-05-23,463.0397033691406,471.56921182322856,458.824658013912,470.0979384344224,11747900
853,2024-05-24,475.4065246582031,477.0269398531673,463.556639368811,464.8688807910191,12024300
854,2024-05-28,477.09649658203125,478.03093836232057,472.0463667930467,473.77612013043745,10175800
855,2024-05-29,471.5692138671875,477.02693553440264,470.91312350005967,471.86746709937256,9226200
856,2024-05-30,464.30224609375,468.95473584268626,461.9760163883006,468.8950912608571,10719600
857,2024-05-31,464.08355712890625,466.3600932168862,451.7863365116036,463.05961798385624,16919800
858,2024-06-03,474.6808166503906,476.7784188544019,465.48523633705065,468.08981747441885,11279400
859,2024-06-04,474.1837463378906,476.07259246304915,470.44588792892165,474.1936972137186,7088700
860,2024-06-05,492.1474304199219,493.7280723944885,481.06303484683156,481.59986638058245,15690500
861,2024-06-06,490.8550720214844,499.86176690600723,488.0019619435397,490.07966220818224,10667300
862,2024-06-07,490.059814453125,495.97482161134235,487.28625039496967,492.99247117957646,9380700
863,2024-06-10,499.64312744140625,499.70277202447545,490.5071912988335,490.95452567185265,11220900
864,2024-06-11,504.4844970703125,504.6137371195067,495.3386095890023,497.2175050647525,9673700
865,2024-06-12,505.84637451171875,510.98597157055474,501.5020890731281,510.9660698187759,11983200
866,2024-06-13,501.13427734375,506.36331100254307,498.4103767232153,502.7347908052071,9954600
867,2024-06-14,501.6915283203125,504.6668789222054,498.29822076637157,500.1889118858626,10243300
868,2024-06-17,504.14947509765625,508.249298155344,493.5814769288384,499.2137684390171,11266600
869,2024-06-18,497.0444030761719,503.5225387370223,492.596287734658,502.0895867902152,13060400
870,2024-06-20,499.2436218261719,501.2039776573373,494.3377366859417,499.54214083877173,11801200
871,2024-06-21,492.3575134277344,500.9850777253941,489.9792308643631,500.9850777253941,22359200
872,2024-06-24,496.4672546386719,505.31371188112524,491.86987981067074,496.75584325197343,13525300
873,2024-06-25,508.1000061035156,508.2094529447459,493.07393265728075,494.6163313992583,12063200
874,2024-06-26,510.6076965332031,511.29432063782076,502.2090173814448,504.1693732339605,8882300
875,2024-06-27,517.0160522460938,520.3198036670298,511.38379228621403,511.7320542707282,10121200
876,2024-06-28,501.7512512207031,519.3247883921233,501.37310690877666,514.6179667414566,15855100
877,2024-07-01,502.2090148925781,504.0997061759719,490.75538997483915,502.4777123736727,10328200
878,2024-07-02,507.0054016113281,508.00050544177236,497.0046202626273,498.30820385105653,7739500
879,2024-07-03,507.463134765625,508.776679094368,503.542423291387,503.89071570148445,6005600
880,2024-07-05,537.2664794921875,538.2218010293692,509.09512300088096,509.09512300088096,21354100
881,2024-07-08,526.7284545898438,540.1523977816078,524.0715439259956,539.6946280782491,14917500
882,2024-07-09,527.405029296875,534.8483865011414,525.6038937960874,531.1366686551077,8753200
883,2024-07-10,532.072021484375,536.2415085868906,525.7729978002864,528.1910926015574,10983300
884,2024-07-11,510.189697265625,532.8382680001971,505.8808810853549,528.2906366412508,16458300
885,2024-07-12,496.42742919921875,505.6022874749347,491.8101633460848,495.3228785549261,19750500
886,2024-07-15,493.730712890625,504.19919410028524,490.95436474146356,496.18862053037293,12539200
887,2024-07-16,487.3918762207031,501.4825490228506,483.4114612043278,499.0445326780581,14075800
888,2024-07-17,459.72802734375,476.8239349161113,456.87208409476005,476.8239349161113,28076600
889,2024-07-18,473.5201721191406,476.8935583722376,462.2655500283145,472.6743277747539,19267200
890,2024-07-19,474.45556640625,484.3269794518845,473.38083725734424,473.7291296735296,15149400
891,2024-07-22,485.0135803222656,489.65076761971676,481.53071706337016,484.197587927538,12023100
892,2024-07-23,486.29730224609375,492.79532916331743,485.3320502981374,487.4416655984561,9455500
893,2024-07-24,459.01153564453125,473.9679450896209,458.3249115680211,469.9974905005345,17649700
894,2024-07-25,451.1900329589844,461.28037004297926,440.4827059887369,460.99181179623156,18240500
895,2024-07-26,463.41986083984375,467.4699103049838,457.1706100687651,461.9272051107502,14222400
896,2024-07-29,463.4298095703125,471.63941640526457,462.7431854783001,467.57940602342404,11339600
897,2024-07-30,460.9221496582031,470.41544878621977,454.4639354603108,464.7134928556887,11390400
898,2024-07-31,472.5050964355469,474.1669330466182,464.4646715624534,468.7137536081104,24285800
899,2024-08-01,495.3029479980469,524.5888450886373,489.69057844469546,518.4490717442071,43083100
900,2024-08-02,485.75,498.6962802271807,473.81868438258266,486.6057747203378,24044700
901,2024-08-05,473.4007568359375,481.11281153240685,448.5927952293006,449.1401205576873,21396200
902,2024-08-06,491.67083740234375,500.0993678802894,476.3064321601276,476.6547245669501,20955000
903,2024-08-07,486.5261535644531,507.6521873819174,484.47621183859076,500.6665697776355,20105300
904,2024-08-08,507.134765625,507.4631365242445,492.2977639959644,495.0641514061811,16156800
905,2024-08-09,515.2349243164062,515.8021407821636,503.22401392066257,505.2241519485124,13696600
906,2024-08-12,513.423828125,515.4837003209536,506.60736088372124,514.3293458773064,9767400
907,2024-08-13,525.9521484375,528.8976775945399,515.6130659607747,517.4639444796859,13743800
908,2024-08-14,524.1809692382812,531.3855121572074,520.5687370214526,525.474592232972,11444200
909,2024-08-15,534.6991577148438,537.1272134882921,524.1211991482853,529.186243628135,13482100
910,2024-08-16,524.837646484375,531.0470846831789,522.0911501880614,529.2957529559742,14776700
911,2024-08-19,526.6885986328125,529.0568899352673,520.2005020489785,524.2903643248923,9879700
912,2024-08-20,524.1510009765625,528.4896996697129,523.3051870478047,525.7630642608573,7944400
913,2024-08-21,532.5397338867188,536.759025104398,524.3500488791344,524.5690033025425,13423300
914,2024-08-22,529.3255615234375,541.5653262197158,526.0019488156585,534.3707451204748,15708300
915,2024-08-23,525.4147338867188,537.2266095036387,522.4891266890336,534.2910415515177,11323900
916,2024-08-26,518.568603515625,525.4149240515669,512.4288287009674,525.0168581479052,9584000
917,2024-08-27,516.558349609375,521.444343197647,512.7869281357935,516.4389420142859,6282700
918,2024-08-28,514.2498168945312,518.5387122265323,509.94100004912804,515.135413196109,9106100
919,2024-08-29,515.6826782226562,524.6187519270367,513.1551363566217,516.5086314086758,8317400
920,2024-08-30,518.757568359375,520.9766304354436,512.677498614824,518.797350646977,9157500
921,2024-09-03,509.2543640136719,522.9171206537142,506.12972329874776,517.095787334066,12459100
922,2024-09-04,510.2295227050781,514.0607088520369,501.60198959597125,503.59219723501985,8335200
923,2024-09-05,514.329345703125,519.0760103589896,508.6473113953943,509.2145278610141,8640900
924,2024-09-06,497.8205871582031,522.0115894499307,495.8104883337226,519.324796934376,14744500
925,2024-09-09,502.3184509277344,508.82640785276607,499.62169779030836,503.6817382618634,11047800
926,2024-09-10,502.3184509277344,511.6624597294251,497.5817471669727,505.6719458429353,9899000
927,2024-09-11,509.323974609375,510.6076670397068,493.1734590533484,504.52759727884006,10782500
928,2024-09-12,523.0265502929688,524.1311617071216,512.6973676482601,514.5184246686891,11970500
929,2024-09-13,522.0513305664062,524.9968595658981,514.5780915987693,517.7923180495212,10321400
930,2024-09-16,531.1752319335938,531.9919419852342,515.3579036757625,522.469676680895,9527600
931,2024-09-17,534.2032470703125,539.9604028191319,528.4759413037808,535.4781635235854,11690800
932,2024-09-18,535.8268432617188,542.0521759030291,531.7928398690025,534.9503115622812,10323500
933,2024-09-19,556.893310546875,559.8516201147253,544.3630052709944,547.8292508952223,15647000
934,2024-09-20,559.1344604492188,562.2720524644678,554.1044037596297,557.7898128965492,22066800
935,2024-09-23,562.1823120117188,571.7145476196829,560.1902057812791,567.2522491176607,12830700
936,2024-09-24,561.1066284179688,565.5091662433006,552.0026881920077,564.4433820957124,12993000
937,2024-09-25,566.0669555664062,574.6031382414297,561.495044920447,561.8237594778809,16543400
938,2024-09-26,565.5987548828125,575.1210190066828,560.1303729170586,573.457566746547,14400800
939,2024-09-27,565.1207275390625,568.587034006437,562.2820002439122,567.8499035731115,9398400
940,2024-09-30,570.1806640625,572.4118133775064,562.5708034533277,565.4593818880203,12792300
941,2024-10-01,574.1947021484375,580.7387783195545,567.8498487564399,575.6987520585425,15259300
942,2024-10-02,570.5492553710938,573.7266676462524,567.0929798010694,572.5911523592456,6524700
943,2024-10-03,580.4699096679688,581.0575469776221,566.485284630292,567.8997238653835,11581000
944,2024-10-04,593.5879516601562,594.494333330652,579.1352098739677,581.4261200952628,14169500
945,2024-10-07,582.4720458984375,600.5703163409895,581.7349154298203,595.8589431511809,12014200
946,2024-10-08,590.5499267578125,591.2172653007906,583.6571956540708,587.3625447345094,7857400
947,2024-10-09,588.1792602539062,592.0439507147165,579.3143643342203,591.6455052014218,9529700
948,2024-10-10,581.525634765625,587.9003374315595,580.2208077791677,585.2508632249344,7740400
949,2024-10-11,587.62158203125,588.8766187572965,580.4101667801536,582.5217946450296,8587100
950,2024-10-14,588.089599609375,597.7313854257404,587.6314541342896,591.8745888786619,8252000
951,2024-10-15,583.9561157226562,588.2789524674469,577.8503048821323,587.8307163787997,9564200
952,2024-10-16,574.5134887695312,579.7826489722071,571.7644330744417,579.1053401086986,11268400
953,2024-10-17,574.6528930664062,582.6611379007146,572.9297407014117,581.0276570619114,8701200
954,2024-10-18,574.1947021484375,581.6651004084903,572.9795465460454,578.8064328711839,7694300
955,2024-10-21,572.8899536132812,574.9617613706962,566.8638436822902,573.756575861057,8171900
956,2024-10-22,579.712890625,581.2269108333847,569.8619106006562,572.0233288655415,8544500
957,2024-10-23,561.4652099609375,582.6911004356343,560.279904265033,577.680923843806,14248400
958,2024-10-24,565.5390625,566.6346966004356,559.3037603206038,564.8916036624881,7184700
959,2024-10-25,570.9874267578125,578.9956716161158,569.463436367779,571.6647355552979,11337900
960,2024-10-28,575.8781127929688,581.4460771376479,571.8540796011549,579.7029839727812,10925100
961,2024-10-29,590.9384765625,591.3268911100713,573.1290403357294,577.8602930748424,13019100
962,2024-10-30,589.4641723632812,598.8270951847134,587.0537410474774,598.6079319045934,26864900
963,2024-10-31,565.33984375,587.571756560939,560.7878737214265,582.6910719821886,26838400
964,2024-11-01,564.9214477539062,571.405763142559,560.339627825337,565.3696838064145,15303200
965,2024-11-04,558.4671020507812,566.4454979265795,555.6881355028934,561.8735869795249,12064600
966,2024-11-05,570.1707153320312,571.2165590136462,564.4334392801001,565.0609576479214,9775400
967,2024-11-06,569.7921752929688,570.7384379160791,552.9787937592303,560.5288934332871,18305400
968,2024-11-07,589.3646850585938,592.4524256318628,572.9397776720764,574.6131397370345,14653700
969,2024-11-08,587.0139770507812,590.7590857439004,582.2129936797714,589.205245296399,9415700
970,2024-11-11,580.8682861328125,584.6831866387249,574.2345990441023,584.0456980456348,10209100
971,2024-11-12,582.5117797851562,597.2931737075237,578.0893016004109,586.217068126676,16287700
972,2024-11-13,577.7107543945312,583.3285080451261,572.899801262269,580.3104381986861,10757600
973,2024-11-14,574.8820190429688,578.4678469202681,570.7484348770021,574.7226772857438,11053700
974,2024-11-15,551.8931274414062,570.3101398260193,549.323293380173,568.9654316430945,17712900
975,2024-11-18,552.2119140625,557.690206619492,547.9189272359731,554.8414482862169,14327300
976,2024-11-19,558.87548828125,559.2141123072212,548.4268396780825,549.6818763732618,9522400
977,2024-11-20,563.2880249023438,564.1147052861578,552.0126953873523,560.7082203658566,9797300
978,2024-11-21,560.8675537109375,567.7502537214924,546.8829296056848,567.272167698836,11154700
979,2024-11-22,556.9331665039062,561.6046581556811,552.4011368821567,561.3257340956305,9164000
980,2024-11-25,562.8795776367188,570.3300964942197,554.1940234019514,559.8814479460827,13599800
981,2024-11-26,571.2763061523438,575.2206985425693,562.9692568623328,563.7660872296004,10356600
982,2024-11-27,566.953369140625,572.7105237597915,561.8734624592141,572.62091303625,7200200
983,2024-11-29,572.0532836914062,576.1769585485704,564.6625859365694,566.7542733482691,7130500
984,2024-12-02,590.490234375,592.1536261932165,573.2983464509542,575.220721827725,12522400
985,2024-12-03,611.2279663085938,611.7757833163611,588.9163541140966,592.6515529773995,14907200
986,2024-12-04,611.3574829101562,615.3416951929215,602.7116887576115,610.5407120968788,14697000
987,2024-12-05,606.5265502929688,617.4532833934136,604.6539657761583,614.6444066181979,8081200
988,2024-12-06,621.3081665039062,627.3043658378344,606.1283244249738,607.6920745569537,16935500
989,2024-12-09,611.1483154296875,623.9276938833166,603.7774980807178,621.4574408246348,11426000
990,2024-12-10,616.8756713867188,623.1209443670939,610.3216243479825,615.1226080382442,10938900
991,2024-12-11,630.182861328125,635.8803166127035,619.0769058574836,620.9096094972598,10837200
992,2024-12-12,628.30029296875,634.1471196152161,624.7344667566571,629.0075125330641,7474700
993,2024-12-13,617.901611328125,628.5893040754634,614.4553059802537,624.7444923143248,8453300
994,2024-12-16,622.2777709960938,629.1660843597223,616.6355892593001,627.9997182991576,10885600
995,2024-12-17,617.4928588867188,630.3822075101276,614.6019503899752,624.2016843799404,12897800
996,2024-12-18,595.3128051757812,625.387952256149,594.4455447869857,619.0479587782994,17075500
997,2024-12-19,593.6978149414062,609.59768780127,593.1295994525007,608.4712351230819,14958100
998,2024-12-20,583.4102783203125,601.2141211648265,578.1767815903994,588.7235406079465,48989400
999,2024-12-23,597.9644165039062,599.2005698155671,584.4071908696653,587.746636194458,10205800
1000,2024-12-24,605.8395385742188,606.0787743995681,597.3961932142544,600.8253211686514,4726100
1001,2024-12-26,601.4534301757812,604.3941694362019,597.0573191588121,603.5767396891605,6081400
1002,2024-12-27,597.924560546875,599.9581261267912,587.9460161502445,597.5257935657311,8084200
1003,2024-12-30,589.3814086914062,595.0635027304218,583.739227850836,586.8992458198082,7025900
1004,2024-12-31,583.6694946289062,592.1028621932754,582.0146786657892,590.4082547146103,6019500
1005,2025-01-02,597.3563232421875,603.0084829766075,585.9722382113614,587.8662291946306,12682300
1006,2025-01-03,602.7293090820312,607.583995036269,594.5351175760923,602.8589052855972,11436800
1007,2025-01-06,628.218994140625,629.0064888916852,603.7162437232414,609.906744646259,14560800
1008,2025-01-07,615.9476928710938,630.112985152474,606.3180247667793,629.7142790484268,12071500
1009,2025-01-08,608.8002319335938,614.5022833089956,600.895166417742,611.4718611566152,10085800
1010,2025-01-10,613.924072265625,627.9298948978874,595.462329972656,608.112442272843,19256600
1011,2025-01-13,606.4178466796875,607.0557887197621,596.5688977245103,605.1916715787221,10785000
1012,2025-01-14,592.3820190429688,603.586677198732,586.6999244030517,603.1680144738151,13598000
1013,2025-01-15,615.18017578125,620.5034171048438,604.5935629430987,608.2919230470484,15524300
1014,2025-01-16,609.3783569335938,614.3128087015587,607.7933891951506,609.5777403991937,8355300
1015,2025-01-17,610.8438720703125,623.0054745889828,601.7724400021073,622.0883835023329,17280600
1016,2025-01-21,614.522216796875,619.5463519549992,607.0956232572347,615.8879054164239,11674000
1017,2025-01-22,621.5401000976562,631.7080497498704,617.482886369199,621.3407166057895,12274000
1018,2025-01-23,634.4493408203125,634.5988327915112,619.197448317166,625.3878883324852,9910200
1019,2025-01-24,645.4546508789062,649.9504837452617,632.2064489650473,634.3995455880619,19065300
1020,2025-01-27,657.8057250976562,661.7831731182577,623.1350240288891,624.6402872001196,28399200
1021,2025-01-28,672.2102661132812,680.4343323047402,657.396932162672,663.9064343650558,20950100
1022,2025-01-29,674.363525390625,678.9091891458575,663.5775294568425,672.8782187611764,21377800
1023,2025-01-30,684.8405151367188,708.5557128184324,673.9747533685537,694.6296546921253,29322900
1024,2025-01-31,687.0136108398438,703.082934049854,683.4249514874042,688.8278971175284,19303900
1025,2025-02-03,695.2676391601562,701.7870595426608,673.1274317559399,673.7853303532094,21415700
1026,2025-02-04,701.9764404296875,705.4853950757674,689.435967564897,700.291750368734,13826300
1027,2025-02-05,702.6543579101562,715.8826654247008,696.8127924114283,701.338499801199,17778200
1028,2025-02-06,709.7518920898438,716.6402049884904,701.2885896343017,703.6611131134636,13080700
1029,2025-02-07,712.27392578125,722.7309407303161,709.5126138066624,714.5467269625192,16427100
1030,2025-02-10,715.1448974609375,718.932940098342,709.0939710353202,716.3012242622654,12904300
1031,2025-02-11,717.537353515625,721.3852053088176,707.8080235680292,711.077742352479,12998000
1032,2025-02-12,723.099853515625,724.8144176821432,710.3599968194253,713.0515218383842,12016500
1033,2025-02-13,726.2698364257812,726.7084557601091,715.7828856053137,719.2519879198333,12569100
1034,2025-02-14,734.3543701171875,738.58103257134,723.3391163213805,723.8575012483883,16901200
1035,2025-02-18,714.1181640625,734.6833207719243,704.2193852371487,733.6864641630071,21938700
1036,2025-02-19,701.5578002929688,704.7776276936228,693.2041369812721,701.886719169158,17535500
1037,2025-02-20,692.6558227539062,703.4118828816584,691.4595827411689,695.088155137264,12587400
1038,2025-02-21,681.4013061523438,701.6574392501641,680.2150443830811,694.3903766528952,15660400
1039,2025-02-24,666.02978515625,685.1096345134455,660.3676471383606,684.122756243814,15677000
1040,2025-02-25,655.4332275390625,665.9002220472909,639.8423754025094,663.8765739042495,20579700
1041,2025-02-26,671.582275390625,680.8630075132187,655.9316152590968,657.5764529173535,14488700
1042,2025-02-27,656.1708984375,686.4853426299528,655.5030215314821,680.3048193549045,12500000
1043,2025-02-28,666.0995483398438,667.5250458825946,640.579984557629,655.9714518798419,17534200
1044,2025-03-03,652.9908447265625,679.1084974580099,648.7941177590432,671.5622863758869,10843800
1045,2025-03-04,637.9881591796875,647.7075100421906,621.6895797629608,643.4808482225519,21495200
1046,2025-03-05,654.406494140625,657.4269991717806,635.6556218898671,638.985150066886,13770000
1047,2025-03-06,625.9561157226562,648.5149839411777,622.1481164638366,645.963033649381,13446500
1048,2025-03-07,623.6932373046875,632.7945424007281,598.7219930959255,623.4041708110899,21375700
1049,2025-03-10,596.1102905273438,608.1921880983464,585.0252495931782,606.1586224627868,21999900
1050,2025-03-11,603.8060913085938,612.9970808420062,591.4650005432014,593.1795648557367,17401500
1051,2025-03-12,617.6124877929688,631.3392229811113,607.4345597540354,627.9200120605409,15747000
1052,2025-03-13,588.7833862304688,618.549509168397,584.666363679096,618.300295022882,16480300
1053,2025-03-14,606.2288818359375,607.4860482974414,593.4378646925935,601.43972556622,12364500
1054,2025-03-17,603.5350341796875,611.7164817099355,596.6505800508986,606.0892549627374,15473900
1055,2025-03-18,581.0458374023438,598.895481615564,573.3632009688982,598.695920754158,20297700
1056,2025-03-19,582.7420654296875,590.9834364727485,573.473050249603,582.9616006660708,20537500
1057,2025-03-20,584.6776123046875,608.8230139342973,578.2022676048324,581.4449335433823,24336500
1058,2025-03-21,594.904541015625,596.1916081624212,579.6390781803701,582.1034753081934,25015900
1059,2025-03-24,617.4534912109375,621.1351668672481,610.818534005287,613.5822418688982,15741300
1060,2025-03-25,624.896728515625,632.4496541118687,619.7782994932003,625.3457252697278,15312500
1061,2025-03-26,609.6012573242188,625.3356905979604,605.2411234358802,623.479902445872,12609800
1062,2025-03-27,601.22021484375,612.8638628796605,598.7457698845544,600.6415066398952,10436500
1063,2025-03-28,575.4385375976562,600.3921105915904,572.624893809918,598.9553576126906,17602800
1064,2025-03-31,575.0594482421875,577.3941949049992,552.0514847999954,562.2284810192266,21124700
1065,2025-04-01,584.6776123046875,588.5787620697387,568.713718453365,569.5518496754252,12836600
1066,2025-04-02,582.6123046875,591.3225852084037,572.0661494891557,573.612639602056,13470800
1067,2025-04-03,530.4203491210938,551.3130986556911,529.1033205063213,544.9873786131755,34777500
1068,2025-04-04,503.591064453125,516.8311091249631,493.0848271014097,505.4767837476822,38589800
1069,2025-04-07,515.0850219726562,538.1528441381656,480.8125306436679,484.0053216518451,36606100
1070,2025-04-08,509.29815673828125,546.1946900687835,501.72525715038495,542.0241297513288,28034200
1071,2025-04-09,584.4481811523438,586.563392325636,500.9769327422793,508.1207792653783,39216600
1072,2025-04-10,545.0573120117188,579.9883240820161,534.0921199395266,574.1914363860034,28173500
1073,2025-04-11,542.3434448242188,546.1648195031983,527.397266592616,534.3016346023475,17642300
1074,2025-04-14,530.2806396484375,556.5113524556241,527.0879095050198,554.9149264864913,14130900
1075,2025-04-15,520.3432006835938,536.7261316213554,516.3322523952014,530.9092700648307,15558700
1076,2025-04-16,501.176513671875,512.2115538752881,494.5115946838527,507.36253528750194,18735100
1077,2025-04-17,500.348388671875,506.1552323217004,496.8862177349848,504.109870459736,14593500
1078,2025-04-21,483.56634521484375,492.38639367876976,478.71729620364266,490.22127698998224,16166000
1079,2025-04-22,499.1510925292969,505.7362053967078,485.26249029169,490.7600664511802,17399400
1080,2025-04-23,519.0960083007812,534.1320095182137,515.3544703338583,527.3373790061787,18173900
1081,2025-04-24,531.9469604492188,532.6952680588365,516.3322506362241,517.5594556288198,13910000
1082,2025-04-25,546.0350952148438,548.6192167322417,535.0399425493104,545.566124111354,17098900
1083,2025-04-28,548.49951171875,557.2297674992926,539.3701950695558,554.3862228326028,15179000
1084,2025-04-29,553.1889038085938,555.3141023170735,542.8921836696377,544.7679463052672,11835000
1085,2025-04-30,547.7611694335938,547.8609194224242,528.305171612182,537.1851129255415,29244000
1086,2025-05-01,570.9187622070312,591.6119501941531,569.2125991017259,590.7439183241091,31159000
1087,2025-05-02,595.6728515625,602.976341384666,577.025022870384,582.1434519633877,24739300
1088,2025-05-05,597.917724609375,601.8488361583287,586.7230116613694,589.8858412822701,13887700
1089,2025-05-06,585.9847412109375,594.6850963262071,585.2564079323492,591.1929940245881,10600700
1090,2025-05-07,595.4632568359375,601.7191276587725,585.3461237925522,589.0277995025451,13139100
1091,2025-05-08,596.6605834960938,609.9205723172726,595.2737054544873,604.9218677784463,14622800
1092,2025-05-09,591.153076171875,605.6003835325008,590.3748678564078,602.3577169402795,10427300
1093,2025-05-12,637.987060546875,638.9449161423443,619.6286183644004,629.4962543948571,21965100
1094,2025-05-13,654.5496826171875,659.4286019389394,641.3794565378789,644.083302386897,18570800
1095,2025-05-14,657.8720703125,661.1745985140565,652.8334783472295,659.7179321317063,12348200
1096,2025-05-15,642.4270629882812,655.8267503294444,637.1390348372435,652.8036193165813,14341800
1097,2025-05-16,638.8950805664062,638.9948305544648,624.7370982869602,636.5204462352993,18519000
1098,2025-05-19,638.98486328125,641.5490713874889,626.3833579870233,626.8323547421304,9592400
1099,2025-05-20,635.662353515625,637.9072763695222,630.8333091235804,634.5748472134089,6743500
1100,2025-05-21,634.0659790039062,645.1508944069866,628.7479892254967,630.3643287848374,11464600
1101,2025-05-22,635.133544921875,641.7984637515493,629.2867830155565,632.6192119816805,8228400
1102,2025-05-23,625.64501953125,631.0228714642786,621.2449976116812,622.5919269408028,8454100
1103,2025-05-27,640.8705444335938,641.6288391569669,631.322132840975,633.9761034753569,9508400
1104,2025-05-28,642.1277465820312,649.4112615873161,641.1000415977985,641.1499165908115,9042900
1105,2025-05-29,643.5944213867188,651.8457794764735,638.0569572367845,650.1795649115138,8858800
1106,2025-05-30,646.0288696289062,647.9445199213626,631.3521030687026,641.0501397655987,16241000
1107,2025-06-02,669.3861083984375,671.7407683371362,642.8062081386795,642.9359196596392,15766300
1108,2025-06-03,665.3451538085938,674.0554949945077,663.5293144324946,669.9348099310185,11585000
1109,2025-06-04,686.3975830078125,687.4452013964936,667.0613110778705,667.8096186265605,14031900
1110,2025-06-05,683.0750732421875,692.8130584501095,680.7104262850396,690.0991647687987,13083100
1111,2025-06-06,696.1356201171875,701.2240874679378,690.3087714429512,694.5990561951916,11728000
1112,2025-06-09,692.4938354492188,703.5987252238476,692.3741111037318,696.8839311085023,12773200
1113,2025-06-10,700.8150024414062,701.6430856337115,689.9994369756769,699.7673231326536,10850100
1114,2025-06-11,692.5736694335938,707.2704113136799,690.4284966062165,702.1220817843749,9582500
1115,2025-06-12,691.79541015625,693.8108714889893,685.4497761885773,691.7355479828731,7322700
1116,2025-06-13,681.3291015625,693.00271273635,679.4733132608307,686.3976556130428,9274400
1117,2025-06-16,701.0746459960938,706.097186349852,692.4774795938313,698.2888218186604,13720300
1118,2025-06-17,696.19189453125,704.9188720421186,695.0236535754563,700.9548121157454,10066100
1119,2025-06-18,694.734130859375,700.5454731369719,693.8654310237622,697.1405159449071,10068300
1120,2025-06-20,681.3340454101562,700.7750888089137,677.659531763817,699.7066745861354,22538600
1121,2025-06-23,697.4900512695312,698.009235646563,677.7394706648903,682.6721183845542,11080100
1122,2025-06-24,711.1396484375,712.1281647182683,701.0646441862544,703.840534417847,13823200
1123,2025-06-25,707.6248779296875,715.5131404309827,704.329803307428,712.2579843149763,9320400
1124,2025-06-26,725.0089721679688,727.1357448031094,709.9913257897466,713.2963951875835,13964800
1125,2025-06-27,732.5377197265625,734.335027558332,724.7792688020234,725.4383202717177,18775700
1126,2025-06-30,736.9911499023438,746.7865422233173,733.1568401231899,743.4414931754206,15402100
1127,2025-07-01,718.149169921875,736.6516110389775,714.3049263192432,735.7829112020786,13431200
1128,2025-07-02,712.507568359375,719.2275285170003,711.7386953151484,714.2649576351612,9336700
1129,2025-07-03,717.9395141601562,727.9446154194361,713.3563211505465,725.5281745483136,8601700
1130,2025-07-07,717.2804565429688,725.9176023238477,712.4476967305745,716.5315731843128,9457100
1131,2025-07-08,719.5969848632812,721.8336399994789,713.7457243829997,720.4956692403485,7770700
1132,2025-07-09,731.6890258789062,736.4319538163115,721.6439452565418,721.6439452565418,11418000
1133,2025-07-10,726.1572265625,734.704479422628,718.5285868802704,730.4608071076664,9913600
1134,2025-07-11,716.4417724609375,724.080346484783,708.6434025181652,721.4243335394181,10873900
1135,2025-07-14,719.8466186523438,726.9160944373699,715.4831299390246,716.5315544248375,8939400
1136,2025-07-15,709.3323974609375,723.3913915043134,708.7632387544227,722.8222937420867,11529500
1137,2025-07-16,701.8634033203125,712.9069335357998,698.2288692710704,712.3078512596281,13067600
1138,2025-07-17,700.3656616210938,704.8490277671435,696.0720759709156,703.3412662167694,11803300
1139,2025-07-18,703.2314453125,703.6607977835126,690.6202449112741,701.1445302429636,12779800
1140,2025-07-21,711.908447265625,715.932476351091,704.7092210614702,705.7476506911312,9404400
1141,2025-07-22,703.7606201171875,715.5330442831794,700.3656579311477,715.1236815394241,8921100
1142,2025-07-23,712.517578125,713.5660026063329,703.880432607157,705.3182910497592,8771600
1143,2025-07-24,713.7357788085938,722.5426547237513,712.9369820539731,715.9824289621253,10920800
1144,2025-07-25,711.618896484375,719.5770617883383,710.8400895031193,715.8525738749273,8271700
1145,2025-07-28,716.5615844726562,723.6609843506268,711.6189419324959,714.1352096135126,8715700
1146,2025-07-29,698.957763671875,723.3913008144071,698.8678708582052,718.9279854910714,13267000
1147,2025-07-30,694.1749267578125,707.4451173939698,690.170887478499,707.0357546566921,27077300
1148,2025-07-31,772.2884521484375,783.5816106103192,764.3702661872821,774.0458414913344,38831100
1149,2025-08-01,748.8933715820312,764.8595554226001,744.2003568990668,759.5973820600149,19028700
1150,2025-08-04,775.214111328125,775.6933771870287,757.2808287946278,758.8684883686742,15801700
1151,2025-08-05,762.3233032226562,781.9639994147884,761.863966178597,775.2939526074297,11640300
1152,2025-08-06,770.8406372070312,772.488205034118,759.327834976083,768.853609707056,9733900
1153,2025-08-07,760.6957397460938,773.8461140652291,758.4191051508143,772.3383525306105,9019700
1154,2025-08-08,768.1546630859375,768.7538063796192,757.4506521481833,761.6144268371896,7320800
1155,2025-08-11,764.729736328125,772.3084628390361,763.531510748687,768.9334902466898,7612000
1156,2025-08-12,788.8237915039062,792.4883102810505,771.2799436630941,771.849102319645,14563100
1157,2025-08-13,778.9186401367188,794.2757473900336,777.0713578354987,789.9721665216805,8811800
1158,2025-08-14,780.9655151367188,786.6370510429252,771.3598429397638,776.7218428333804,8116200
1159,2025-08-15,784.0609130859375,795.0645257736991,779.6575056048304,782.9825648931883,13375400
1160,2025-08-18,766.2274780273438,774.6549143701418,755.4335751910228,773.9360156125421,16513700
1161,2025-08-19,750.3611450195312,766.0277875160474,748.2443062415024,765.977874147037,12286700
1162,2025-08-20,746.6067504882812,749.083099657565,729.911672806752,746.4570103778062,11898200
1163,2025-08-21,737.9995727539062,744.3900685450179,732.0185006665147,743.6012666698691,8876300
1164,2025-08-22,753.6661987304688,755.7731035460037,733.2966081137474,738.1293678852983,10612700
1165,2025-08-25,752.1784057617188,757.7501148109367,749.0131426125197,753.6961621486424,6861200
1166,2025-08-26,752.9772338867188,753.7461069744401,746.8264320177999,749.6821592803592,7601800
1167,2025-08-27,746.2672729492188,753.0272129802489,741.7340542390842,751.1799307743298,8315400
1168,2025-08-28,749.99169921875,751.9288132977724,739.6970516455432,742.8922995313089,7468000
1169,2025-08-29,737.6002197265625,746.0276565106426,734.2551707121078,744.1704403453122,9070500
1170,2025-09-02,734.0155029296875,734.9041924629622,720.655419120511,724.9589996576248,9350900
1171,2025-09-03,735.95263671875,739.1478846127889,732.8971950134412,734.9042121918441,7699300
1172,2025-09-04,747.535400390625,760.0267237435045,744.7095967582477,747.4555024338443,11439100
1173,2025-09-05,751.3297119140625,756.821523128746,743.9207763942886,751.4994417417535,9663400
1174,2025-09-08,751.1798706054688,765.3687349414048,750.9003191950952,754.8743737770961,13087800
1175,2025-09-09,764.5599975585938,765.1590798691678,752.3082462809408,756.3621991005824,10999000
1176,2025-09-10,750.8604125976562,764.5600175863916,749.8818911499914,763.990858904295,12478300
1177,2025-09-11,749.7820434570312,755.9727638030715,747.2557810059183,753.5264602522736,7923300
1178,2025-09-12,754.4650268554688,756.4420593260343,742.6526235095245,747.6151944100551,8248600
1179,2025-09-15,763.5614624023438,772.9175066813722,750.8703641812288,756.3421855933647,10533800
1180,2025-09-16,777.8401489257812,780.1966205012909,763.960820221922,765.8580156945753,11782500
1181,2025-09-17,774.5650634765625,782.1238004242355,765.1691000860621,778.828725718326,9400900
1182,2025-09-18,779.0883178710938,787.6056471582369,772.2085614820411,779.5875734416616,10955000
1183,2025-09-19,777.2210693359375,789.6225600448605,768.0447499547826,785.2490765825911,23696800
1184,2025-09-22,764.5364379882812,785.0896826443245,763.8469978355404,781.2128396094075,11706900
1185,2025-09-23,754.784423828125,769.9719880546131,750.4579354131178,768.6231126086477,10872600
1186,2025-09-24,760.0401000976562,760.4897455830934,751.9167814613187,756.8827020619125,8828200
1187,2025-09-25,748.2996826171875,756.1533238123261,743.9432502397539,752.8360219788784,10591100
1188,2025-09-26,743.1439208984375,751.3172477286904,736.7491118404043,749.3888277967437,9696300
1189,2025-09-29,742.794189453125,750.1681799899285,738.5476529969768,748.1098002440084,9246800
1190,2025-09-30,733.7815551757812,742.3645209926972,725.7081225297242,741.6451369970716,16226800
1191,2025-10-01,716.7554321289062,721.2617054862658,709.6212362201944,720.9020135039985,20419600
1192,2025-10-02,726.45751953125,727.176964520395,717.5548070653372,721.9911913779041,11415300
1193,2025-10-03,709.98095703125,730.4043027655052,709.6012618171895,729.0354240673363,16154300
1194,2025-10-06,715.0767822265625,716.2958197616522,689.9473135389625,704.6153434967972,21654700
1195,2025-10-07,712.4989013671875,717.9144673294414,705.1748577839295,717.135073707775,12062900
1196,2025-10-08,717.2550659179688,719.063588526951,707.233209995552,712.8686286502683,10790600
1197,2025-10-09,732.9122314453125,732.9122314453125,711.8593952481671,717.694662739213,12717200
1198,2025-10-10,704.7252197265625,734.6708280741015,703.9358854737135,730.3243364156914,16980100
1199,2025-10-13,715.1167602539062,719.353295154282,707.0633311027989,712.4289500007787,9251800
1200,2025-10-14,708.072509765625,714.966850016347,698.7600977854659,707.2032236513401,8829800
1201,2025-10-15,716.9652709960938,723.3101331023296,708.9318445822669,716.4756800447307,10246800
1202,2025-10-16,711.48974609375,724.898793146875,703.3064176322127,716.9652609619593,9017000
1203,2025-10-17,716.3357543945312,717.9544293541486,705.5445676686097,706.5038073054051,12232400
1204,2025-10-20,731.5733032226562,733.1720358988009,719.5930841941394,720.602270855396,8900200
1205,2025-10-21,732.6724853515625,737.898203963144,728.156149137632,735.4202444049121,7647300
1206,2025-10-22,732.8123168945312,739.9964601984101,723.4400167690366,733.2320185457676,8734500
1207,2025-10-23,733.40185546875,741.8049752352916,732.5025644943078,734.1012972282697,9856000
1208,2025-10-24,737.75830078125,740.6060149267306,730.5542151922721,736.1895728454068,9151300
1209,2025-10-27,750.2081298828125,755.1341048828856,747.4004223192904,749.1189913399045,11321100
1210,2025-10-28,750.82763671875,757.7819868095911,744.9124781386814,752.0166693998259,12193800
1211,2025-10-29,751.0574340820312,758.5413205942342,741.9049255575367,754.1349412128479,26818600
1212,2025-10-30,665.9268798828125,680.405123547836,649.6401745693712,668.6047496805471,88440100
1213,2025-10-31,647.8216552734375,674.3400676801817,645.0439523217459,673.9603724515775,56953200
1214,2025-11-03,637.1903686523438,658.792746197499,635.6615861365713,655.4654426520216,33003600
1215,2025-11-04,626.8087768554688,641.2170082918374,625.4998468710925,627.528160823027,27356600
1216,2025-11-05,635.4317626953125,641.7066132741587,626.0293969573662,631.7947143740674,20219900
1217,2025-11-06,618.4356079101562,635.4817027165644,617.4963715076051,635.3318005623231,23628800
1218,2025-11-07,621.203369140625,621.6230097922952,600.7100736857968,615.9875913853423,29946800
1219,2025-11-10,631.2451782226562,634.4825281361091,617.606277436272,630.5757412925083,19245000
1220,2025-11-11,626.5690307617188,629.0469903781388,618.8852946435945,627.4882640088713,13302200
1221,2025-11-12,608.5137329101562,628.4774318700306,607.2747531328254,627.6181473129036,24493300
1222,2025-11-13,609.3930053710938,617.1466913787408,602.5086055074847,612.5704066192014,20973800
1223,2025-11-14,608.96337890625,613.1799107961393,594.7149894844074,601.2995852054279,20724100
1224,2025-11-17,601.5194091796875,611.1915132655756,594.914810553651,608.54364845602,16501300
1225,2025-11-18,597.2029418945312,603.1680476389258,583.3043040560937,591.1178778321469,25500600
1226,2025-11-19,589.8389282226562,594.8448550993957,580.7763124672824,593.236120814011,24744700
1227,2025-11-20,588.669921875,606.225550290049,582.8745995478572,603.0082035639184,20603000
1228,2025-11-21,593.7657470703125,597.6325885375659,581.38582901572,588.0204327318114,21052600
1229,2025-11-24,612.5504150390625,616.1974650582393,597.1429978306941,598.2320754408486,23554900
1230,2025-11-25,635.7014770507812,636.5308177101258,617.7960982049689,623.4914651316196,25213000
1231,2025-11-26,633.0936279296875,637.8397569399452,631.1152610365342,637.1703200291516,15209500
1232,2025-11-28,647.4219970703125,647.5218911860414,634.9821303911365,635.5616748244524,11033200
1233,2025-12-01,640.3477172851562,644.7941029489796,637.2402664201815,639.028785702615,13029900
1234,2025-12-02,646.5726318359375,647.3420238521164,637.5500224020741,641.8165621493692,11640900
1235,2025-12-03,639.0787353515625,648.3211970895987,637.0304181904862,643.8848130159247,11134300
1236,2025-12-04,660.990966796875,675.5490404402168,659.512131337801,675.4491463216154,29874600
1237,2025-12-05,672.8712158203125,674.1402004180294,661.8502358329807,663.4589092143041,21207900
1238,2025-12-08,666.256591796875,676.1585499822719,664.528021142878,668.7945609027437,13161000
1239,2025-12-09,656.4246826171875,663.9385132978894,652.807637338328,663.2291308887899,12997100
1240,2025-12-10,649.6002197265625,653.9766553823684,642.8757234590145,649.4203737252112,16910900
1241,2025-12-11,652.1781005859375,654.7460135009795,640.2777724038347,642.7657334383907,13056700
1242,2025-12-12,643.7050170898438,710.4206277669183,638.0896015354143,649.2704855848336,14016900
1243,2025-12-15,647.510009765625,653.0,638.7000122070312,645.7000122070312,15549100
1244,2025-12-16,657.1500244140625,662.5399780273438,643.2000122070312,643.5,14309100
1245,2025-12-17,649.5,661.22998046875,649.2000122070312,655.6099853515625,15598500
1246,2025-12-18,664.4500122070312,670.5599975585938,656.4600219726562,657.030029296875,20260300
1247,2025-12-19,658.77001953125,671.0,658.1799926757812,666.4199829101562,49977100
1248,2025-12-22,661.5,673.5800170898438,656.6500244140625,661.6500244140625,15659400
1249,2025-12-23,664.9400024414062,666.0,658.25,660.0499877929688,8486800
1250,2025-12-24,667.5499877929688,668.1799926757812,662.2000122070312,662.530029296875,5627500
1251,2025-12-26,663.2899780273438,668.9500122070312,661.3200073242188,668.0599975585938,7133800
1252,2025-12-29,658.6900024414062,660.25,654.3900146484375,658.010009765625,8506500
1253,2025-12-30,665.9500122070312,672.219970703125,657.8400268554688,658.6900024414062,9187500
1254,2025-12-31,660.0900268554688,665.0,659.4400024414062,664.75,7940400
