Price,Date,Close,High,Low,Open,Volume
Ticker,,MSFT,MSFT,MSFT,MSFT,MSFT
0,2021-01-04,208.8822479248047,213.97740256707098,206.11876826469393,213.52641763249963,37130100
1,2021-01-05,209.08367919921875,209.67860372506547,206.97269494474443,208.4695744226187,23823000
2,2021-01-06,203.6623077392578,207.73076146630103,203.36485276551582,203.58554280387045,35930700
3,2021-01-07,209.4579620361328,210.46548187724906,205.06328210079494,205.3799173889524,27694500
4,2021-01-08,210.73410034179688,211.6552648790283,208.24889607857534,209.83213069780732,22956200
5,2021-01-11,208.69032287597656,210.0528676774654,207.961063234746,209.63066780968265,23031300
6,2021-01-12,206.23388671875,208.31610101495866,204.68904166255604,207.74037126573907,23249300
7,2021-01-13,207.58682250976562,207.98982744101792,205.27432823721875,205.36069794074126,20087100
8,2021-01-14,204.40113830566406,208.66149665183414,204.1324683776545,207.17420728087288,29480800
9,2021-01-15,204.04612731933594,205.83087188668628,203.45121734402414,204.88093687983877,31746500
10,2021-01-19,207.68280029296875,208.20094535182324,204.0269559335494,205.10163584312352,30480900
11,2021-01-20,215.26316833496094,216.6544982014575,208.4984094044723,208.89182426038445,37777300
12,2021-01-21,215.86766052246094,217.1438501575346,213.42083121134726,215.60858068821213,30709400
13,2021-01-22,216.8079833984375,220.76129675652857,216.66405830590344,217.89226790023852,30172700
14,2021-01-25,220.24314880371094,220.48303373157987,215.14799527840105,219.84973400806652,33152100
15,2021-01-26,222.9298858642578,224.7050257283065,220.7709212912737,222.47890098214344,49169600
16,2021-01-27,223.47682189941406,230.71176046047944,220.82849722353762,228.37048091852017,69870600
17,2021-01-28,229.2628173828125,232.82271617243214,225.5781883862381,226.07715313829948,49111200
18,2021-01-29,222.57484436035156,228.38965283762465,221.989524533748,226.44178833824543,42503100
19,2021-02-01,229.95367431640625,232.68836821174884,223.0257967801908,225.54939077841996,33314200
20,2021-02-02,229.81936645507812,232.50608075588323,229.03255145237534,231.53695085313288,25916300
21,2021-02-03,233.16815185546875,235.17358635543027,229.57946803336847,229.87693764522302,27158100
22,2021-02-04,232.21823120117188,233.3984757451428,230.64458645062663,232.84194088146734,25296100
23,2021-02-05,232.4005126953125,233.43681732954676,230.69253319854138,232.4292977150345,18054800
24,2021-02-08,232.65960693359375,233.82064184477534,231.06676741699246,233.31208694294955,22211900
25,2021-02-09,233.90704345703125,234.8569785791358,231.6137437019394,232.08390887828068,23565000
26,2021-02-10,232.9954833984375,235.97004827617175,231.14356379496923,235.08727333327803,22186700
27,2021-02-11,234.59788513183594,235.23117025659255,232.3525509282651,234.87614522468496,15751100
28,2021-02-12,235.07765197753906,235.37510696165688,232.90908274109216,234.06052752923827,16561100
29,2021-02-16,233.83981323242188,236.17150222991458,233.09137346567442,235.11600274275108,26728500
30,2021-02-17,234.8592987060547,234.9650917712769,231.72399963468183,232.0894692554744,21653500
31,2021-02-18,234.4649658203125,234.5996101987233,231.64704608816618,232.55109320398296,16925600
32,2021-02-19,231.75283813476562,234.53229432170122,230.993047615162,234.42650126233121,25262600
33,2021-02-22,225.5399169921875,228.82909920704134,223.51062453702826,228.33861214281137,36446900
34,2021-02-23,224.3473663330078,225.84769358188825,219.98101428804915,221.51981974467014,30228700
35,2021-02-24,225.57838439941406,226.20351580478894,220.24067088187863,221.21203274988108,26339700
36,2021-02-25,220.23109436035156,225.6168844933576,219.16355148383207,223.20289775237097,39542200
37,2021-02-26,223.49143981933594,226.36706254282802,220.7600590313648,222.67394655856364,37819200
38,2021-03-01,227.8769989013672,228.38672511898815,224.23195895822414,226.87677089593706,25324000
39,2021-03-02,224.92442321777344,228.22323269493202,224.5204900588609,227.94431703214215,22812500
40,2021-03-03,218.8557891845703,224.6455272759705,218.56726130025564,223.279844277028,34029500
41,2021-03-04,218.0575408935547,223.59722946005738,215.68201757357087,218.06716778420983,44727800
42,2021-03-05,222.74127197265625,224.34739246721543,217.79787831196157,220.74083051607226,41872800
43,2021-03-08,218.69229125976562,224.443551081611,218.44224158929848,222.5200514391749,35267400
44,2021-03-09,224.83786010742188,226.37666560982453,222.8085675052576,223.97229118428092,33080500
45,2021-03-10,223.52989196777344,227.93470791551164,223.1644223392066,227.93470791551164,29746800
46,2021-03-11,228.05967712402344,230.02163976304308,225.34753632949793,225.9726823465639,29907600
47,2021-03-12,226.7324981689453,226.7998276939092,224.30888474756043,225.05904836070448,22653700
48,2021-03-15,225.8284454345703,226.19391501778802,222.94319632529994,225.97271669511534,26034900
49,2021-03-16,228.6175537109375,230.87765695855205,226.9152524388038,227.24224385205463,28092200
50,2021-03-17,227.9731903076172,229.42544205169168,224.30892552910623,227.11723348186302,29562100
51,2021-03-18,221.89492797851562,225.23220115327058,221.51984612163352,223.66454419174724,34833000
52,2021-03-19,221.53904724121094,223.5779518905413,220.57729754999687,222.18341777330807,46430700
53,2021-03-22,226.9633026123047,227.83848363077567,221.33706135356417,221.46209350268924,30127000
54,2021-03-23,228.4924774169922,231.8297497860793,228.0019903918306,228.4059234728698,31638400
55,2021-03-24,226.4535675048828,228.89640503432452,226.31892314775035,228.75214846423054,25620100
56,2021-03-25,223.45297241210938,227.8770279046883,222.71243554139588,226.2997586262725,34061900
57,2021-03-26,227.43460083007812,227.65581386207742,222.6931811050737,222.6931811050737,25479900
58,2021-03-29,226.24200439453125,227.74233157641052,223.01052482004673,227.54035768263333,25227500
59,2021-03-30,222.981689453125,224.90518898802316,222.2603771275382,224.59742201837378,24792000
60,2021-03-31,226.75173950195312,229.95436788577308,223.50102069627698,224.00113466833557,43623500
61,2021-04-01,233.08006286621094,233.5513108619018,228.9445359159846,229.3484690587783,30338000
62,2021-04-05,239.5430145263672,240.39897120703446,233.41665871011114,233.4743613464268,36910600
63,2021-04-06,238.37928771972656,239.8603758409947,237.43677709710138,238.1388502881798,22931900
64,2021-04-07,240.34127807617188,241.33187923295162,237.73494423945007,238.33122444155185,22719800
65,2021-04-08,243.56312561035156,244.41908230584644,242.3609384158286,243.10148983669302,23625200
66,2021-04-09,246.0636749267578,246.1983193023005,242.7841048169457,243.19765015784952,24326800
67,2021-04-12,246.1213836669922,247.81407263023797,244.8807182632371,244.96728689441156,27148700
68,2021-04-13,248.60264587402344,249.27588233727795,247.00613800852824,247.41971264466562,23837500
69,2021-04-14,245.81361389160156,248.92967367444348,245.40006854516722,247.63133499844136,23070900
70,2021-04-15,249.57406616210938,249.98761152054735,247.87177962953,248.06411197401857,25627500
71,2021-04-16,250.76661682128906,251.0166811447849,247.74673791180396,249.54520522242984,24878600
72,2021-04-19,248.84315490722656,251.4783695403015,247.95836145254398,250.2377039752883,23209300
73,2021-04-20,248.3815155029297,250.24731248370563,247.01581785761766,247.9583432382006,19722900
74,2021-04-21,250.6127471923828,250.7089280413718,247.41013330799765,249.03549280000607,24030400
75,2021-04-22,247.33319091796875,251.7668430840579,245.86170033030186,250.25688896426033,25606200
76,2021-04-23,251.16091918945312,251.50716433105552,247.42932579254486,248.0160083504401,21462600
77,2021-04-26,251.54568481445312,252.401656348328,250.21849455281932,251.65149256989199,19763300
78,2021-04-27,251.9495849609375,253.12292083823525,250.17034204081673,251.57448846765723,31014200
79,2021-04-28,244.82301330566406,246.72728837126857,243.2745956256258,246.2848623553483,46903100
80,2021-04-29,242.85142517089844,246.3041179418775,239.47568881641504,245.68859868614197,40589000
81,2021-04-30,242.53402709960938,243.3996106161242,240.0527258409525,240.18737020905894,30945100
82,2021-05-03,242.22630310058594,244.62106536473124,241.514602971749,243.70739132259695,19626600
83,2021-05-04,238.3119354248047,241.60113208821093,236.3595848411974,241.3703068929317,32756100
84,2021-05-05,237.04246520996094,239.95656581721718,236.41733373419922,239.53339357356575,21901300
85,2021-05-06,240.1778106689453,240.3028428583674,235.3305973827599,237.0232720100498,26491100
86,2021-05-07,242.80335998535156,244.57297608817822,241.56269453028074,242.50520522143927,27032900
87,2021-05-10,237.72531127929688,242.1012758551177,237.66760863864906,241.27417043051173,29299900
88,2021-05-11,236.8115997314453,237.16745706228488,233.29160735103736,235.1958674486527,33641600
89,2021-05-12,229.85816955566406,235.03238744086832,228.96374941275505,232.90691422766648,36684400
90,2021-05-13,233.73403930664062,236.20574319486232,232.18562163049452,232.5510912295652,29624300
91,2021-05-14,238.65817260742188,239.64877358465748,236.0999296611892,236.18648360868315,23901100
92,2021-05-17,235.8018035888672,237.15787429824175,234.20531011006548,237.11941076417176,24970200
93,2021-05-18,233.7821502685547,236.98477896115793,233.60902766820809,236.8501345720607,20168000
94,2021-05-19,234.36048889160156,234.46652622846455,230.0033530891012,230.6877638651082,25739800
95,2021-05-20,237.5994110107422,239.01644862141393,235.07381336596254,235.17021628589384,21800700
96,2021-05-21,236.336669921875,239.3828205439802,235.92216962475908,238.65020818420544,21863100
97,2021-05-24,241.7445068359375,242.11082031164497,238.59231936466642,238.86222991233876,21411500
98,2021-05-25,242.6506805419922,243.64356908299723,241.7831128858404,242.69888201378376,17704300
99,2021-05-26,242.428955078125,243.8267094116998,241.71561158716582,242.37110449046097,17771600
100,2021-05-27,240.32749938964844,242.41931375220793,240.26966350914816,242.12048523027423,24426200
101,2021-05-28,240.68417358398438,242.9977118612827,240.56850181827792,241.9566218428521,18270200
102,2021-06-01,238.48626708984375,242.23611129480034,238.06213247651124,242.17827542521047,23213300
103,2021-06-02,238.38990783691406,240.2889309005884,236.98250443349707,239.19000511781942,19406700
104,2021-06-03,236.857177734375,237.46446909521038,234.24481143121798,236.38482693459528,25307700
105,2021-06-04,241.75416564941406,242.58318090352876,238.59234344977264,238.8333360851662,25281100
106,2021-06-07,244.66534423828125,244.9352547949257,240.80946233304937,240.97333554893908,23079200
107,2021-06-08,243.47007751464844,246.78613895017997,243.41222691926356,245.96675800268207,22455000
108,2021-06-09,244.45327758789062,246.3233827268109,244.0869787969945,244.6653522763675,17937600
109,2021-06-10,247.97177124023438,248.18384593485345,244.53040407577595,245.1280611011444,24563600
110,2021-06-11,248.5983428955078,249.17670160646898,247.364432530678,248.69471640197318,18999700
111,2021-06-14,250.52638244628906,250.58421834017838,247.54768682071966,248.60806057211366,19150500
112,2021-06-15,249.0514373779297,250.6227142087636,248.39594441109375,250.4106394938403,18038900
113,2021-06-16,248.10678100585938,251.19146956435637,245.25342129026026,250.05399120999905,27220000
114,2021-06-17,251.4998779296875,252.3192586743206,246.7860778501168,246.84391372215748,27565500
115,2021-06-18,250.08285522460938,252.84944580260748,249.42736235681394,250.27566108833486,37202200
116,2021-06-21,253.1675262451172,254.02544452032575,248.62723433959087,250.45877203791443,26696100
117,2021-06-22,255.9438018798828,256.21371242735415,252.94583850306975,253.2543161053351,24694100
118,2021-06-23,255.7124481201172,257.2162397712295,254.90271641706022,256.4065080681725,19518700
119,2021-06-24,257.08123779296875,258.1994468543113,255.90519286793935,256.5703347183762,21446900
120,2021-06-25,255.47142028808594,257.6210848324682,255.22080799279775,256.63784563239585,25611100
121,2021-06-28,259.0381774902344,259.21168513568006,256.3294224923796,256.59933308019987,19590000
122,2021-06-29,261.6216125488281,261.8626051966104,258.3248496012734,259.1827681299934,19937800
123,2021-06-30,261.13958740234375,261.5830055695424,259.8864375923306,260.93716184615096,21656500
124,2021-07-01,261.8143310546875,262.0456745055731,259.88639051587245,259.8960102143007,16725300
125,2021-07-02,267.6463928222656,267.98378836748816,262.6819508278436,262.99042843593526,26458000
126,2021-07-06,267.65606689453125,269.304448300758,264.417110543685,268.0127312917453,31565600
127,2021-07-07,269.84423828125,270.57686522962035,267.1644016340529,269.3333351246347,23260000
128,2021-07-08,267.4247131347656,268.687512155592,264.96657067142803,266.92342963956736,24618600
129,2021-07-09,267.9259948730469,268.0320175199491,265.40039657064716,265.7859789327302,23916700
130,2021-07-12,267.32830810546875,269.6900181971794,266.6149499259008,269.1020103084746,18931700
131,2021-07-13,270.8564453125,272.6590654647847,267.3957947012604,267.52108615678264,26120100
132,2021-07-14,272.33135986328125,273.43992023579295,270.44195619359107,272.17712102791575,23113700
133,2021-07-15,270.9045715332031,272.33125816401554,269.74779540897265,271.8396238985117,22604200
134,2021-07-16,270.6347351074219,273.86404237165414,269.3912048461886,271.9071833087747,26186800
135,2021-07-19,267.0294494628906,270.268375880713,264.5616875965378,268.88025615363426,32935600
136,2021-07-20,269.2563171386719,270.8468629936739,266.30656899505277,268.0127866332473,26259700
137,2021-07-21,271.26123046875,271.3769021952764,267.2993267450296,268.85130477265585,24364300
138,2021-07-22,275.83056640625,276.1004770022266,273.20856515188495,273.61341633682554,23384100
139,2021-07-23,279.2333679199219,279.5418161445663,276.1775682694742,277.0162179583788,22768100
140,2021-07-26,278.6355895996094,279.25254468160546,276.3124471799437,278.5874028542198,23176100
141,2021-07-27,276.21612548828125,279.14657473530417,272.7554747958883,279.00198503858365,33604100
142,2021-07-28,275.9076232910156,279.69602009802213,273.6037197955621,278.5778108462002,33566900
143,2021-07-29,276.17755126953125,278.22116404498746,275.7726707111648,275.9269095230165,18168300
144,2021-07-30,274.6448669433594,276.33181549192943,273.6808963441765,274.8955087129223,20944800
145,2021-08-02,274.55804443359375,276.43776898092204,273.5169399728217,276.0425376039661,16267400
146,2021-08-03,276.7752380371094,276.88129010205466,273.76765442774865,275.13650564382874,17879000
147,2021-08-04,276.1871643066406,277.2282393780746,274.39416409389577,275.90760465805386,16191300
148,2021-08-05,279.0887145996094,279.19476664668434,275.7919521287353,276.5438479043771,13900200
149,2021-08-06,279.0308837890625,279.06945084488444,277.2571816558268,278.1151294941113,16589300
150,2021-08-09,277.94158935546875,281.04557540856166,277.44033530754433,279.31044035047853,16117600
151,2021-08-10,276.11968994140625,278.8284444729027,274.9243760322883,278.3946460159266,18616600
152,2021-08-11,276.611328125,278.2597093320037,275.5605744628409,276.861940433862,13955900
153,2021-08-12,279.36834716796875,279.5225860106618,276.0233676508192,276.3029273918286,14561300
154,2021-08-13,282.2987976074219,282.34698437046103,278.87668430824215,279.05022137488925,18249000
155,2021-08-16,283.9857177734375,284.19779246209333,279.5707163690693,282.62651582587677,22507600
156,2021-08-17,282.5203857421875,282.85778121068694,280.59244525709045,281.8552733394232,20075300
157,2021-08-18,280.791748046875,284.7419326780572,280.3474513834384,282.0569648821331,21813000
158,2021-08-19,286.62518310546875,287.3012660466153,278.7731243483728,278.82140335515624,29850500
159,2021-08-20,293.9556884765625,295.38510649922546,287.87106060757066,289.47431840377976,40817600
160,2021-08-23,294.23583984375,294.9602018470455,291.53156682119305,292.88370333247155,22830200
161,2021-08-24,292.2751770019531,295.20159774025154,291.67637591299615,294.5931290613567,18175800
162,2021-08-25,291.6861267089844,294.1779192519182,290.150482663144,293.89782433305635,20006100
163,2021-08-26,288.86590576171875,292.0917276855508,288.7307068475188,290.7009502786529,17666100
164,2021-08-27,289.474365234375,290.5850477108611,286.6831429186562,288.7693089617846,22605700
165,2021-08-30,293.2120666503906,293.82053542708803,290.76855342647343,290.82650002669567,16348100
166,2021-08-31,291.5604248046875,294.0908570194674,291.1934101522806,294.01360473839145,26285300
167,2021-09-01,291.51214599609375,294.7573021441546,291.1837721879944,292.51660259839315,18983800
168,2021-09-02,290.85546875,292.98991375623564,289.9186260953305,291.8695931866592,16285600
169,2021-09-03,290.8458251953125,292.25590820944143,289.9959024554989,290.70092922538174,14747900
170,2021-09-07,289.9186706542969,290.7975668447377,288.00637363441695,290.7203145252385,17180400
171,2021-09-08,289.9476013183594,290.3339218077792,287.3012750177518,289.53230752909224,15046800
172,2021-09-09,287.0888671875,291.81172258178157,286.84741313603865,290.5368381162167,19927000
173,2021-09-10,285.6014099121094,289.6675160495283,285.28270363564104,288.2187922077664,19633400
174,2021-09-13,286.837646484375,288.3346787710662,284.02711875904106,287.3785010149175,23652900
175,2021-09-14,289.5419616699219,291.08727303017804,287.9097304141614,289.31981339850245,21853400
176,2021-09-15,294.4000244140625,294.88293238817874,291.50257656936515,292.89335389276897,28356300
177,2021-09-16,294.786376953125,294.87329686099383,290.4788456084354,293.37629376819706,19550800
178,2021-09-17,289.61920166015625,294.09093387637466,289.29082779964784,293.7722276064099,41372500
179,2021-09-20,284.2395935058594,288.5085125411991,279.62299491142915,286.20019850680364,38278700
180,2021-09-21,284.7225646972656,287.3689207628151,284.01753783211063,285.58215514439695,22364100
181,2021-09-22,288.373291015625,289.9572431984659,284.44244280452375,286.5865552261978,26626300
182,2021-09-23,289.3198547363281,290.61404471157635,287.35924932596714,288.63413359091027,18604600
183,2021-09-24,289.11700439453125,289.55160387819416,286.77971687639047,288.035295269375,14999000
184,2021-09-27,284.1141052246094,286.3354702312346,282.92614093577845,286.0167639204759,23571700
185,2021-09-28,273.8281555175781,280.83998946296117,273.0844877708486,279.89347912445993,43186200
186,2021-09-29,274.2917175292969,276.9670169803439,273.3355692133675,275.354120921642,26353700
187,2021-09-30,272.2828063964844,277.990751901862,271.99304396857866,275.9432270985098,32343600
188,2021-10-01,279.2173767089844,280.06729939899645,271.6743570466697,272.475971258081,30086300
189,2021-10-04,273.43212890625,277.91352888902685,270.6699095435266,277.57548742469766,31350700
190,2021-10-05,278.8890380859375,280.472961002074,274.3400234963345,274.3400234963345,24993000
191,2021-10-06,283.0903625488281,283.59260581924235,275.7501832594574,276.0109430137623,28002600
192,2021-10-07,284.7708740234375,286.4996930408869,283.8726721525356,285.0895803576917,20430500
193,2021-10-08,284.7708740234375,286.4996930408869,283.7181380444717,286.09403732292327,17685700
194,2021-10-11,284.1720886230469,287.7842314930736,282.7426701495198,282.90687185923423,19298600
195,2021-10-12,282.8681640625,285.3406503959171,282.3562828170901,285.24406291153826,17974100
196,2021-10-13,286.1808776855469,287.11772019165227,283.4572700524126,284.82874145878634,23416300
197,2021-10-14,292.4008483886719,292.90306219131577,287.6490198160767,288.9818508598913,27262900
198,2021-10-15,293.810791015625,294.0426068302674,290.246928661948,292.00472034073283,25384800
199,2021-10-18,296.78558349609375,297.6741176404027,292.3428243514602,293.192747080356,22729300
200,2021-10-19,297.69342041015625,298.72682093565703,296.71793700146924,297.80931359250326,17682100
201,2021-10-20,296.9014892578125,299.1132160698903,295.6459108190313,298.6399462045998,16537100
202,2021-10-21,300.136962890625,300.38805498571867,295.8873492891924,296.66968729600904,16918100
203,2021-10-22,298.5916442871094,300.45566188219726,297.2781193491711,299.78924655970684,17449300
204,2021-10-25,297.5968933105469,298.82346903838294,295.98396759735755,298.7848281449745,17554500
205,2021-10-26,299.5091857910156,301.7209126851576,298.0508236727138,300.36877617922386,28107300
206,2021-10-27,312.1226806640625,314.9525136630806,305.1977689504879,305.1977689504879,52588700
207,2021-10-28,313.26239013671875,313.764603789262,310.3745805800996,313.24305495530734,26297900
208,2021-10-29,320.2839660644531,320.65098093925894,312.82786376243286,313.0500121009658,34766000
209,2021-11-01,318.11083984375,320.1583652321911,315.2133915828915,320.03280442498834,27073200
210,2021-11-02,321.74224853515625,322.05131669032914,318.71924011753754,319.01864068212325,26487100
211,2021-11-03,322.58251953125,323.45174797044365,319.3470302817975,322.4859320437034,21500100
212,2021-11-04,324.93914794921875,325.03573544722815,318.2460499257313,321.5105128276318,23992200
213,2021-11-05,324.5721435546875,327.20883201566943,322.98822053910783,326.93840469718674,22570100
214,2021-11-08,325.4703369140625,326.1077790354794,323.00751780917733,325.76973752761745,20897000
215,2021-11-09,324.46588134765625,327.141180927912,323.09440972505246,325.5862019162056,21307400
216,2021-11-10,319.4919128417969,323.19100453286666,318.6420195419929,323.1330579322974,25500900
217,2021-11-11,321.06622314453125,322.36041311749693,319.2118728300362,319.92656727683465,16849800
218,2021-11-12,325.20953369140625,325.7021092362378,322.3797001550684,322.5052609389951,23831000
219,2021-11-15,324.581787109375,326.3299116948135,322.61151423527605,326.0015377948578,16723000
220,2021-11-16,327.9041748046875,329.0245248169212,324.0409110967214,324.2050832986667,20886800
221,2021-11-17,328.126708984375,331.0971955801469,327.04302085871814,327.95255114881303,19053400
222,2021-11-18,330.20703125,331.34880160200635,326.1915678093843,327.21720340062717,22463500
223,2021-11-19,331.9873352050781,333.91284514256006,331.10686080252884,331.53259961586156,21963400
224,2021-11-22,328.813720703125,338.33476348925745,328.542798641945,333.44845158059155,31031100
225,2021-11-23,326.73345947265625,328.4461004858144,322.7470217598907,326.12387738514525,30427600
226,2021-11-24,326.95587158203125,327.197767255464,323.0855408071073,325.37870706672487,21661300
227,2021-11-26,318.99273681640625,326.97529607751204,317.4833097911147,323.5113621421092,24217200
228,2021-11-29,325.7174987792969,328.03969227871653,323.8887525742175,324.0822810026243,28563500
229,2021-11-30,319.8731994628906,326.8301222692539,318.32506105228794,324.44987681081915,42885600
230,2021-12-01,319.3797912597656,328.28156688324964,318.71218613988026,324.2661032432016,33337600
231,2021-12-02,318.80889892578125,322.6792307522383,317.17368136684007,319.59263875837576,30766000
232,2021-12-03,312.5389709472656,321.9148518795967,307.7203973367994,321.2278467405146,41779300
233,2021-12-06,315.6158447265625,316.83500853773074,308.8814765180251,313.4484686429607,30032600
234,2021-12-07,324.0628967285156,324.914344926329,319.39913979218665,320.88922581286494,31021900
235,2021-12-08,324.1112060546875,324.62402374862853,320.07637285648497,324.4401806575663,24761000
236,2021-12-09,322.30181884765625,325.58190900442776,321.35357712566093,323.5693498836345,22214200
237,2021-12-10,331.4358215332031,331.88090135456383,323.937054811635,324.1208979064264,38095700
238,2021-12-13,328.3976135253906,332.64531641229195,328.0879799264692,329.63611839279116,28899400
239,2021-12-14,317.6961975097656,323.79198810435076,313.6033108046137,322.41800725694964,44438700
240,2021-12-15,323.80157470703125,324.3240776814525,313.9806152960324,317.9573663886095,35381100
241,2021-12-16,314.3676452636719,325.8431926062779,312.5485848783329,324.82721295108735,35034800
242,2021-12-17,313.3033142089844,314.3870318019432,306.9656583691775,310.47798883012587,47750300
243,2021-12-20,309.53948974609375,312.33578933972996,307.27534900605167,309.674936015178,28326500
244,2021-12-21,316.6802062988281,317.10594512457476,309.4329905116543,312.8098748126121,24740600
245,2021-12-22,322.3986511230469,322.7953341481106,315.19014632592007,317.6574710399496,24831500
246,2021-12-23,323.84033203125,325.48523481760844,321.9438777632381,321.9632187915845,19617800
247,2021-12-27,331.34881591796875,331.37784222734143,324.55636424185536,324.58539055122804,19947000
248,2021-12-28,330.1876525878906,332.6646623593274,329.28780761048364,332.0260541252137,15661500
249,2021-12-29,330.86492919921875,333.1387250117785,328.66849748500334,330.23597679664846,15042000
250,2021-12-30,328.32025146484375,332.00674011719934,327.83645999310903,330.8262877450351,15994500
251,2021-12-31,325.41748046875,328.35891115617534,324.962715335164,327.5364893328757,18000800
252,2022-01-03,323.89837646484375,327.0430208965413,319.08948826047026,324.4789321117376,28865100
253,2022-01-04,318.344482421875,324.333823368685,315.54815346488107,323.9757928660076,32674300
254,2022-01-05,306.1238708496094,315.49975115217205,305.7368436101561,315.29653749062345,40054300
255,2022-01-06,303.70489501953125,308.3686512181517,301.39235794610454,302.99854894295123,39646100
256,2022-01-07,303.8597412109375,306.23998686939547,300.037776956861,303.9661611560191,32720000
257,2022-01-10,304.0822448730469,304.51766895717213,294.81281436875065,299.4572001340922,44289500
258,2022-01-11,304.7693176269531,306.34645318386146,299.84432347965804,303.2211788519228,29386800
259,2022-01-12,307.95263671875,312.92602760824207,306.80121056428135,309.3072765675064,34372200
260,2022-01-13,294.91925048828125,310.477999759612,294.14519599434743,310.0812872347779,45366000
261,2022-01-14,300.1442565917969,300.74415332363384,293.90333446831437,294.38712596538153,39846400
262,2022-01-18,292.8388977050781,299.7571080915639,291.95839390632096,294.21287812896793,42333200
263,2022-01-19,293.4969177246094,303.73396167938847,292.8873652813076,296.36098446324274,45933900
264,2022-01-20,291.822998046875,301.5471940307173,291.3779181968077,299.05084323097356,35380700
265,2022-01-21,286.4335632324219,294.25162003175876,286.02716542406625,292.87766885666707,57984400
266,2022-01-24,286.7625427246094,287.4785446299873,267.1012508783427,282.7277385199471,85731500
267,2022-01-25,279.1379699707031,285.42725856382043,275.9256173154079,282.06974485682485,72848600
268,2022-01-26,287.091552734375,298.4993649327911,283.53085426864396,298.00588813814414,90428900
269,2022-01-27,290.12005615234375,297.3382163920615,288.2719692510956,292.848647044969,53481300
270,2022-01-28,298.2671813964844,298.4800508635709,284.90486089949263,290.497490140265,49743700
271,2022-01-31,300.89898681640625,302.25359717758414,296.4384136116129,298.93479441062544,46444500
272,2022-02-01,298.75091552734375,300.5602908856212,295.2385847597286,300.347421459454,40950400
273,2022-02-02,303.298583984375,304.90477544054625,298.86706647048936,299.59275378047863,36636000
274,2022-02-03,291.48431396484375,301.1408007887822,290.2361239043447,299.4571866637444,43730000
275,2022-02-04,296.0223388671875,298.78961201270425,290.24586730318873,290.47807776902533,35096500
276,2022-02-07,291.194091796875,297.8607227658091,290.1781120131645,296.244875824076,28533300
277,2022-02-08,294.6870422363281,295.65462512508105,290.2264992927546,291.48434523681885,32421200
278,2022-02-09,301.1214599609375,301.81812081600225,297.4253157990667,299.82490244451157,31284700
279,2022-02-10,292.5777587890625,299.09925890544037,290.9522263996024,294.18395014827564,45386200
280,2022-02-11,285.4757080078125,294.4258511158453,284.68228282928357,293.3615038676102,39175600
281,2022-02-14,285.43695068359375,287.13990600791016,281.9052790638438,284.24681310649265,36359500
282,2022-02-15,290.7297058105469,291.048995252709,287.3915321828367,290.2846258362835,27058300
283,2022-02-16,290.39031982421875,291.7186447665817,284.7473355562415,289.29468550260657,29982100
284,2022-02-17,281.8870544433594,287.772404486028,281.17924775374655,287.34578532918516,32461600
285,2022-02-18,279.1722106933594,284.92183458390497,277.601489929,284.13647420172526,34264000
286,2022-02-22,278.9685974121094,282.6724139032119,275.8465370047907,276.33132880972005,41736100
287,2022-02-23,271.7451477050781,282.8275092232798,271.580335085681,281.35372341593103,37811200
288,2022-02-24,285.629638671875,286.1823084436964,263.2613371745761,264.2212450912512,56989700
289,2022-02-25,288.26690673828125,288.57718060139933,282.7790598404249,286.16292683070213,32546700
290,2022-02-28,289.7018737792969,290.04123393567045,284.087976805865,285.35812887426613,34627500
291,2022-03-01,285.97869873046875,290.84599781965625,283.26384685818056,287.3845772168943,31217800
292,2022-03-02,291.059326171875,292.3003920940344,284.7667375809277,286.37622044505133,31873000
293,2022-03-03,286.919189453125,293.90987886372875,285.10604328173724,293.6771882703284,27314500
294,2022-03-04,281.0435485839844,286.6671524279959,278.43539536081005,285.33882734438663,32356500
295,2022-03-07,270.4266052246094,280.8787167872422,270.05815866809127,279.75399609499914,43157200
296,2022-03-08,267.4596252441406,275.3229335452845,261.7875556211475,269.35029539224405,48159500
297,2022-03-09,279.724853515625,280.79140133597923,272.2396673436956,274.8187631313371,35204500
298,2022-03-10,276.90338134765625,277.88267026842374,272.04575796281966,274.41154435304935,30628000
299,2022-03-11,271.55126953125,280.70414052887327,270.9307218618932,279.2012682861542,27209300
300,2022-03-14,268.0317687988281,276.7192320346744,267.43063153056454,271.81313999383417,30660700
301,2022-03-15,278.41595458984375,279.06558869061246,270.2520763750094,271.822797240653,34245100
302,2022-03-16,285.43572998046875,285.61024792688795,274.58608713792756,280.3163001707601,37826300
303,2022-03-17,286.240478515625,286.6186007423343,280.56840840023403,284.369189223697,30816600
304,2022-03-18,291.2919616699219,291.84463136231534,283.8261865282108,286.3858715630049,43390600
305,2022-03-21,290.0606994628906,291.0109022597081,285.9302629165281,289.79892248336694,28351200
306,2022-03-22,294.8115234375,295.72293419199275,289.6824190151885,290.6810887241322,27599700
307,2022-03-23,290.38055419921875,294.0068166256151,288.66440204897714,291.3695483106634,25715400
308,2022-03-24,294.8504333496094,294.94739764545733,289.24624028604273,290.04130608690775,24484500
309,2022-03-25,294.443115234375,296.20776433611707,290.18665898274526,295.9459874387846,22566500
310,2022-03-28,301.24957275390625,301.3465074219661,295.0733016708337,295.0733016708337,29578200
311,2022-03-29,305.81634521484375,306.2138780134715,299.6497785681732,304.36196991762364,30393400
312,2022-03-30,304.3134460449219,306.3399014849223,302.1027969724418,304.216511371829,28163600
313,2022-03-31,298.932373046875,305.5546468387902,298.5251644290348,304.35234283001967,33422100
314,2022-04-01,300.0085754394531,300.69697152169914,296.246586275612,299.96007850505373,27110500
315,2022-04-04,305.38970947265625,305.525435773219,300.2896909060564,300.65813736226033,24289600
316,2022-04-05,301.4241943359375,305.29282394515957,300.4449053012834,303.74148406124976,23156700
317,2022-04-06,290.39031982421875,297.6621976161441,287.6851730006055,295.9072534761738,40110400
318,2022-04-07,292.2034606933594,294.4141105406613,287.33616074245623,287.6367293488046,31411200
319,2022-04-08,287.9372253417969,291.9609911189032,287.26821033138873,291.3016814124939,24361900
320,2022-04-11,276.58343505859375,283.7098510494845,276.3313338468451,282.9148149628091,34569300
321,2022-04-12,273.4807434082031,281.89672181810613,271.95849007947834,280.44234644172155,30966700
322,2022-04-13,278.8716125488281,279.80240446057144,272.74383748539003,274.130364433045,21907200
323,2022-04-14,271.318603515625,279.54068423967755,270.8241359315861,279.3273746344273,28221600
324,2022-04-18,271.9875183105469,273.8685124293965,269.87383364976495,270.42650327619054,20778000
325,2022-04-19,276.6221923828125,277.4657549794319,269.94177668947515,270.8822739757197,22297700
326,2022-04-20,277.64996337890625,280.88839885014346,276.6900850216622,280.59750599779863,22906700
327,2022-04-21,272.268798828125,284.3788898792056,271.5416110467196,279.80245359132033,29454600
328,2022-04-22,265.69500732421875,274.5861024440905,265.064783867457,273.1123163539271,29405800
329,2022-04-25,272.1814880371094,272.5596102250069,262.5341201377057,264.9774895553303,35678900
330,2022-04-26,262.00091552734375,269.8933116676329,261.787605924128,269.05948386646486,46518400
331,2022-04-27,274.60552978515625,282.1198043655611,270.66902185598894,273.5196006446066,63477700
332,2022-04-28,280.8204650878906,282.12940868996714,272.8989551204445,276.5155121149017,33646600
333,2022-04-29,269.078857421875,281.0629273247488,268.0898927013259,279.83153709016864,37073900
334,2022-05-02,275.8174743652344,276.27317988457435,267.81840889699976,269.26307913115687,35151100
335,2022-05-03,273.2092590332031,275.4877863561019,271.62883306903626,275.3229441287677,25978600
336,2022-05-04,281.15985107421875,282.0324703593983,268.31286891823476,273.99461437075183,33599300
337,2022-05-05,268.9139709472656,277.6402218405938,265.9955153465754,276.85486162734134,43260400
338,2022-05-06,266.3736877441406,270.7561945471367,263.018907502902,266.4512414054531,37780300
339,2022-05-09,256.5325012207031,264.0758629549132,255.31084559899435,261.8458317686874,47726000
340,2022-05-10,261.30279541015625,265.4235259500196,257.00754691357685,263.426185984904,39336400
341,2022-05-11,252.62501525878906,263.1062124421762,251.41303566228873,257.5989842571217,48975900
342,2022-05-12,247.58314514160156,251.97535707995286,242.41526346781745,249.85196691214003,51033800
343,2022-05-13,253.1776885986328,255.0393023042166,247.58320135507512,249.52236873660797,34925100
344,2022-05-16,253.54615783691406,257.7347668574991,248.0001374455881,252.05299053442474,32550900
345,2022-05-17,258.704345703125,260.1683970586015,254.47694512701054,258.015919929837,28828800
346,2022-05-18,246.9255828857422,256.1775215944614,245.65247241501044,255.59441054369825,31356000
347,2022-05-19,246.01202392578125,250.41448076629942,244.78750863973613,246.75061832907582,32692300
348,2022-05-20,245.4484100341797,251.2600357974427,239.50074181493954,249.99662341850876,39199300
349,2022-05-23,253.3105926513672,254.13666422198204,246.2938927434967,248.29589957204047,33175400
350,2022-05-24,252.30963134765625,253.97147296907548,246.36196267456333,250.62836356197613,29043900
351,2022-05-25,255.1279754638672,257.1299678018951,249.88976200722672,250.8713320113654,28547900
352,2022-05-26,258.41278076171875,259.588701272369,254.06864585399154,254.88498957150392,25002100
353,2022-05-27,265.5460510253906,265.643241139635,260.0259965721128,260.92010410159867,26910800
354,2022-05-31,264.21466064453125,267.03299630860687,261.3574429989598,264.8560798770332,37827700
355,2022-06-01,264.74920654296875,269.87080312577604,262.43621787387394,267.4509260743222,25292200
356,2022-06-02,266.84832763671875,266.9163636856067,254.23383914437693,257.00359440575477,44008200
357,2022-06-03,262.416748046875,265.75018841702905,260.85209677085874,262.69859051173177,28059000
358,2022-06-06,261.1824645996094,266.459558068701,259.69554794096325,264.39925834908735,22400300
359,2022-06-07,264.826904296875,265.4391694080939,258.45162412939817,259.1319252881435,22860700
360,2022-06-08,262.7957458496094,265.3128125636582,262.01825461124446,264.0591283318473,17372300
361,2022-06-09,257.333984375,265.0309543991037,257.1784861365602,260.2397817065618,26439700
362,2022-06-10,245.86624145507812,253.2425017029727,245.4191877402005,253.2425017029727,31422800
363,2022-06-13,235.4384002685547,242.00806063802048,234.72895987314584,238.20815546124874,46135800
364,2022-06-14,237.60562133789062,238.82042366109098,234.70952192240742,236.99335622167607,28651500
365,2022-06-15,244.67088317871094,248.11121141212573,239.48125159041146,241.31803197634346,33111700
366,2022-06-16,238.0720977783203,240.45310733096755,236.17700914781045,239.05365270255112,33169200
367,2022-06-17,240.67662048339844,243.44637559850622,237.15855784482125,237.8096900838926,43084800
368,2022-06-21,246.5951690673828,247.57672404798697,242.48426715302713,243.2131485780948,29928300
369,2022-06-22,246.0023651123047,249.928615015333,243.320071757192,244.79727571876626,25939900
370,2022-06-23,251.57098388671875,252.06663275402386,246.4882696524393,248.37364534024357,25861400
371,2022-06-24,260.1620788574219,260.43419339301283,254.35045383369882,254.43791604246806,33923200
372,2022-06-27,257.43115234375,260.74510631526147,255.86647184405402,260.6576441245834,24615100
373,2022-06-28,249.25799560546875,259.39429846410957,249.10249735843755,256.54680910735476,27295500
374,2022-06-29,252.93154907226562,254.59339019807956,248.5582462691214,250.3367184913832,20069800
375,2022-06-30,249.59812927246094,252.22211413062385,245.77879792014835,249.81193566577983,31730900
376,2022-07-01,252.2707061767578,252.4553585095582,247.4406655990664,249.17055781580504,22837700
377,2022-07-05,255.44862365722656,255.57496783684243,247.56698604768548,248.94699962740748,22941000
378,2022-07-06,258.7139892578125,260.4438664218845,255.01127448719635,256.3232668081978,23824400
379,2022-07-07,260.8423156738281,261.4837347777504,257.55748586507,257.65467597019574,20859900
380,2022-07-08,260.1231689453125,260.55078169221645,255.87622520098918,257.3339878404552,19658800
381,2022-07-11,257.0618896484375,259.02499945053415,254.79748159613314,258.16977390244966,19455200
382,2022-07-12,246.52711486816406,258.45161825659886,244.94300794231012,258.39331011954675,35868500
383,2022-07-13,245.6038818359375,246.41051237825036,241.12369016254638,243.14512305849968,29497400
384,2022-07-14,246.9255828857422,247.95573289017767,239.01479069630014,243.51442327742907,25102800
385,2022-07-15,249.4912109375,253.0384273320866,247.59612252355473,248.51936920428417,29774100
386,2022-07-18,247.09078979492188,253.4952240127195,246.16754300536857,252.4359199576439,20975000
387,2022-07-19,252.22207641601562,252.40672871255555,246.53679651228538,250.32697322868717,25012600
388,2022-07-20,254.88502502441406,257.41182049670755,251.61964970017127,252.58176391923064,22788300
389,2022-07-21,257.3825988769531,257.4312087657086,249.7925161981688,252.47480926653154,22404700
390,2022-07-22,253.02874755859375,257.85880307784385,251.77509283820282,257.77134086420693,21881300
391,2022-07-25,251.54183959960938,254.13667066328307,249.57872953188095,253.65074968687145,21056000
392,2022-07-26,244.8069610595703,252.56226985718692,242.5425825526762,252.5428140385053,39348000
393,2022-07-27,261.17279052734375,262.4459010817631,251.56128927114813,253.80624175463643,45994000
394,2022-07-28,268.6268005371094,270.01652721920226,260.32726310507684,262.1543304686785,33459300
395,2022-07-29,272.8348693847656,274.05939959701226,268.84061364788005,269.88049153738285,32152800
396,2022-08-01,270.1817626953125,273.3596748735574,268.0728528273835,269.9971103708195,21539600
397,2022-08-02,267.08154296875,270.0651041041312,264.7102468493613,268.2283090561538,22754200
398,2022-08-03,274.5162048339844,275.5172008854387,268.8211954180765,268.9669954414521,23518900
399,2022-08-04,275.6629638671875,275.8087342283953,272.28097285411656,273.86505032359116,18098700
400,2022-08-05,274.9437561035156,275.66290951585654,270.83285477841,271.28962159231065,16774600
401,2022-08-08,272.4266357421875,277.8689544602802,271.4547941731799,276.05158581330517,18739200
402,2022-08-09,274.3509826660156,275.10901823396375,269.79304134775583,271.7659090647991,23405200
403,2022-08-10,281.0177917480469,281.6494830162943,278.8603016635988,280.05567781115093,24687800
404,2022-08-11,278.93804931640625,283.0100692187593,278.44243011883435,282.6602203734145,20065900
405,2022-08-12,283.6903381347656,283.6903381347656,278.8602832920289,280.3569279405796,22619700
406,2022-08-15,285.2064208984375,285.89642028825256,281.94101695182127,282.80597041000163,18085700
407,2022-08-16,284.46783447265625,285.7604008093183,282.24233787382076,283.76810711776506,18102900
408,2022-08-17,283.71795654296875,285.69498211953976,281.91622669920514,282.17917029841624,18253400
409,2022-08-18,282.597900390625,284.2924848210628,281.5363182612863,282.61736778226833,17186200
410,2022-08-19,278.6828308105469,281.7019413989966,278.1082305899692,281.3610688013757,20570000
411,2022-08-22,270.5019836425781,275.0890656643179,269.98581542969623,274.7189771869294,25061100
412,2022-08-23,269.2262268066406,271.58305961695726,268.2133575622362,269.2262268066406,17527400
413,2022-08-24,268.5931701660156,269.99559523146576,267.93089241978953,268.22308164579806,18137000
414,2022-08-25,271.57330322265625,271.73885036051576,267.3562796674805,270.09294921143464,16583400
415,2022-08-26,261.0940856933594,273.024417273925,260.9869704514699,271.79728794342236,27549300
416,2022-08-29,258.3087463378906,260.4221028280278,256.9647531378231,258.91256247792984,20338500
417,2022-08-30,256.1077575683594,260.081276247606,253.8580397603448,259.71121737335454,22767100
418,2022-08-31,254.64682006835938,260.1396261931701,254.51045916721912,258.46453892458584,24791800
419,2022-09-01,253.6047821044922,254.08201562576158,248.7450070823957,252.11470907784698,23263400
420,2022-09-02,249.37802124023438,257.83150643317526,247.82951641986838,254.87085770904451,22855400
421,2022-09-06,246.64137268066406,251.10184326326072,245.36555986305348,249.5144035204149,21328200
422,2022-09-07,251.35508728027344,252.07576732439404,246.61217564051898,248.05355058936814,24126700
423,2022-09-08,251.7738037109375,253.63396504293286,248.141143754038,250.7901802862265,20319900
424,2022-09-09,257.5588073730469,258.30873295170056,253.4976417532625,253.7021534014361,22084700
425,2022-09-12,259.69171142578125,260.47085310586147,258.24060277088006,258.8444189971821,18747700
426,2022-09-13,245.41424560546875,253.60477266828747,245.02467481719648,252.08548374554073,33353300
427,2022-09-14,245.6382293701172,247.59577234574667,243.33981382641142,246.91404207019949,23913000
428,2022-09-15,238.97674560546875,244.83964133633745,237.65223458820603,243.25218674358922,31530900
429,2022-09-16,238.35345458984375,238.89883887380557,235.7433821243887,237.8859696087846,39791800
430,2022-09-19,238.13919067382812,238.74300685593585,234.5649620689847,236.14268298899873,26826900
431,2022-09-20,236.12318420410156,237.15552077631924,233.38651445985508,235.7531105348159,26660300
432,2022-09-21,232.71453857421875,241.19725554129616,232.66584036427636,237.89571901145976,28625600
433,2022-09-22,234.69154357910156,237.49639378843938,231.37053994331876,231.6626994562865,31061200
434,2022-09-23,231.71144104003906,234.83768215950226,229.06241864877185,233.2891621478494,34176000
435,2022-09-26,231.253662109375,235.14928080942127,230.71801156599744,230.8641061836128,27694200
436,2022-09-27,230.2407989501953,235.49014435263194,228.38063752576426,233.71763077904288,27018700
437,2022-09-28,234.7792205810547,236.0063351920129,228.60465329387907,230.6303769171642,29029700
438,2022-09-29,231.30238342285156,233.68844714288159,228.29302124296953,232.65611046193365,27484200
439,2022-09-30,226.82241821289062,234.2630501670301,226.65685618291016,232.0717644033824,35694800
440,2022-10-03,234.45785522460938,235.30514767529203,228.53651204714043,229.2669406730692,28880400
441,2022-10-04,242.38543701171875,243.82681198824184,238.58719928709414,238.69432941200785,34888400
442,2022-10-05,242.69703674316406,244.0410299207372,237.7301319253864,239.5708111265556,20347100
443,2022-10-06,240.34996032714844,243.8073253575935,239.65849623742423,241.4602112106083,20239900
444,2022-10-07,228.12744140625,235.02268843917923,227.08535624814024,234.61363538940842,37769600
445,2022-10-10,223.26768493652344,228.43911726771566,220.8134405747241,226.96852630672058,29743600
446,2022-10-11,219.52786254882812,223.08260876857707,218.26178346350437,221.68018361933272,30474000
447,2022-10-12,219.85899353027344,221.91393311184666,218.1157105964302,219.5181209293946,21903900
448,2022-10-13,228.12744140625,229.93890473575348,213.41174085104754,214.11295342121704,42551800
449,2022-10-14,222.5956573486328,231.04915792889818,222.38139712434594,229.39350803929838,30198600
450,2022-10-17,231.3316192626953,232.72431093432718,229.00398725122065,229.666250280834,28142300
451,2022-10-18,232.27626037597656,237.5645555231439,229.22793404835292,236.8925737936442,26329600
452,2022-10-19,230.30897521972656,233.35730163218065,228.17612158677025,230.854359464379,19985700
453,2022-10-20,229.98756408691406,235.01291536195282,228.74096739458574,229.61749044615098,21811000
454,2022-10-21,235.80178833007812,236.6588291746641,228.3806396767849,228.61438214183715,26299700
455,2022-10-24,240.79795837402344,241.37255863130235,235.0032278685901,237.39902532056323,24911200
456,2022-10-25,244.11895751953125,244.4890312031249,239.41499599959158,240.8076725980602,34775500
457,2022-10-26,225.2836151123047,232.08146493583703,224.05648582781117,225.1375205085959,82543200
458,2022-10-27,220.83290100097656,227.59180231118427,219.888212209169,225.01094581972592,40424600
459,2022-10-28,229.7148895263672,230.4258506343881,220.1511534041053,220.33619766891604,40647700
460,2022-10-31,226.07249450683594,228.7896819818967,225.11805723606972,227.65994900462596,28357300
461,2022-11-01,222.21583557128906,229.5883013482599,221.3977591826353,228.47805057491365,30592300
462,2022-11-02,214.35643005371094,225.26415970324368,214.2979832888999,223.47217862480318,38407000
463,2022-11-03,208.65907287597656,214.65832913291175,208.39611445747363,214.34667250941115,36633900
464,2022-11-04,215.61276245117188,215.80754042041704,207.86047444612015,211.87297194348153,36789100
465,2022-11-07,221.9236602783203,222.44957714073567,215.50563184165273,216.1971107205747,33498000
466,2022-11-08,222.89759826660156,225.60505256078318,219.9466677599172,222.73203622537275,28192500
467,2022-11-09,218.6513214111328,222.6638185603741,218.47602571220258,221.43668922544174,27852900
468,2022-11-10,236.6393585205078,236.98023110784243,228.86760321897782,229.2863751045428,46268000
469,2022-11-11,240.6615753173828,241.51861615288743,235.61674157285157,236.64909297043917,34620200
470,2022-11-14,235.2466583251953,237.54507376802877,232.9677251352669,235.67517872547688,31123300
471,2022-11-15,235.6557159423828,240.55445528008838,233.76633849082606,239.2494265791224,31390100
472,2022-11-16,236.08544921875,238.10712057795988,234.80604092204587,237.1206951717324,24093300
473,2022-11-17,236.03659057617188,237.5699370972691,232.0811729185345,232.22766434937833,23123500
474,2022-11-18,235.58734130859375,238.0485016751928,233.44847699378025,237.82386161024547,27613500
475,2022-11-21,236.39797973632812,238.95679628172485,235.55806069358533,235.79244700156886,26394700
476,2022-11-22,239.30836486816406,239.58182546634563,235.0892478515877,237.9019875618103,19665700
477,2022-11-23,241.798828125,242.48247963370116,238.5661214247604,239.38650323520181,19508500
478,2022-11-25,241.71095275878906,242.89269012573502,240.9686897159274,241.53514812666896,9200800
479,2022-11-28,236.11473083496094,240.89054534482318,235.17715584666723,240.33386298973988,24778200
480,2022-11-29,234.7181396484375,237.12068869969116,232.64764779898533,235.76314670175077,17956300
481,2022-11-30,249.18226623535156,249.3678319602599,234.25906825382378,234.9524957149313,47594200
482,2022-12-01,248.7427978515625,250.13939911455438,245.0608260361984,247.9419383198584,26041500
483,2022-12-02,249.0651092529297,250.08081797025935,243.85956668321174,243.98653586131007,21528500
484,2022-12-05,244.357666015625,247.89314681984325,242.26763698881598,246.12539896649085,23435300
485,2022-12-06,239.3962860107422,245.97890805258777,238.08757944681767,244.96319927673994,22463700
486,2022-12-07,238.6637725830078,240.4119830868465,236.5542215277534,239.11303779534455,20481500
487,2022-12-08,241.62303161621094,242.93175300820135,237.38437721752427,239.12281178477338,22611800
488,2022-12-09,239.6892852783203,242.51180134599122,238.4587124437862,238.98609654359035,20609700
489,2022-12-12,246.6137237548828,246.64302204339194,241.39841976544412,241.67188039318714,30665100
490,2022-12-13,250.92076110839844,257.75730647644866,247.16065519497627,255.57936772226543,42196900
491,2022-12-14,251.2137451171875,256.458347318601,248.37169195338248,251.1258502529427,35410900
492,2022-12-15,243.1954345703125,248.26424677465207,241.56443204275277,247.7954592877002,35560400
493,2022-12-16,238.97633361816406,244.0060718471809,237.82387962727623,242.74620073337888,86102000
494,2022-12-19,234.83531188964844,239.48417191084002,233.13595171264518,239.14233870840474,29696400
495,2022-12-20,236.15382385253906,237.2379052640561,232.8527441683276,233.80985639122517,25150800
496,2022-12-21,238.72238159179688,239.88459664487903,234.5032643589745,236.04637204350925,23690600
497,2022-12-22,232.6280975341797,236.33936782887625,228.40896543431774,235.62640311504308,28651700
498,2022-12-23,233.155517578125,233.29224790417652,228.47737329876662,230.596700803809,21207000
499,2022-12-27,231.42681884765625,233.35080420983945,230.32320039769817,233.1261790492013,16688600
500,2022-12-28,229.05357360839844,234.12238618004355,228.7019792420853,231.35846669812094,17457100
501,2022-12-29,235.38223266601562,236.27098706875256,230.14739203902258,230.14739203902258,19770700
502,2022-12-30,234.2200469970703,234.35677730572505,231.13383157030836,232.64764099629804,21938500
503,2023-01-03,233.9856414794922,240.011565882423,231.85653825258547,237.40391403529475,25740000
504,2023-01-04,223.7503662109375,227.43232343462765,220.6836879280111,226.85610390975128,50623400
505,2023-01-05,217.11891174316406,222.2365596343891,216.58175162726957,221.89472640541456,39585600
506,2023-01-06,219.67771911621094,220.4883398206325,214.22802915573828,217.79279312709332,43613600
507,2023-01-09,221.81658935546875,225.8403946978241,221.12317668189198,221.1622360976978,27369800
508,2023-01-10,223.50619506835938,225.90874396659487,222.02168398090183,222.4416360207006,27033900
509,2023-01-11,230.26458740234375,230.44037710617866,225.71339852715076,225.8891882309857,28669300
510,2023-01-12,232.9406280517578,234.29817003437267,228.10621681309263,229.76651770584309,27269500
511,2023-01-13,233.64381408691406,233.78054439645499,229.4344578762405,231.46589026262427,21333300
512,2023-01-17,234.7376708984375,235.28459213527947,231.55378456577233,232.41324073937315,29831300
513,2023-01-18,230.3037109375,236.72030515877833,230.02048914607974,235.92922146628942,30028700
514,2023-01-19,226.51426696777344,230.02044931118633,225.2934553321454,228.32107414949724,28623000
515,2023-01-20,234.61070251464844,235.11856433736398,229.03402830061015,229.37586152604075,35389800
516,2023-01-23,236.9155731201172,239.44509106116212,234.05398311341634,235.47013642558932,31934000
517,2023-01-24,236.38819885253906,238.2536026618758,234.82556885560982,236.83746410442902,40234400
518,2023-01-25,234.99160766601562,237.6187968797975,225.50833563928637,229.00474220423706,66526600
519,2023-01-26,242.20904541015625,242.51180433252105,236.34914915023313,237.96061466071725,33454500
520,2023-01-27,242.36529541015625,243.99629796325885,241.06635004457462,243.17591612262385,26498900
521,2023-01-30,237.0425567626953,239.86507262695676,236.54445608504085,238.80051357034338,25867400
522,2023-01-31,242.0235137939453,242.16024412987016,237.27699655756993,237.76532131479996,26541100
523,2023-02-01,246.8480987548828,249.22134928704855,239.7380933835384,242.2090148020215,31259900
524,2023-02-02,258.42138671875,258.5092815709829,251.24300907004084,252.77635548169766,39940400
525,2023-02-03,252.31739807128906,258.0308034665605,251.09658622635828,253.47961333206132,29077300
526,2023-02-06,250.77423095703125,252.26850319934903,248.83070838044688,251.42859910463446,22518000
527,2023-02-07,261.3122863769531,262.49402369384705,254.00693882575916,254.44644293620124,50841400
528,2023-02-08,260.50164794921875,270.2974380864951,259.9937712976358,266.82056937089936,54686000
529,2023-02-09,257.4642639160156,267.58236538521874,256.66340439835324,267.4065458729489,42375100
530,2023-02-10,256.9564514160156,257.9233247404557,254.57342460398476,255.42310477455004,25818500
531,2023-02-13,264.9844970703125,268.187905604371,260.9118563468283,261.39043477453396,44630900
532,2023-02-14,265.814697265625,268.5493038380461,262.99216601321865,266.3030219967699,37047900
533,2023-02-15,263.69000244140625,265.07053065688496,260.61562828503037,262.7109069591907,28922400
534,2023-02-16,256.669921875,261.1639673790336,256.42514795944504,258.50082598261054,29603600
535,2023-02-17,252.6654052734375,254.65296812365867,250.64847075073527,253.96761913922532,30000100
536,2023-02-21,247.38809204101562,250.14914889990592,246.3306669635564,249.16025274812105,28397400
537,2023-02-22,246.2523193359375,249.0231615682259,245.10677932156742,248.77838767780975,22491100
538,2023-02-23,249.4441680908203,251.470888034521,245.24383997273418,250.2176469727612,29219100
539,2023-02-24,244.0102081298828,245.75299711343044,242.91362583186992,244.73474425667752,24990900
540,2023-02-27,244.93055725097656,247.53495511519347,244.17664946084787,247.18248010394746,21190000
541,2023-02-28,244.20603942871094,246.23277463016612,243.5304610282259,243.86336490920795,22491000
542,2023-03-01,241.1218719482422,245.68444598313184,240.6518953145832,245.51800152780746,27565300
543,2023-03-02,245.86068725585938,246.14461839541934,240.47566166300976,241.3960138819759,24808200
544,2023-03-03,249.95327758789062,250.27638088786867,246.1348112059888,246.91809057504366,30760100
545,2023-03-06,251.50027465820312,254.68233526542298,250.62888019720313,251.06947021639408,24109800
546,2023-03-07,248.83712768554688,252.30313429367388,248.09302044698885,250.94217713898314,21473200
547,2023-03-08,248.3965301513672,249.21896680166975,245.56694469940246,248.7294190422308,17340200
548,2023-03-09,247.04537963867188,254.13402137976527,246.320843602342,250.47221383190455,26653400
549,2023-03-10,243.39337158203125,247.5055701134534,242.42407649965673,245.83132500399927,28333900
550,2023-03-13,248.61192321777344,252.51851957276,240.59312882269185,242.2282164863087,33339700
551,2023-03-14,255.33834838867188,255.61249395987457,250.51139934035587,251.38279382163873,33620300
552,2023-03-15,259.89117431640625,260.9094422472111,253.79139713004062,254.54531996903435,46028000
553,2023-03-16,270.4262390136719,270.7786991165704,257.7763096695362,259.665957162543,54768800
554,2023-03-17,273.5886535644531,277.4071201106938,270.54368084412533,272.44312854039293,69527400
555,2023-03-20,266.5392150878906,271.6794671642192,264.2089626992146,271.189919347426,43466600
556,2023-03-21,268.0567932128906,269.2512910447104,263.8858363792266,269.1338043529948,34558700
557,2023-03-22,266.5979309082031,275.16501681749725,266.49021486222443,267.68471260704814,34873300
558,2023-03-23,271.855712890625,275.18463226094,269.4471458593469,272.12985848865964,36610900
559,2023-03-24,274.7048645019531,274.76360784861777,269.52544032042374,271.44445936393123,28172000
560,2023-03-27,270.6023864746094,275.5761778684438,269.7603489086351,274.6362546679593,26840200
561,2023-03-28,269.47650146484375,270.3674820752308,266.3629546475742,270.0247926282162,21878600
562,2023-03-29,274.6461181640625,275.26295317695,272.590011414313,273.12850204608293,25087000
563,2023-03-30,278.112060546875,278.51349328125735,275.59580785907895,278.28832044267864,25053400
564,2023-03-31,282.27325439453125,283.22297833808955,277.0840595769203,277.7988101339081,32766000
565,2023-04-03,281.2256164550781,282.243854280698,278.01418435050056,280.5304371238125,24883300
566,2023-04-04,281.1766662597656,284.3783279836004,279.6982522270493,281.2256389673713,25824300
567,2023-04-05,278.3960266113281,281.14728273137956,277.00572765537777,279.87447046132644,22064800
568,2023-04-06,285.5043029785156,285.97424977654526,276.1343502576284,277.2896759756227,29770300
569,2023-04-10,283.3404846191406,283.54608632492165,278.758294590068,283.16422470598815,23103000
570,2023-04-11,276.9175720214844,280.00174680479614,275.75247584510697,279.77654407914395,27276600
571,2023-04-12,277.5638122558594,281.01024801713993,276.0657971281388,278.83665451028776,27403400
572,2023-04-13,283.7809753417969,283.83971866884275,277.2504264883852,277.66162977770654,24222700
573,2023-04-14,280.15838623046875,282.44946599648506,277.7595904276163,281.00039397472506,20987900
574,2023-04-17,282.7627868652344,285.5042723715686,280.17799011428394,283.86916963303577,23836200
575,2023-04-18,282.3417663574219,285.6609144658387,281.0102108111372,285.47488392928074,20161800
576,2023-04-19,282.4201354980469,283.0075689496162,278.5918681473136,280.01153882810775,17150300
577,2023-04-20,280.1289978027344,282.98796979588815,279.1205306378155,279.28699001904164,23244400
578,2023-04-21,279.786376953125,280.285695406569,277.1428067987354,279.0520552301976,21676400
579,2023-04-24,275.8797607421875,278.9933075070845,272.89353106763554,276.19307851016646,26611000
580,2023-04-25,269.6625061035156,275.7133093545648,269.6135333988626,273.6670032666064,45772200
581,2023-04-26,289.19549560546875,293.3077095467647,286.6106984637972,290.4977096347188,64599200
582,2023-04-27,298.45770263671875,298.8199931125039,289.0779798089215,289.78292984563893,46462600
583,2023-04-28,300.83685302734375,302.4719255630899,296.96941436297186,297.65479307400113,36469600
584,2023-05-01,299.1724853515625,302.1489447020698,298.7710525214258,300.55301390018957,21294100
585,2023-05-02,299.0256042480469,302.71678406961206,297.55696078190715,301.32648498759136,26404400
586,2023-05-03,298.0366516113281,302.1586351255935,297.7331344095427,300.2102447245278,22360800
587,2023-05-04,299.0256042480469,301.32648498759136,297.0576124419387,299.83824048560797,22519900
588,2023-05-05,304.1560363769531,305.448449715473,297.9094017870665,299.32910233190466,28197100
589,2023-05-08,302.1978759765625,303.71549220994933,299.69139342347466,303.6469483411657,21318600
590,2023-05-09,300.5823669433594,303.558826109355,299.9067885491099,301.5614626011553,21340800
591,2023-05-10,305.7813720703125,306.45695048571525,301.2383836132989,302.1685065895515,30078000
592,2023-05-11,303.6272888183594,304.6161848272032,299.85779507616377,303.61751818157876,31680200
593,2023-05-12,302.51116943359375,304.1560428743244,300.1907176369154,304.0581273381705,19774700
594,2023-05-15,302.99090576171875,303.42171020151784,301.16000183238515,302.6384456998606,16336500
595,2023-05-16,305.2232666015625,307.15208621607525,303.35319033533926,303.35319033533926,26730300
596,2023-05-17,308.10809326171875,308.5300175402266,304.9092544308229,306.4301881447826,24315000
597,2023-05-18,312.5432434082031,313.0535052333268,307.83332313670064,308.6281218082049,27276000
598,2023-05-19,312.36663818359375,312.7689485029045,310.43360222955846,310.79665472761,27546700
599,2023-05-22,315.1533508300781,316.53689709363704,312.04284968121516,312.62177529023154,24115700
600,2023-05-23,309.34442138671875,316.6644323894991,309.33459944590936,314.02490557674435,30797200
601,2023-05-24,307.9609069824219,310.5611762447715,306.7441540494219,308.8243994042462,23384900
602,2023-05-25,319.8044128417969,320.76600484441417,313.99548322633484,317.1746779116198,43301700
603,2023-05-26,326.6436462402344,327.14405620676587,317.8027008438637,317.9400583040085,36630600
604,2023-05-30,324.9950866699219,329.4400834510408,324.3180316020415,328.93967357756225,29503100
605,2023-05-31,322.2281188964844,329.63643905148126,321.1879811403836,326.0549334794957,45950600
606,2023-06-01,326.3394470214844,327.2716331746607,318.62694664026094,319.81423378408647,26773900
607,2023-06-02,329.1065368652344,331.1671383819332,326.31000837435346,327.97812149381093,25873800
608,2023-06-05,329.63641357421875,332.20724701987933,328.3804327326386,328.92992247927083,21307100
609,2023-06-06,327.4188232421875,329.0771144876542,325.9371772359314,329.0378566628356,20396200
610,2023-06-07,317.31207275390625,328.2135893193703,316.4485803635837,325.42688293374783,40717100
611,2023-06-08,319.15673828125,320.5108483593011,317.2825744719845,317.86149995051085,23277700
612,2023-06-09,320.6580810546875,323.79801789828633,318.32273487313944,318.8918385067795,22529000
613,2023-06-12,325.62310791015625,325.8684168614303,319.0586379784676,322.4144476627299,24260300
614,2023-06-13,328.01739501953125,330.6569222888833,324.19058055958016,328.19401031500286,22951300
615,2023-06-14,331.0101623535156,332.6782756005696,326.5651642872491,328.06645423161865,26003800
616,2023-06-15,341.5682067871094,343.2755475907916,330.87274196684893,331.1474868081879,38899100
617,2023-06-16,335.9064636230469,344.87497388637837,335.5336191446204,344.7277944942439,46552000
618,2023-06-20,331.7068176269531,335.6611975068298,329.55790839262113,332.94318456860884,26375400
619,2023-06-21,327.3010559082031,331.39282293074336,325.83902394821615,330.058326488485,25117800
620,2023-06-22,333.3356018066406,333.7379120738976,327.0851346160875,327.85049733442173,23556800
621,2023-06-23,328.733642578125,331.6184785385029,327.19312496325193,328.08602328651534,23146900
622,2023-06-26,322.43408203125,329.8031423475633,322.3261305245052,327.4580044139379,21520600
623,2023-06-27,328.29205322265625,329.8423925373536,323.1209216371493,325.6328827704176,24354100
624,2023-06-28,329.548095703125,331.6381330418555,327.54636600540425,328.3804225415333,20259500
625,2023-06-29,328.76312255859375,329.8032303632927,326.37872617300724,328.4295058990627,16997000
626,2023-06-30,334.1500244140625,336.2989330617999,330.87270066400504,331.41236833839434,26832800
627,2023-07-03,331.64788818359375,334.5032880387074,330.25455007590733,332.8253831560942,12508700
628,2023-07-05,331.804931640625,335.23925747739463,328.4491214492935,328.80235201893055,18172400
629,2023-07-06,334.8663330078125,336.55405979331294,329.20461318273215,330.9708256570031,28161200
630,2023-07-07,330.8923645019531,335.3766196583141,330.6764914106529,332.952965838011,21214800
631,2023-07-10,325.6034851074219,328.9397110166737,321.4430546068671,328.32152762825416,32791400
632,2023-07-11,326.2315368652344,326.61420333708503,320.86417470223404,324.847990500189,26698200
633,2023-07-12,330.8727722167969,335.239254199601,329.3714824206285,330.2840246615467,29995300
634,2023-07-13,336.23028564453125,337.2900072046909,332.6585727165139,333.18844846906484,20567200
635,2023-07-14,338.76190185546875,344.8357549977922,337.8493595762692,341.06781240904763,28352700
636,2023-07-17,339.24267578125,340.4790125699391,335.7789144838815,339.193596022569,20363900
637,2023-07-18,352.7444763183594,359.89769425596677,335.74949366384544,339.34079062698265,64738600
638,2023-07-19,348.4172058105469,355.6587310369043,345.82675878722245,354.9620619812482,39732900
639,2023-07-20,340.36126708984375,351.25299077675766,338.8894133468808,346.9355591197213,33778400
640,2023-07-21,337.3194274902344,343.72689620518594,333.4533559589221,342.59848099973897,69405400
641,2023-07-24,338.6343688964844,340.4104337490704,335.8869198528877,339.36050395760896,26678100
642,2023-07-25,344.39422607421875,345.28715443801974,338.5951176532345,340.59681755620375,41637700
643,2023-07-26,331.4320373535156,338.20258898250944,326.8594744910843,335.0331862626318,58383700
644,2023-07-27,324.5143737792969,334.92527345110744,322.8756964700809,334.09124680022427,39635300
645,2023-07-28,332.0207824707031,333.630023699817,326.91837382253794,327.4089917663005,28484900
646,2023-07-31,329.6167297363281,331.3633281916557,327.1047386409167,330.59796549651077,25446000
647,2023-08-01,330.0289001464844,332.1876312426991,327.4384527759718,328.9004847782133,18311900
648,2023-08-02,321.354736328125,327.3697167947092,320.23611310138045,327.3697167947092,27761300
649,2023-08-03,320.530517578125,323.6900983235589,319.83384848481404,319.88289830105487,18253700
650,2023-08-04,321.6294860839844,328.85139751963476,321.0996103397931,325.6525590625856,23741500
651,2023-08-07,323.915771484375,324.89700739318704,321.374374073945,322.20843058542397,17741500
652,2023-08-08,319.9320068359375,322.58135618793176,316.9392488173444,320.82493524798076,22327600
653,2023-08-09,316.18365478515625,320.9720608226161,315.0257736651899,320.3440854180899,22373300
654,2023-08-10,316.8705139160156,322.1005182288563,315.15335102644235,319.9025293676403,20113700
655,2023-08-11,314.986572265625,316.3602966518782,313.22032953048887,314.25064527888804,24355500
656,2023-08-14,317.95965576171875,317.9792696974629,314.0739404486972,315.35938689096906,18836100
657,2023-08-15,315.820556640625,318.9899592196478,314.87857860821487,316.9391798843772,16966300
658,2023-08-16,315.0536193847656,319.0065586089997,314.46362532057526,315.44693875811095,20698900
659,2023-08-17,311.5923767089844,316.49910131427634,310.9335434813975,315.1913076048041,21257200
660,2023-08-18,311.1990661621094,313.06735580371077,306.3513078182269,309.24225189848187,24755000
661,2023-08-21,316.50897216796875,317.3841056283608,311.74973815851166,312.62487161890374,24040000
662,2023-08-22,317.0791931152344,320.63878240151894,316.09587983136174,320.06847390054236,16084600
663,2023-08-23,321.5434875488281,323.7067890708429,318.0625496482568,318.41655808292467,21166400
664,2023-08-24,314.63079833984375,327.42371562381226,314.62095560290663,327.29588007700687,23281400
665,2023-08-25,317.5906066894531,319.93086762464804,313.4803334316719,316.1057936940379,21684100
666,2023-08-28,318.2985534667969,320.70765324549666,316.35158216920695,320.2258392914253,14808500
667,2023-08-29,322.929931640625,323.4904274361002,316.5088968490621,316.5088968490621,19284600
668,2023-08-30,323.3036193847656,324.30658824416685,321.0026696426028,323.1856265787588,15222100
669,2023-08-31,322.2908020019531,325.3882331373902,321.32714408962795,323.7067756652974,26411000
670,2023-09-01,323.1758117675781,326.4502324505812,321.3271776248165,325.7815864865364,14942000
671,2023-09-05,327.98419189453125,329.26251739486815,323.17580468951513,323.51012766421536,18553900
672,2023-09-06,327.3254089355469,328.87903109155945,324.67045043147994,327.817065694941,17535800
673,2023-09-07,324.4049377441406,327.5220245169093,323.5396171232003,325.7619150807658,18381000
674,2023-09-08,328.6921081542969,330.55058459446576,323.9623738385832,324.58186598530614,19530100
675,2023-09-11,332.3009338378906,332.7729350743732,329.83280759348713,331.6126024523964,16583300
676,2023-09-12,326.23388671875,331.1701393555617,325.9487474293145,330.2163241256409,17565500
677,2023-09-13,330.4523620605469,331.22918819758786,325.64397421843444,325.7816225164453,16544400
678,2023-09-14,333.0482482910156,335.1721787492822,330.9537860249842,333.4907212996785,20267000
679,2023-09-15,324.7097473144531,331.7699302193474,324.1492514827947,331.29795899971333,37679800
680,2023-09-18,323.5691223144531,324.8867587399462,320.91416398907404,322.33013776149687,16834200
681,2023-09-19,323.1658935546875,323.8935657652316,319.094992304731,320.7272959004481,16505900
682,2023-09-20,315.41741943359375,324.09025057389067,315.1617783626277,324.01159870782635,21436500
683,2023-09-21,314.1980895996094,319.9209800628248,309.74368166363735,313.93260581832857,35560400
684,2023-09-22,311.7201843261719,316.0860981358559,310.8745192146817,315.9582625950678,21447900
685,2023-09-25,312.2413330078125,312.36916854605823,309.7437086689083,311.3071733116646,17836000
686,2023-09-26,306.93145751953125,310.60904001416407,304.8468079151213,309.87155496791354,26297600
687,2023-09-27,307.5705871582031,309.055369891766,304.52230981108517,307.08874321728234,19410100
688,2023-09-28,308.40643310546875,310.2157261834966,304.2863475063599,305.8006285556267,19683600
689,2023-09-29,310.48126220703125,314.1391899169777,309.72412155509016,312.44788936273693,24147300
690,2023-10-02,316.4302978515625,316.5188224810567,309.9207667571884,311.0024176962118,20570000
691,2023-10-03,308.1606140136719,316.02712155021527,306.0169679036218,315.47643841498,21033500
692,2023-10-04,313.63763427734375,314.69962955610083,308.7604082061058,308.78990640782996,20720100
693,2023-10-05,314.03094482421875,314.6406243233155,309.64537557701226,313.76546101615116,16965600
694,2023-10-06,321.7991027832031,323.69689014771905,311.02196799117377,311.26779630289883,25673600
695,2023-10-09,324.31640625,324.78837743803706,317.78719140430474,319.33100051797163,19891200
696,2023-10-10,322.91033935546875,325.5751105768061,322.2023524248597,325.43743228080154,20557100
697,2023-10-11,326.873046875,327.2663662252011,323.64778019000204,325.6832160795872,20063200
698,2023-10-12,325.6340637207031,328.062848978579,323.23477666400214,325.0539124253683,19313100
699,2023-10-13,322.2613525390625,328.25954103838023,320.91418780201565,326.83375443130774,21072400
700,2023-10-16,327.0893859863281,330.5309829095428,325.083418234461,325.52589126243953,22158000
701,2023-10-17,326.51904296875,327.8956757176601,321.9466416917106,324.09025768703805,18338500
702,2023-10-18,324.6015625,329.9901305761364,322.8217676991399,326.94185312433785,23153600
703,2023-10-19,325.7913818359375,331.25860158595435,325.3882197669904,326.60751870152404,25052100
704,2023-10-20,321.2190246582031,326.38142037907215,320.01938102368644,326.1847456816056,25027700
705,2023-10-23,323.82476806640625,327.1778702783257,318.9770403265237,320.0390055685396,24374700
706,2023-10-24,325.0145568847656,326.3026949587647,322.13345600220845,325.77169735313146,31153600
707,2023-10-25,334.9853820800781,340.42310386646625,331.9862582686526,339.2627712727239,55053800
708,2023-10-26,322.4186096191406,335.929324644414,321.48444998869064,334.8575167574631,37828500
709,2023-10-27,324.3066101074219,331.1013097225857,322.92013452668544,324.9162596517857,29856500
710,2023-10-30,331.68145751953125,333.7857627071757,326.29288900889105,327.846541065036,22828100
711,2023-10-31,332.46807861328125,333.34324194155744,329.10516359659624,333.1957509335175,20265300
712,2023-11-01,340.29522705078125,341.62270595329534,333.9823427186433,334.1200209790302,28158800
713,2023-11-02,342.5077209472656,343.00919036132757,339.0169404715558,341.44572570080203,24348100
714,2023-11-03,346.9129943847656,348.47648927328174,341.53426828379986,343.7959073621998,23637700
715,2023-11-06,350.58074951171875,351.57390571697306,347.45381988578487,347.5521572342444,23828300
716,2023-11-07,354.513916015625,356.4117033389804,351.6623136631299,353.402767269393,25833900
717,2023-11-08,357.139404296875,357.7982074064022,354.5336000325542,355.64474886828214,26767800
718,2023-11-09,354.67132568359375,358.7029167734547,354.3468154449931,356.2544459117808,24847300
719,2023-11-10,363.50146484375,363.92428238869843,355.0449639030692,355.45793871169803,28042100
720,2023-11-13,360.56134033203125,362.3214796716584,359.79435710159004,362.0756513284613,19986500
721,2023-11-14,364.0914306640625,365.7434199318085,361.22017242867213,364.81910296344984,27683900
722,2023-11-15,364.2392272949219,367.64838835280426,361.7168083416723,365.82556050862166,26860100
723,2023-11-16,370.6437683105469,370.8211167467286,364.74174586188934,365.51028582126,27182300
724,2023-11-17,364.4165954589844,368.8701819959366,361.60845836518695,368.12133741912425,40157000
725,2023-11-20,371.89508056640625,373.30406540619305,365.5496873613857,365.76645657283353,52465100
726,2023-11-21,367.5893249511719,370.69304303967186,365.66795990773056,370.15113498600977,28423100
727,2023-11-22,372.2990417480469,374.2105437680483,369.4613467876635,372.44683209614044,23345300
728,2023-11-24,371.8852844238281,372.41735986885527,369.6289477612709,371.786747479304,10176600
729,2023-11-27,373.04791259765625,375.0481191981454,370.67334381773094,371.24480993983406,22179200
730,2023-11-28,377.0777893066406,377.37336999695543,372.6044777546507,372.7916888815988,20453100
731,2023-11-29,373.28436279296875,378.65427940747446,371.89507333786327,378.12223413728344,28963400
732,2023-11-30,373.3434753417969,374.50613286520945,369.95400962633335,372.9296322886047,30554400
733,2023-12-01,369.00811767578125,372.60448984781664,365.855116553608,371.22506313283355,33040500
734,2023-12-04,363.717041015625,364.0914332416113,357.568691355028,363.6776202294819,32063300
735,2023-12-05,367.0473937988281,367.5991645775178,360.2487659355607,361.06658945811125,23065000
736,2023-12-06,363.38201904296875,368.6829873224875,362.6233417878435,368.05240507377636,21182100
737,2023-12-07,365.50048828125,365.9931429196831,360.93850151827866,362.8204458454036,23118900
738,2023-12-08,368.73223876953125,368.95884062033406,362.820384114192,363.7761351529084,20154400
739,2023-12-11,365.84527587890625,366.140886665869,360.7216863332907,363.06672692464986,27708800
740,2023-12-12,368.88006591796875,368.91948670565927,365.0176405940666,365.4019256182351,24838300
741,2023-12-13,368.8702392578125,372.092219925607,365.32311975023094,370.4959935952551,30955500
742,2023-12-14,360.5542297363281,368.26921849690297,358.78068500039916,367.8258172782938,43277500
743,2023-12-15,365.2837219238281,366.9291715904146,360.89908357942716,361.46071708829936,78502300
744,2023-12-18,367.1754455566406,367.52030977000646,363.26376706221674,364.0224743454713,21802900
745,2023-12-19,367.7764892578125,367.7764892578125,364.40671885980896,366.0324728829278,20603700
746,2023-12-20,365.17529296875,370.5058193793613,365.086618748556,369.49095210036234,26316700
747,2023-12-21,368.0523681640625,368.9095822665608,364.6037863278298,367.0867544249883,17708000
748,2023-12-22,369.0771179199219,369.66830947141494,367.23459447201543,368.190345627308,17107500
749,2023-12-26,369.1559143066406,371.40241787190627,368.0129521321374,369.49091579531864,12673100
750,2023-12-27,368.5746765136719,369.55012314997543,367.33317710800907,368.20025414883673,14905400
751,2023-12-28,369.76678466796875,370.9294421479161,368.66324332637487,369.855458875499,14327000
752,2023-12-29,370.51568603515625,371.6192275460888,367.9932968475244,370.4762652471226,18730800
753,2024-01-02,365.42156982421875,370.3776732414385,361.38179662508963,368.36763432010537,25258600
754,2024-01-03,365.1556091308594,367.7765353087628,363.09631643448915,363.58897105283376,23083500
755,2024-01-04,362.53466796875,367.61886702823733,361.7759907127874,365.22457289866344,20901500
756,2024-01-05,362.3474426269531,366.59412268972636,361.11580618022657,363.54952100172824,21004600
757,2024-01-08,369.18548583984375,369.6880031258094,363.5889371144665,363.8746551165755,23134000
758,2024-01-09,370.2693176269531,370.46636140674497,365.73688972227416,366.5448504063893,20830000
759,2024-01-10,377.14678955078125,378.52624647847034,370.7915632878579,370.84081671988235,25514200
760,2024-01-11,378.9794921875,384.9406009736396,374.79192797943045,380.3293610152563,27850800
761,2024-01-12,382.7630615234375,382.969968033559,378.99917320808413,379.82682931782017,21661200
762,2024-01-16,384.53662109375,388.24139340844187,381.925557656747,387.8768338056293,27202300
763,2024-01-17,383.7484130859375,384.3789953999738,379.15686815383947,382.2803118556429,22234100
764,2024-01-18,388.0837097167969,388.2019420036005,384.3888004079398,385.9653010602353,23392100
765,2024-01-19,392.813232421875,392.813232421875,387.71917062186213,389.94597903844516,29331100
766,2024-01-22,390.68499755859375,394.73460432133396,387.80788119131773,394.14341273142753,27016900
767,2024-01-23,393.0398254394531,393.51278467024315,388.1428376176736,389.9361075398463,20525900
768,2024-01-24,396.64605712890625,399.670963497878,394.56706921313554,395.641052600286,24867000
769,2024-01-25,398.922119140625,401.03069519921775,396.6164992894369,398.3802111244257,21021200
770,2024-01-26,397.9959411621094,400.2030542350716,396.51797735014173,398.42947961915996,17803300
771,2024-01-29,403.7008361816406,403.95702616378816,398.3900058240243,400.0946013519538,24510200
772,2024-01-30,402.5875244140625,406.9819954850648,400.47897814212786,406.20362278573214,33477600
773,2024-01-31,391.73919677734375,409.2186014629223,391.3746372046445,400.9814013717962,47871100
774,2024-02-01,397.8481140136719,402.0061196897029,395.8971911373073,395.92674920804393,30657700
775,2024-02-02,405.1788330078125,406.587817886619,397.6313612519742,397.87768854138443,28256700
776,2024-02-05,399.690673828125,405.11973718115985,398.05505693610314,403.87823795810993,25352300
777,2024-02-06,399.532958984375,401.9765362650589,396.990874853614,399.91724394896175,18382600
778,2024-02-07,407.96722412109375,408.21355139808253,401.41492456704214,401.4543453507497,22340500
779,2024-02-08,408.0263671875,409.45507751601383,406.46959192466915,407.9672510426615,21225300
780,2024-02-09,414.37176513671875,414.6378178606117,408.9919854136341,409.1496384913206,22032800
781,2024-02-12,409.15948486328125,414.5589597294503,408.6569675775543,414.381611300105,21202900
782,2024-02-13,400.350830078125,404.04573947399683,397.4638814201037,398.9910986093642,27824900
783,2024-02-14,404.2203674316406,404.5658693954015,399.3636985334278,402.81865792132635,20401200
784,2024-02-15,401.32806396484375,403.8649984148582,399.0872869539498,402.88774815292464,21825500
785,2024-02-16,398.8603210449219,403.0358978162545,398.2483043815999,402.71012757618934,22296500
786,2024-02-20,397.6065979003906,399.284702922107,392.8881118101571,398.05078888046796,24307900
787,2024-02-21,397.00445556640625,397.11305567339133,392.10829279576154,395.020342155489,18518900
788,2024-02-22,406.3525695800781,407.51737721520215,403.3122186108832,404.9113664023,27009900
789,2024-02-23,405.0594177246094,410.5083711673126,403.70705278478863,410.3208439519873,16295900
790,2024-02-26,402.2955017089844,406.8560435321,402.11779517864807,406.16503956653713,16193500
791,2024-02-27,402.23626708984375,403.0654537547415,398.65297570324026,402.73968356058333,14835800
792,2024-02-28,402.4731750488281,404.0328292486966,400.10406595257604,402.9272470121027,13183100
793,2024-02-29,408.3169860839844,408.8697771758562,400.6963316033454,403.3813298173751,31947300
794,2024-03-01,410.1530456542969,410.51827940686405,405.5925039738578,405.9774695070198,17823400
795,2024-03-04,409.58050537109375,411.97922704270553,407.0139581345592,408.11954029802524,17596000
796,2024-03-05,397.4684143066406,408.91914348036823,395.48430086662944,408.63286696668945,26919200
797,2024-03-06,396.9156188964844,399.94611920290095,393.26325117893276,397.784299256291,22344100
798,2024-03-07,403.8749084472656,404.5066568048068,397.0636784801651,400.8937526863445,18718500
799,2024-03-08,400.9924621582031,405.1384255054804,399.12676961447175,402.71006091285966,18002200
800,2024-03-11,399.3143615722656,400.4594375495643,396.0963338665231,398.56416223358286,16120800
801,2024-03-12,409.9359130859375,410.2221896174698,401.5551774159086,402.37448319598684,22457000
802,2024-03-13,409.7581481933594,412.7984988938054,406.1551255049725,412.7195416563928,17115900
803,2024-03-14,419.7479553222656,422.31450262164736,412.6109854719372,414.8320308055619,34157300
804,2024-03-15,411.0611877441406,417.16165133292435,407.4778966665496,413.8942494694405,45079900
805,2024-03-18,411.9495849609375,415.3157058481872,408.45513220227605,408.9190850547674,20106000
806,2024-03-19,415.9869689941406,416.24363275003464,410.20236440839864,412.45302237396163,19837900
807,2024-03-20,419.7578125,420.4783989986328,415.2466156701396,416.569367867818,17860100
808,2024-03-21,423.8445739746094,425.27592645181124,421.66302217216105,424.29864595105556,21296200
809,2024-03-22,423.2226867675781,424.32826906328035,420.58706292422704,424.1703545566299,17648500
810,2024-03-25,417.4183044433594,421.90976968993664,416.18439038520984,419.7676816300529,18060500
811,2024-03-26,416.2239074707031,420.50805370647623,415.92778013004056,420.13293899173254,16725600
812,2024-03-27,416.0067443847656,418.987900246969,413.61790346357526,418.9780192938283,16705000
813,2024-03-28,415.3058776855469,416.4410726444904,413.7264615959985,415.5427795552794,21871200
814,2024-04-01,419.1063232421875,422.38360623153415,416.78655877307597,418.49430668541237,16316000
815,2024-04-02,416.0165710449219,416.94447677333466,412.4628927366232,414.7036696925523,17912000
816,2024-04-03,415.0393371582031,417.8131735008708,413.6968230222425,414.3286014685427,16502300
817,2024-04-04,412.5024108886719,423.1535654935394,412.1964026116657,419.52089960464946,19370900
818,2024-04-05,420.0440979003906,421.0213783675685,412.9367706496642,414.60502494858775,16554800
819,2024-04-08,419.1260986328125,421.78148438919783,417.8526907492084,419.69865168894506,14272400
820,2024-04-09,420.7943115234375,422.23551472539157,416.1942762454294,420.9522561397257,12496900
821,2024-04-10,417.8132019042969,418.5732821571219,414.29901690120346,416.75696418781513,16216600
822,2024-04-11,422.4230651855469,423.8445365841043,416.92473693729744,420.3402327247268,17966400
823,2024-04-12,416.4706726074219,419.70846193552615,414.36807820345115,418.59299879164644,19253800
824,2024-04-15,408.3169860839844,421.32736877280126,408.10966683089106,421.1101986920762,20273500
825,2024-04-16,409.244873046875,413.0157217686464,408.4058355582689,409.23502221897127,16765600
826,2024-04-17,406.5401611328125,413.4895740933759,405.0495831926222,411.8805452142036,15855500
827,2024-04-18,399.06756591796875,406.5895318440509,398.7517067920222,405.34573674704745,21029900
828,2024-04-19,393.98382568359375,400.2619961941858,392.6511924508159,398.8306438099327,30565800
829,2024-04-22,395.80010986328125,397.66580225513326,390.6571648456916,394.93142960410273,20286900
830,2024-04-23,402.32513427734375,402.9470318520377,397.87316221870356,399.0379699896353,15734500
831,2024-04-24,403.7958984375,407.16201954597966,401.54524043863097,404.28946405238224,15065300
832,2024-04-25,393.90484619140625,394.7439137442764,383.0365219371324,388.959309192893,40586500
833,2024-04-26,401.0911865234375,407.68521620447916,400.53839541992835,406.8659105019104,29694700
834,2024-04-29,397.07354736328125,401.0911788014965,394.05292813266897,400.0349411285761,19582100
835,2024-04-30,384.31982421875,396.9847359459567,384.16190971715395,396.323344705487,28781400
836,2024-05-01,389.85760498046875,396.55035342207367,385.28718262896496,387.5575723765422,23562500
837,2024-05-02,392.72027587890625,394.78337648708447,389.57132491777804,392.54259949156545,17709400
838,2024-05-03,401.4267578125,401.9104424369372,396.6885102088717,397.10311854756935,17446700
839,2024-05-06,408.21826171875,408.603227237703,401.1405174679132,403.49977559314374,16996600
840,2024-05-07,404.07232666015625,409.3337534102894,403.82554383275414,409.3238724572391,20018200
841,2024-05-08,405.2569274902344,406.9251819419326,401.4761974133621,402.91743092627604,11792300
842,2024-05-09,407.0140075683594,407.4088540854312,403.8354433999152,405.2865276969193,14689700
843,2024-05-10,409.4028015136719,410.0345799682454,406.5006332532913,407.6259773286798,13402300
844,2024-05-13,408.3959655761719,412.96638834799694,405.53329081056893,412.6307673185676,15440200
845,2024-05-14,411.1994323730469,412.1174572977483,406.25389467407797,406.7178476131515,15109300
846,2024-05-15,418.3887939453125,419.1107104287916,412.64321876209584,413.26623802905556,22239500
847,2024-05-16,416.32196044921875,420.7028625691673,415.6890726034355,417.1229765763839,17530100
848,2024-05-17,415.5505676269531,418.2305400024772,413.39474741262023,417.8547487362892,15352200
849,2024-05-20,420.6237487792969,422.03788543513167,415.3330645205205,415.55062632751003,16272100
850,2024-05-21,424.28271484375,428.1691308622737,420.1391721073256,422.09719809997813,21453300
851,2024-05-22,425.7463073730469,427.61536520540614,422.393911984686,425.32108253196407,18073700
852,2024-05-23,422.2653503417969,428.79217443912484,420.7028829331948,428.16915515912984,17211700
853,2024-05-24,425.3902893066406,426.28030386108634,419.704046646492,422.45322015153533,11855300
854,2024-05-28,425.54852294921875,426.0429788375184,421.8697699331016,424.86617140902985,15718000
855,2024-05-29,424.4112854003906,426.1616484009117,420.96986151310944,420.96986151310944,15517100
856,2024-05-30,410.0720520019531,419.5952468817441,409.64679700979286,419.5952468817441,28394500
857,2024-05-31,410.5270080566406,412.1290405300897,400.0247683491884,412.1290405300897,47995300
858,2024-06-03,408.934814453125,411.81255153776027,404.3858441186775,410.92253691489856,17484700
859,2024-06-04,411.45654296875,411.8224355088356,405.13738203313136,407.856889503619,14348900
860,2024-06-05,419.3085021972656,419.3777030871155,411.6839704862112,413.17723696234333,16988000
861,2024-06-06,419.81280517578125,420.5940539083252,415.9164904670929,419.3084807052153,14861300
862,2024-06-07,419.1502685546875,421.55331696325794,418.30968749669245,421.47421729884104,13621700
863,2024-06-10,423.12567138671875,423.33333440686357,419.1898218829819,419.9908379970184,13982900
864,2024-06-11,427.88232421875,428.02078634829667,420.5347172370151,420.76217780161693,14551100
865,2024-06-12,436.16943359375,438.4834835709838,428.4460348943523,430.4930895516259,22366200
866,2024-06-13,436.68365478515625,438.47361288924054,434.498168180252,435.96176849341106,15960600
867,2024-06-14,437.6626892089844,438.2263761607837,431.877549319742,433.42024926631433,13582000
868,2024-06-17,443.3983459472656,445.9398563271766,435.83317727597375,437.68243737571277,20790000
869,2024-06-18,441.390869140625,445.14875191744164,439.95696520327493,444.7234969265718,17112500
870,2024-06-20,440.7580261230469,441.5788096843686,436.37712366644695,441.3513490930651,19877400
871,2024-06-21,444.7927551269531,445.58387250760194,441.5590243550793,442.4193728058131,34187100
872,2024-06-24,442.7061462402344,447.72980476303803,441.4601077502006,444.812502964026,15913700
873,2024-06-25,445.94976806640625,446.4145577985047,441.79632662300793,443.27969425576566,16413400
874,2024-06-26,447.1463623046875,448.57039770845984,443.22038125858614,444.02139740080895,16507000
875,2024-06-27,447.8287048339844,451.11189918090986,446.76066321308457,447.1661206636861,14806300
876,2024-06-28,441.994140625,450.3306598473802,441.4601198033777,448.0462760060759,28362300
877,2024-07-01,451.6656799316406,452.2985677661532,440.7184194830795,443.6851547691378,17662800
878,2024-07-02,454.1873779296875,454.4939381515054,448.085779279666,448.1748078930114,13979800
879,2024-07-03,455.6608581542969,455.9080860928665,452.80291887761234,453.10947910710325,9932800
880,2024-07-05,462.3755798339844,463.15682857412344,453.88083144181417,454.5137192746822,16000300
881,2024-07-08,461.0701904296875,462.5140232691351,459.30992877619343,461.3767506483888,12962300
882,2024-07-09,454.4445495605469,462.14815096607435,452.92161689635424,461.8218233419158,17207200
883,2024-07-10,461.08013916015625,461.2878021935715,453.7720662754438,456.1059138794407,18196100
884,2024-07-11,449.658203125,459.6264206924659,446.54310684217364,457.84639154158754,23111200
885,2024-07-12,448.5209655761719,451.2998055103986,445.6531271953451,449.29231562590036,16324300
886,2024-07-15,448.9263916015625,452.18981864416236,446.4244459584992,448.2737061930426,14429400
887,2024-07-16,444.53564453125,449.26264197328965,441.7073711225493,449.1835423040314,17175700
888,2024-07-17,438.6021423339844,439.9174119033302,434.3102688250729,437.6824616204732,21778000
889,2024-07-18,435.4870910644531,439.71963242472316,429.5832863227986,439.41307217646386,20794800
890,2024-07-19,432.2632141113281,436.2485575608238,427.20988939637874,428.2976983913284,20940400
891,2024-07-22,438.028564453125,439.6701615477493,434.04325138518465,436.89132199854777,15808800
892,2024-07-23,439.91741943359375,443.41817564914504,438.1868237868677,438.97794115369385,13107100
893,2024-07-24,424.14422607421875,436.5847522773038,422.8487541493976,435.5661744239133,26805800
894,2024-07-25,413.76068115234375,425.0342693658965,412.88056536465024,424.0453575896341,29943800
895,2024-07-26,420.55450439453125,424.1640565570156,412.64321010602674,413.5629210032518,23583800
896,2024-07-29,421.9983215332031,427.3582063126635,419.9908318898155,426.7945193727036,15125800
897,2024-07-30,418.2305908203125,424.2925947905347,412.732213459478,422.97735537825565,32687600
898,2024-07-31,413.7112731933594,417.1032335524809,407.63934002598563,415.83742760783406,42891400
899,2024-08-01,412.4849853515625,422.72022849108816,408.5095707902921,416.1242037023935,30296400
900,2024-08-02,403.9605407714844,410.39836575672,399.85656314975535,407.91618767034436,29437900
901,2024-08-05,390.7684631347656,396.5931676964823,381.3045706583986,384.85479031825656,40709200
902,2024-08-06,395.17901611328125,401.1718491768835,394.0813385396222,395.5647061878266,24946500
903,2024-08-07,394.01214599609375,405.53296315438047,393.0627990585979,404.10895783773424,20650900
904,2024-08-08,398.224853515625,401.35968669348046,395.5053463499925,397.97762559147657,20203000
905,2024-08-09,401.5179443359375,403.5254340135955,397.799656617914,399.5500195790903,19276700
906,2024-08-12,402.2991638183594,404.2275536933188,399.75765352179553,402.54639174185724,16762900
907,2024-08-13,409.4194030761719,410.3489826258754,405.02863206499177,405.0483994374045,19414300
908,2024-08-14,412.23773193359375,413.08821172004394,407.87665773392825,410.2005761710246,18267000
909,2024-08-15,417.1119689941406,417.191211225686,413.77333444813155,415.89340426982346,20752100
910,2024-08-16,414.5757751464844,417.4190624715108,413.41664970781534,416.6859584876603,22775600
911,2024-08-19,417.6073303222656,417.8252842584304,412.5845034071879,415.0612389392474,15234000
912,2024-08-20,420.84686279296875,421.896996173198,417.7162958847744,417.7757351150828,16387600
913,2024-08-21,420.19305419921875,422.4320025414326,417.79556092274566,420.1335847320776,16067300
914,2024-08-22,411.6829833984375,422.8184073246916,410.75172838496667,420.410997320223,19361900
915,2024-08-23,412.91143798828125,415.3584538355035,408.255163223579,413.0996723021897,18493800
916,2024-08-26,409.64215087890625,413.3968905070922,407.5121643134923,412.4953551222988,13152800
917,2024-08-27,409.9888916015625,410.5040417108967,406.43230298651787,409.01800038370646,13492900
918,2024-08-28,406.779052734375,411.13810125518216,403.5196602855256,411.0192227861693,14882700
919,2024-08-29,409.27557373046875,418.1224654785976,406.7790352875099,411.0786443893992,17045200
920,2024-08-30,413.2581787109375,413.60489748199507,408.29479126700903,411.7325012306554,24308300
921,2024-09-03,405.62982177734375,415.97267128987687,403.2422452090673,414.0210025733613,20313600
922,2024-09-04,405.0948486328125,407.4130694116055,400.60700515715166,402.1326826766194,15135800
923,2024-09-05,404.589599609375,409.25576060406553,402.35062114910426,403.8267457621573,14195500
924,2024-09-06,397.96185302734375,406.8285475492744,397.0702041035056,405.2533474753259,19609500
925,2024-09-09,401.9444580078125,404.84718480089737,398.40767240518096,403.4503023301037,15295100
926,2024-09-10,410.3455505371094,412.45570379102855,403.90603822449737,404.4013853254675,19594300
927,2024-09-11,419.1033020019531,420.0444433948456,405.76853569187716,411.6334589269,19266900
928,2024-09-12,423.02642822265625,423.39298024346107,415.84389519077274,419.37076416429335,17395700
929,2024-09-13,426.5830078125,427.8114589338371,421.5007417784194,421.8672937914901,15874600
930,2024-09-16,427.3260192871094,429.49564193620427,424.2350583167788,426.5929152766965,13834700
931,2024-09-17,431.1005859375,437.73824933805764,428.24738173228826,436.13332953102315,18874200
932,2024-09-18,426.80096435546875,431.9723892702998,426.40469272360485,430.95197545729616,18898000
933,2024-09-19,434.6076354980469,437.3914837460106,432.8342844371603,437.1240071994986,21706600
934,2024-09-20,431.21942138671875,435.1524782767089,430.17920464774005,433.1512870260625,55167100
935,2024-09-23,429.4758605957031,432.3983904018878,426.38489946949306,430.23868426031646,15128900
936,2024-09-24,425.17626953125,429.3173642884583,422.1348308922367,428.97061525019865,17015800
937,2024-09-25,428.0888671875,429.08947802981356,424.58183139807875,425.8300855631319,13396400
938,2024-09-26,427.29632568359375,431.24918598433425,425.13661951946307,431.04114866155544,14492000
939,2024-09-27,424.03692626953125,427.8313020370733,423.49205654568107,427.5043560158928,14896100
940,2024-09-30,426.29571533203125,426.4146240359172,421.4116000312542,424.2251680181162,16807300
941,2024-10-01,416.775146484375,424.49266278755016,414.91263654622963,424.4629431708175,19092900
942,2024-10-02,413.248291015625,418.88534363054407,412.8321861342137,418.6475564553425,16582300
943,2024-10-03,412.66375732421875,415.64572621192764,410.43469544557,413.7436103396226,13686400
944,2024-10-04,412.188232421875,415.8438964916741,411.1083793562167,414.34793855319174,19169700
945,2024-10-07,405.7289123535156,413.22844449254166,405.1939290185023,412.12878843935687,20919800
946,2024-10-08,410.8507995605469,411.79197118142247,404.37168100298584,407.0762569270798,19229300
947,2024-10-09,413.5751953125,416.46803570058375,410.4445979894132,411.99007853410836,14974300
948,2024-10-10,411.97027587890625,413.46623380792397,409.3053060403614,411.3659669240718,13848400
949,2024-10-11,412.4458312988281,413.24829121073924,409.4043927403761,412.26751359253427,14144900
950,2024-10-14,415.23956298828125,420.0939583051494,413.63461305961806,413.8822865985765,16653100
951,2024-10-15,414.8432922363281,418.5485092157335,411.3956956650851,418.25128280655105,18900200
952,2024-10-16,412.2476806640625,412.48543760596397,406.66018089425665,411.3065392799767,15508900
953,2024-10-17,412.8420715332031,418.56828256822496,411.72258229511425,418.429570873714,14820000
954,2024-10-18,414.2687072753906,415.7448320191293,412.38639426497724,413.2582100340754,17145300
955,2024-10-21,414.8829345703125,415.06125227829034,409.89974372900497,412.2476842514802,14206100
956,2024-10-22,423.5317077636719,426.57311612841215,414.1498320229674,414.595626294547,25482200
957,2024-10-23,420.64874267578125,427.068421426513,418.59799852659256,426.85046750389023,19654400
958,2024-10-24,420.77752685546875,422.0158945124843,418.4691926119839,421.3719191439679,13581600
959,2024-10-25,424.1657409667969,428.49507004148387,422.6004573402726,422.7886916681798,16899100
960,2024-10-28,422.6202392578125,427.9204593260478,422.33292947161533,427.64306615669506,14882400
961,2024-10-29,427.9303894042969,429.13903758740884,421.83759563654417,424.017135059726,17644100
962,2024-10-30,428.50494384765625,434.41938919264413,428.07895261488494,433.3692558016521,29749100
963,2024-10-31,402.5686340332031,412.2873426777555,402.51908117814946,411.49476909921253,53971000
964,2024-11-01,406.5511779785156,411.63344411141696,403.7078904341815,405.20384836550784,24230400
965,2024-11-04,404.658935546875,406.6007179042562,401.79584509345045,405.9864621175824,19672300
966,2024-11-05,407.63104248046875,411.0390330760231,404.28249112047496,404.5698009147436,17626000
967,2024-11-06,416.2698974609375,416.53740425456203,406.69978749855915,408.5821307366994,26681800
968,2024-11-07,421.4710388183594,422.8778379270892,415.9726979378319,417.3596638124742,19901800
969,2024-11-08,418.6079406738281,422.5310812867246,417.8550033981939,421.3620693729889,16891400
970,2024-11-11,414.1200866699219,420.8567950462537,412.1287816798458,418.58809689323664,24503300
971,2024-11-12,419.0933532714844,420.49023567836724,413.3176195666668,414.35783635110096,19401200
972,2024-11-13,421.2431945800781,425.3347363138495,414.31822142109314,417.7163255743709,21502200
973,2024-11-14,422.91748046875,424.1855678921326,416.0915826132808,421.04505383486753,30246900
974,2024-11-15,411.1380920410156,418.86549468955633,409.79076244428035,415.91324532993855,28247600
975,2024-11-18,411.89105224609375,414.50646935219214,408.2651076525754,411.0093198489206,24727000
976,2024-11-19,413.90216064453125,414.0507587358417,407.7202079437107,409.2656885605185,18133500
977,2024-11-20,411.62353515625,413.40680290697327,406.7592228682752,412.9906980283946,19191700
978,2024-11-21,409.8466491699219,416.70605256605285,407.28555520801666,416.4281041493026,20780200
979,2024-11-22,413.9463806152344,414.3434454251094,408.04987579157546,408.35760329128635,24814600
980,2024-11-25,415.7232971191406,417.99650611752486,411.812146489521,415.3162958278843,27691100
981,2024-11-26,424.8559265136719,425.89825580258685,415.78287220202776,416.5174436728799,23458900
982,2024-11-27,419.8925476074219,424.10151982082925,418.92964944636213,421.99701856707253,18332400
983,2024-11-29,420.3591003417969,421.76871536801127,414.7405434642979,417.0137828520631,16271900
984,2024-12-02,427.82403564453125,429.82923270647603,418.22483367708463,418.48293944626425,20207200
985,2024-12-03,428.0424499511719,429.3031391752765,424.60776479316314,426.69239311416067,18302000
986,2024-12-04,434.21685791015625,436.45038152660425,429.46192581768037,429.8589906240061,26009400
987,2024-12-05,439.3787841796875,441.4038541812057,432.9760343176013,434.71321944433936,21697800
988,2024-12-06,440.32183837890625,442.8333105145372,438.5350012201072,439.0611189309198,18821000
989,2024-12-09,442.7538757324219,445.0469576507044,437.2743084708553,439.35893665859504,19144400
990,2024-12-10,440.0835876464844,446.32753597079886,438.3662754088612,441.1358533918597,18469500
991,2024-12-11,445.7021789550781,447.05223585940473,440.79835058458633,440.79835058458633,19200200
992,2024-12-12,446.2679748535156,452.8196506561494,445.8212579806136,445.8212579806136,20834800
993,2024-12-13,443.9947204589844,448.124261247401,442.3170935669994,445.15616611270633,20177800
994,2024-12-16,448.2830810546875,448.8687569516414,442.0192905147007,443.99470839545216,23598800
995,2024-12-17,451.132080078125,451.9560191338881,446.2779042343056,447.70736185197006,22733500
996,2024-12-18,434.1871032714844,449.3353370303597,433.8197872534811,448.0150896587636,24444500
997,2024-12-19,433.8297424316406,439.9347015317489,433.12495005824394,438.38612742715867,22963700
998,2024-12-20,433.40289306640625,440.4905928728717,425.4912541783927,429.93842886665163,64263700
999,2024-12-23,432.0627746582031,434.44519400818086,429.6604823749245,433.54185407205193,19152500
1000,2024-12-24,436.1128845214844,436.3809267682004,431.0105391906017,431.4671622449362,7164500
1001,2024-12-26,434.90179443359375,437.7110878799943,433.43265156283826,435.8646925313124,8194200
1002,2024-12-27,427.3773498535156,432.03300873883813,423.22796607712917,431.41755366983716,18117700
1003,2024-12-30,421.7190246582031,424.4191077458383,418.810487849265,422.9400284711836,13158700
1004,2024-12-31,418.4134521484375,423.6051649635355,417.5796069111211,422.97977346202197,13246500
1005,2025-01-02,415.51483154296875,422.9500047735069,411.81216477472935,422.4139505741353,16896500
1006,2025-01-03,420.2499084472656,420.9249216883709,416.46781065088146,417.99651176266025,16662900
1007,2025-01-06,424.71697998046875,431.13960318889787,422.3643396757335,424.865875513533,20573600
1008,2025-01-07,419.2770690917969,427.49643519355806,417.7185585987197,425.85852385294453,18139100
1009,2025-01-08,421.4510192871094,423.8433749158129,418.4531451224049,420.3590683350305,15054600
1010,2025-01-10,415.8821105957031,421.59991046888086,411.98086631184646,421.52050962504774,20201100
1011,2025-01-13,414.135009765625,415.4354144937977,409.2708974707551,412.19927707865725,17604800
1012,2025-01-14,412.62615966796875,416.6663329915462,407.7123952362894,414.7504731982745,16935900
1013,2025-01-15,423.1882019042969,425.0147242617403,415.2070689754285,416.06078709453215,19637800
1014,2025-01-16,421.47088623046875,426.34493507947604,421.28230542678756,425.56074187721237,15300000
1015,2025-01-17,425.8883056640625,431.29840862027794,425.0346177976779,430.91124996405387,26197500
1016,2025-01-21,425.3621826171875,427.74460185190514,422.4834247796493,427.04974598441896,26085700
1017,2025-01-22,442.9326171875,443.9947588601348,432.8072967513622,434.35587089419175,27803800
1018,2025-01-23,443.4388122558594,443.4785278251988,438.266972657695,438.76331124507635,18389300
1019,2025-01-24,440.8082580566406,443.37928850377745,438.16773293128523,441.9002090925553,15549500
1020,2025-01-27,431.3778076171875,432.01313557520695,420.39880005578783,420.90507512895306,35647800
1021,2025-01-28,443.9252624511719,445.0966142937209,428.2211016468738,431.4175234893937,23491700
1022,2025-01-29,439.09088134765625,443.607580668921,437.1750216711049,443.41896958220315,23581400
1023,2025-01-30,411.95111083984375,419.7634757332681,410.1345248522129,415.7034295288443,54586300
1024,2025-01-31,412.0205993652344,417.60937689111034,411.87170384291437,415.911907348454,34161900
1025,2025-02-03,407.9109802246094,412.368091725276,405.6675197732108,408.5859935358612,25679100
1026,2025-02-04,409.35028076171875,410.8889485554991,406.7395349510832,409.66794472749183,20532100
1027,2025-02-05,410.2635498046875,410.79957365654525,407.39469828604103,409.3304308556131,16316700
1028,2025-02-06,412.7750244140625,415.1376009046221,410.9683447102107,410.9683447102107,16309800
1029,2025-02-07,406.7494812011719,415.58430218979566,405.1115698860282,413.4302096384315,22886800
1030,2025-02-10,409.201416015625,412.41768060214906,407.91094771202364,410.6804954197058,20817900
1031,2025-02-11,408.4271240234375,409.4694230026259,406.30278019920314,406.64031711794166,18140600
1032,2025-02-12,406.044677734375,407.7421472112012,401.40886202523427,404.22806155020925,19121700
1033,2025-02-13,407.5337219238281,407.99034497113007,403.38430804391083,404.01963601763975,23891700
1034,2025-02-14,405.43914794921875,405.91564391864586,402.9078331667541,404.80385028408716,22758500
1035,2025-02-18,406.6402893066406,407.59325090478893,403.52326846051176,405.01228421128855,21423100
1036,2025-02-19,411.73272705078125,412.44745587382107,404.66486996411237,404.89319663470326,24114200
1037,2025-02-20,413.91107177734375,417.07410775463984,410.3402184035009,413.0755545581438,23508700
1038,2025-02-21,406.03326416015625,415.8207899827264,405.71499358869687,415.11458446579724,27524800
1039,2025-02-24,401.8457336425781,407.1870941067446,397.1906962904959,406.3316944915949,26443700
1040,2025-02-25,395.7782287597656,399.7768119064437,394.5846458623518,398.9611771958944,29387400
1041,2025-02-26,397.5985107421875,401.4478696916858,392.1477210913464,395.8876811696496,19619000
1042,2025-02-27,390.4369201660156,403.5764722898777,390.0788543559985,399.13030635306495,21127400
1043,2025-02-28,394.87310791015625,395.50970978817173,384.50868780557136,390.5662102627109,32845700
1044,2025-03-03,386.4184265136719,396.693360360252,384.1008642400347,396.693360360252,23007700
1045,2025-03-04,386.53778076171875,390.48661254503907,378.9683745181786,381.3555708063787,29342900
1046,2025-03-05,398.8816223144531,399.52818059067016,386.73673843465946,387.2639110911412,23433100
1047,2025-03-06,394.773681640625,400.00561314926756,390.586108729763,392.17758313531544,23304600
1048,2025-03-07,391.2127380371094,392.6947831487431,383.4841811851977,390.2280267594304,22034100
1049,2025-03-10,378.13287353515625,384.3395902213564,375.20854809150063,383.7825787420743,32840100
1050,2025-03-11,378.42132568359375,383.9417190881288,374.900193646485,376.9790454259089,30380200
1051,2025-03-12,381.2262878417969,383.1659020465141,376.92934634163805,380.9080172396425,24253600
1052,2025-03-13,376.750244140625,383.2653352756173,375.43730594967485,381.1168495701804,20473000
1053,2025-03-14,386.4880676269531,388.1491759928466,377.48633735073093,377.7548866940246,19952800
1054,2025-03-17,386.6273193359375,390.61591588488574,383.5140048019888,384.6379840789578,22474300
1055,2025-03-18,381.47491455078125,385.30439095730634,379.06783591000334,385.0060028133576,19486900
1056,2025-03-19,385.7520446777344,387.60211207726394,381.95240668028214,383.47424708645485,19185500
1057,2025-03-20,384.7772216796875,389.7008385815923,381.2362073514129,383.68308121761453,18470500
1058,2025-03-21,389.1736755371094,389.65109658333733,380.7587653391681,381.1765391094654,39675900
1059,2025-03-24,390.98394775390625,393.29158399443577,387.73139545576913,393.29158399443577,21004500
1060,2025-03-25,393.0528869628906,394.2464699747621,390.54633531859656,391.8195087441688,15775000
1061,2025-03-26,387.89056396484375,393.2020858372719,386.49803525659746,392.89374127883343,16108400
1062,2025-03-27,388.4972839355469,390.1484359049866,385.33424804034394,388.04970169840396,13766800
1063,2025-03-28,376.78009033203125,387.05502406399853,374.920066699825,386.01060482786494,21632000
1064,2025-03-31,373.3883056640625,375.0593400396717,365.28173999012597,370.5534967757106,35184700
1065,2025-04-01,380.15203857421875,380.80852287787553,371.2398247656492,372.65223585591366,19689500
1066,2025-04-02,380.1023254394531,383.0266205201498,374.6117403662579,375.95454781806535,16092600
1067,2025-04-03,371.12042236328125,375.4671453752222,367.38049274092737,372.79148704012755,30198000
1068,2025-04-04,357.9212341308594,372.5925832225619,357.5631683165765,362.1883672134991,49209900
1069,2025-04-07,355.9517822265625,369.021730877009,342.9514979578054,349.00902084094025,50425000
1070,2025-04-08,352.66937255859375,371.65757505461033,348.38235725741856,366.2963320079612,35868900
1071,2025-04-09,388.4077453613281,391.1331552543464,351.21713920354574,351.6547953803853,50199700
1072,2025-04-10,379.3165283203125,381.85291877896515,365.838762955237,380.02273387837465,38024400
1073,2025-04-11,386.3786926269531,387.9701367142302,376.86967153767677,378.61034006862997,23839200
1074,2025-04-14,385.7420654296875,392.54558862795363,382.1612557582716,391.1232211496066,19251200
1075,2025-04-15,383.6731872558594,389.80034400082167,382.1115516637576,386.43836227942796,17199900
1076,2025-04-16,369.6284484863281,379.5751254610235,366.0377126687907,378.6401657518634,21967800
1077,2025-04-17,365.8188781738281,372.3240133010547,364.9336397230584,371.75704543823275,21120200
1078,2025-04-21,357.2050476074219,362.5364820854384,353.7734623702264,360.88533011613976,20807300
1079,2025-04-22,364.864013671875,365.80892977570767,357.94110461161955,361.44235434917846,19485000
1080,2025-04-23,372.39361572265625,378.36162129682754,371.0308956184831,374.05469360875344,20545500
1081,2025-04-24,385.2347717285156,386.3786638188774,373.1893609627435,373.69665118177875,22232300
1082,2025-04-25,389.7605285644531,390.068873110604,382.54918803088736,384.93638434344297,18973200
1083,2025-04-28,389.0741882324219,390.6457497092271,384.5783015368256,389.86991018310994,16579400
1084,2025-04-29,391.9388732910156,392.9932186361511,388.29838582664536,389.21346312193106,14974000
1085,2025-04-30,393.15234375,394.54487238441686,382.39003252749313,388.21877036685504,36461100
1086,2025-05-01,423.1316223144531,434.65981700987567,422.6342884776108,428.81116623183453,58938100
1087,2025-05-02,432.9589538574219,437.09677511877317,427.6971532418887,429.4378217113229,30757400
1088,2025-05-05,433.8442077636719,437.15643772408293,429.80582912695047,430.5617862640975,20136100
1089,2025-05-06,430.99945068359375,435.39589519237757,428.8708776295015,429.8953841273505,15104200
1090,2025-05-07,431.03924560546875,435.7837995157977,428.8111693588705,431.5266230555768,23295300
1091,2025-05-08,435.83355712890625,441.30422944958144,433.3369315017373,435.5948162408885,23491300
1092,2025-05-09,436.39056396484375,438.38982536855053,433.55575499424157,437.6537809958818,15324200
1093,2025-05-12,446.8643798828125,446.97377874951286,437.4349200185842,443.5620761346614,22821900
1094,2025-05-13,446.74505615234375,448.2668964878236,442.9851831830833,445.392292323668,23618800
1095,2025-05-14,450.5247802734375,451.4796527444761,445.75038756339603,445.75038756339603,19902800
1096,2025-05-15,451.54119873046875,454.5904670438241,448.8506535548848,449.1894577663049,21992300
1097,2025-05-16,452.6772155761719,452.7668963665248,447.1566619661563,450.4649981824022,23849800
1098,2025-05-19,457.26104736328125,457.9785240250479,449.2193361148497,449.29907263869796,21336500
1099,2025-05-20,456.56353759765625,456.73292449884485,452.72703072274504,453.9925667897047,15441800
1100,2025-05-21,450.983154296875,456.17487788050977,450.2258093649285,452.97614166677727,19216900
1101,2025-05-22,453.26513671875,458.63625267798704,452.30851122486644,453.3548479183862,18025600
1102,2025-05-23,448.6015625,452.0992653985463,447.3360263474386,448.40228199038245,16883500
1103,2025-05-27,459.0746765136719,459.3337746022176,454.52069309116933,454.87944662996904,20974300
1104,2025-05-28,455.7563781738281,460.89828970025724,455.3278931492698,459.60285995745147,17086300
1105,2025-05-29,457.0717468261719,460.10109634693043,453.71356774793736,459.93167902845283,13974800
1106,2025-05-30,458.7458190917969,460.06119805700706,453.942742633105,458.1080789456966,34770500
1107,2025-06-02,460.3502197265625,460.48971303831235,455.2880448481698,455.53716828611505,16626500
1108,2025-06-03,461.3467102050781,462.5126212670428,459.24409259023946,459.85196958801225,15743800
1109,2025-06-04,462.2435302734375,464.05715611586317,461.3965045417047,462.3730793208357,14162700
1110,2025-06-05,466.0401611328125,468.00325491639626,462.4029652503908,463.3296970825432,20131700
1111,2025-06-06,468.730712890625,471.6803257365932,467.1363168836836,468.4417212017894,15285600
1112,2025-06-09,471.0924072265625,471.77001565920176,466.9768832876908,468.05311353771793,16469900
1113,2025-06-10,469.2688293457031,471.14221196784314,465.3226923748716,469.53787169847936,15375900
1114,2025-06-11,470.9628601074219,473.80287330978865,468.01324719222674,468.37197033665615,16399200
1115,2025-06-12,477.1909484863281,478.73553201697933,471.8597009390277,473.3544415367432,18950600
1116,2025-06-13,473.2946472167969,477.4998519181197,471.1023792861798,474.7395752703882,16814500
1117,2025-06-16,477.46002197265625,479.00457509504827,473.3345233196989,473.5437784887318,15626100
1118,2025-06-17,476.3638610839844,477.06138843382047,472.4177241014044,473.7331030955977,15414100
1119,2025-06-18,478.5561218261719,479.313466764918,472.7963894918646,476.3239856832242,17526500
1120,2025-06-20,475.7261047363281,481.76485435953526,475.1979642712812,480.53918652379775,37576200
1121,2025-06-23,484.2959289550781,486.0397928967888,470.8532389300749,476.53323466530253,24864000
1122,2025-06-24,488.3915100097656,490.1254297173699,485.0931183138473,487.23560408546166,22305600
1123,2025-06-25,490.5439453125,492.82592441237585,487.6740689863978,490.314771223071,17495100
1124,2025-06-26,495.705810546875,496.29373818928514,491.08206511354325,491.2514824256969,21578900
1125,2025-06-27,494.20111083984375,497.54931522943417,491.30131038962224,495.80545117387857,34539200
1126,2025-06-30,495.66595458984375,499.0042146991214,493.5932305818623,495.2972567719388,28369000
1127,2025-07-01,490.3247375488281,496.30370004913976,489.2585123483102,494.7292533047111,19945400
1128,2025-07-02,489.36810302734375,491.76965656989233,486.98649882219644,488.2719538404123,16319600
1129,2025-07-03,497.0909423828125,498.3764278450543,491.7098821739863,492.07857999859937,13984800
1130,2025-07-07,495.974853515625,497.0012408266234,493.4935938943106,495.6360493014733,13981600
1131,2025-07-08,494.8786926269531,496.4531696907806,492.3774837277821,495.4965138505155,11846600
1132,2025-07-09,501.74456787109375,505.003091421344,497.98776704512187,498.54580110123976,18659500
1133,2025-07-10,499.7216796875,502.67129257213526,496.0047471787155,501.2861517097084,16492100
1134,2025-07-11,501.55523681640625,503.25923259786794,496.054571905536,496.72223609239006,16459500
1135,2025-07-14,501.2562561035156,502.2029372942231,499.273243347857,499.7615155353931,12058800
1136,2025-07-15,504.04644775390625,506.51773265302506,501.027073076573,501.2562471634966,14927200
1137,2025-07-16,503.8471374511719,504.94328659833275,500.13023542973804,503.40867779230757,15154400
1138,2025-07-17,509.9058532714844,511.5699807689203,503.84715436950415,503.9069415603956,17503100
1139,2025-07-18,508.2616271972656,512.8355602906365,505.6508184267905,512.6760872301095,21209700
1140,2025-07-21,508.2715759277344,510.29448733980524,503.77737959397786,504.9333159392007,14066800
1141,2025-07-22,503.4983825683594,509.40761357627605,503.4983825683594,509.1784090675831,13868600
1142,2025-07-23,504.0962829589844,505.01307057965715,498.9444273574923,504.97320231513,16396600
1143,2025-07-24,509.0887145996094,511.86891017220256,505.5212500656798,506.98609704492156,16107000
1144,2025-07-25,511.9088439941406,516.4727417364818,508.57055332296227,510.67314061143924,19125700
1145,2025-07-28,510.7030334472656,513.1942677567645,508.3313735189307,512.2775105607909,14308000
1146,2025-07-29,510.7727966308594,515.8050777848653,509.7663282358281,513.7224399565682,16469200
1147,2025-07-30,511.4404296875,514.1409495778635,507.6537656967309,513.3636552782116,26380400
1148,2025-07-31,531.62939453125,553.5024436401114,530.0350289229713,553.2831833968122,51617300
1149,2025-08-01,522.2723388671875,533.9213535531813,519.0337340919326,533.1241706958108,28977600
1150,2025-08-04,533.7619018554688,536.3627358241171,526.2782244119826,526.4177481275262,25349000
1151,2025-08-05,525.8995361328125,535.41603854948,525.3913146279989,535.2964641743647,19171600
1152,2025-08-06,523.0994262695312,529.8357336828143,522.1926437275052,529.0385508551038,21355700
1153,2025-08-07,519.0138549804688,526.2384349946553,515.7353514691818,524.9529190734887,16079100
1154,2025-08-08,520.2095947265625,522.8204035830947,517.5888112007746,520.7676288144971,15531000
1155,2025-08-11,519.9405517578125,525.7401525514866,517.8976909591346,520.4686618064882,20194400
1156,2025-08-12,527.3843383789062,529.1182277589118,520.8672912006765,521.9135974657331,18667000
1157,2025-08-13,518.7547607421875,530.8322607629538,517.5489813455309,530.2443026581628,19619200
1158,2025-08-14,520.6480102539062,524.1058750288076,518.3162490497452,520.7277467800332,20269100
1159,2025-08-15,518.3461303710938,524.255330935539,517.2599862571353,520.9370505811125,25213300
1160,2025-08-18,515.286865234375,520.9868407954262,512.2177084457264,519.7611730136332,23760600
1161,2025-08-19,507.98260498046875,513.3536904476517,506.7668813962475,513.1942782099028,21481000
1162,2025-08-20,503.9468078613281,509.2082935133009,502.6712971096552,508.0822507382742,27723000
1163,2025-08-21,503.2980041503906,506.68168580920974,501.7808546744913,502.74904380636957,18443300
1164,2025-08-22,506.2824401855469,509.77590173606455,501.471437254012,503.3079962424447,24324200
1165,2025-08-25,503.3179931640625,507.2406441544574,503.1782400793436,505.6835608535286,21638600
1166,2025-08-26,501.1021423339844,504.0366525259624,497.5787379824689,503.4177851675948,30835700
1167,2025-08-27,505.7933349609375,506.34232576675964,498.96611661319633,501.06219963605827,17277900
1168,2025-08-28,508.68792724609375,510.1352001425548,504.5556467937143,506.1426727693108,18015600
1169,2025-08-29,505.7434387207031,508.64800611235046,503.5475364264987,507.7097597194238,20961600
1170,2025-09-02,504.1763610839844,505.0547219959289,495.88188775050133,499.53505401941584,18128000
1171,2025-09-03,504.40594482421875,506.8413890153064,501.3816064871684,502.8488615493355,16345100
1172,2025-09-04,507.02105712890625,507.20071355848035,502.2100541109688,503.3578996917829,15509500
1173,2025-09-05,494.0752868652344,511.0135863020471,491.4501951138555,508.11900990545524,31994800
1174,2025-09-08,497.2693176269531,500.26371328397477,494.10522614671714,497.1794589519428,16771000
1175,2025-09-09,497.4789123535156,501.3117351050236,496.77024724997165,500.4932596555404,14410500
1176,2025-09-10,499.43524169921875,502.2899147028095,495.7920664455459,502.04038173392,21611800
1177,2025-09-11,500.0740661621094,502.2300346920423,496.9499084839274,501.31173995388707,18881600
1178,2025-09-12,508.94744873046875,511.59249216822343,502.9087629314118,505.70352006176233,23624900
1179,2025-09-15,514.397216796875,514.5069966795595,506.05284913244947,507.8395136770829,17143800
1180,2025-09-16,508.08905029296875,516.2637221986186,507.64986983793983,515.9144004162443,19711900
1181,2025-09-17,509.06719970703125,510.33484666258875,504.9848440594251,509.6660849144807,15816600
1182,2025-09-18,507.5001525878906,512.1115168727503,506.71161989545686,510.5344514878828,18913700
1183,2025-09-19,516.96240234375,518.3298380532008,509.35664280609984,509.6061757592278,52474100
1184,2025-09-22,513.4889526367188,516.772784556969,511.5824866494396,514.6268375894382,20009300
1185,2025-09-23,508.2787170410156,513.6287198501773,506.3622903955001,512.8401566617626,19799600
1186,2025-09-24,509.19696044921875,511.5225942719762,505.9730140478167,509.4265417419943,13533700
1187,2025-09-25,506.0827941894531,509.0572380888419,504.09652154158834,507.3504106819217,15786500
1188,2025-09-26,510.5045166015625,512.9798945996346,505.67356201643696,509.1071380786861,16213100
1189,2025-09-29,513.6386108398438,515.8844074376258,507.9293260645142,510.5444265624633,17617800
1190,2025-09-30,516.982421875,517.1919905812645,508.70790002171145,512.2811987663596,19728200
1191,2025-10-01,518.7391357421875,519.5376290534263,510.7340986553811,513.8382741479315,22632300
1192,2025-10-02,514.7765502929688,520.625588764222,509.7260051791023,516.6730253227585,21222900
1193,2025-10-03,516.3834838867188,519.5176324904353,514.0378984273964,516.1339509263171,15112300
1194,2025-10-06,527.5825805664062,530.0380069481532,517.2319577376861,517.6411650074094,21388600
1195,2025-10-07,523.0010986328125,528.8102332144322,520.4658657072805,527.3030443984364,14615200
1196,2025-10-08,523.8695068359375,525.9656203925812,522.1128458539913,522.3024933531,13363400
1197,2025-10-09,521.4241333007812,523.3505205733983,516.4334737589328,521.3642478231245,18343600
1198,2025-10-10,510.0054626464844,522.6019127014883,508.6779606337136,518.6692706129455,24133800
1199,2025-10-13,513.0896606445312,515.4452371680482,510.7240930552238,515.4452371680482,14284200
1200,2025-10-14,512.610595703125,514.3174231454748,505.05473007895694,509.2768388871209,14684300
1201,2025-10-15,512.4708251953125,516.2238106749688,509.04724028199115,513.9979961583023,14694700
1202,2025-10-16,510.65423583984375,515.884437136842,507.1807563967364,511.62245544117155,15559600
1203,2025-10-17,512.62060546875,514.5170195527368,506.3622988729776,508.0890780500653,19867800
1204,2025-10-20,515.8245239257812,517.730989827423,512.4708156147512,513.6486038577511,14665600
1205,2025-10-21,516.6929321289062,517.7210372272165,512.0815676283437,516.533257830336,15586200
1206,2025-10-22,519.5675659179688,524.2488070435115,516.7428964573043,520.1764726871388,18962700
1207,2025-10-23,519.5875244140625,522.9712060783663,517.6411550810741,521.4839993377199,14023500
1208,2025-10-24,522.6318359375,524.3685757173844,519.7372899447384,521.8133604589415,15532400
1209,2025-10-27,530.527099609375,533.5813808592218,528.0217787333662,530.7866236569336,18734700
1210,2025-10-28,541.057373046875,552.6855732732587,539.7598137450263,548.9725518014023,29986700
1211,2025-10-29,540.538330078125,545.2495444281135,535.7273269044096,543.9220119141725,36023000
1212,2025-10-30,524.77783203125,533.9705877450752,521.1446173319796,529.4889853080866,41023100
1213,2025-10-31,516.8426513671875,528.3311587204174,514.137692119172,527.8919782690999,34006400
1214,2025-11-03,516.0641479492188,523.9793263365088,513.628703759196,518.8389228578652,22374700
1215,2025-11-04,513.3692016601562,514.5868933466259,506.8913048594995,510.80399534425794,20958700
1216,2025-11-05,506.2125549316406,513.8682396575209,505.6336213981725,512.3410686781482,23024300
1217,2025-11-06,496.1713562011719,504.75529633258907,494.88375756631746,504.7153625290288,27406500
1218,2025-11-07,495.8918762207031,498.4470913363115,492.32853818272196,496.02163823572937,24019800
1219,2025-11-10,505.0547180175781,505.9031361854127,497.8681564860657,499.10586069795033,26101500
1220,2025-11-11,507.7297058105469,508.64800052182136,501.411544557113,503.85694933091565,17980000
1221,2025-11-12,510.1851501464844,510.7141588310794,498.18758530403636,508.4084461357136,26574900
1222,2025-11-13,502.34979248046875,512.54071024479,500.3535287599438,509.3566671737073,25273100
1223,2025-11-14,509.2268981933594,510.644258818196,496.51070821491913,497.2992409027003,28505700
1224,2025-11-17,506.54193115234375,511.16328656765256,503.9667643395777,507.5001596757347,19092800
1225,2025-11-18,492.8675537109375,502.0403882023454,485.87063942574486,494.44458869198826,33815100
1226,2025-11-19,486.2099914550781,494.264922953439,481.9279972054541,489.18443539234676,23245300
1227,2025-11-20,478.42999267578125,493.57000732421875,475.5,492.7099914550781,26802500
1228,2025-11-21,472.1199951171875,478.9200134277344,468.2699890136719,478.5,31769200
1229,2025-11-24,474.0,476.8999938964844,468.0199890136719,475.0,34421000
1230,2025-11-25,476.989990234375,479.1499938964844,464.8900146484375,474.07000732421875,28019800
1231,2025-11-26,485.5,488.30999755859375,481.20001220703125,486.30999755859375,25709100
1232,2025-11-28,492.010009765625,492.6300048828125,486.6499938964844,487.6000061035156,14386700
1233,2025-12-01,486.739990234375,489.8599853515625,484.6499938964844,488.44000244140625,23964000
1234,2025-12-02,490.0,493.5,486.32000732421875,486.7200012207031,19562700
1235,2025-12-03,477.7300109863281,484.239990234375,475.20001220703125,476.32000732421875,34615100
1236,2025-12-04,480.8399963378906,481.32000732421875,476.489990234375,479.760009765625,22318200
1237,2025-12-05,483.1600036621094,483.3999938964844,478.8800048828125,482.5199890136719,22608700
1238,2025-12-08,491.0199890136719,492.29998779296875,484.3800048828125,484.8900146484375,21965900
1239,2025-12-09,492.0199890136719,492.1199951171875,488.5,489.1000061035156,14696100
1240,2025-12-10,478.55999755859375,484.25,475.0799865722656,484.0299987792969,35756200
1241,2025-12-11,483.4700012207031,486.0299987792969,475.8599853515625,476.6300048828125,24669200
1242,2025-12-12,478.5299987792969,482.45001220703125,476.3399963378906,479.82000732421875,21248100
1243,2025-12-15,474.82000732421875,480.7200012207031,472.5199890136719,480.1000061035156,23727700
1244,2025-12-16,476.3900146484375,477.8900146484375,470.8800048828125,471.9100036621094,20705600
1245,2025-12-17,476.1199951171875,480.0,475.0,476.9100036621094,24527200
1246,2025-12-18,483.9800109863281,489.6000061035156,477.8900146484375,478.19000244140625,28573500
1247,2025-12-19,485.9200134277344,487.8500061035156,482.489990234375,487.3599853515625,70836100
1248,2025-12-22,484.9200134277344,488.7300109863281,482.69000244140625,486.1199951171875,16963000
1249,2025-12-23,486.8500061035156,487.8299865722656,484.739990234375,484.9800109863281,14683600
1250,2025-12-24,488.0199890136719,489.1600036621094,484.8299865722656,485.67999267578125,5855900
1251,2025-12-26,487.7099914550781,488.1199951171875,485.9599914550781,486.7099914550781,8842200
1252,2025-12-29,487.1000061035156,488.3500061035156,484.17999267578125,484.8599853515625,10893400
1253,2025-12-30,487.4800109863281,489.67999267578125,485.5,485.92999267578125,13944500
1254,2025-12-31,483.6199951171875,488.1400146484375,483.29998779296875,487.8399963378906,15601600
