Price,Date,Close,High,Low,Open,Volume
Ticker,,NVDA,NVDA,NVDA,NVDA,NVDA
0,2021-01-04,13.076725959777832,13.614214972587265,12.926149380434182,13.067502211124319,560640000
1,2021-01-05,13.367159843444824,13.405800875139692,13.050300910946934,13.063014829846537,322760000
2,2021-01-06,12.57912540435791,13.207857143489328,12.55070572206963,13.185420201840708,580424000
3,2021-01-07,13.306580543518066,13.340236434139047,12.85036396210047,12.931136197590789,461480000
4,2021-01-08,13.239514350891113,13.383359711388366,13.005422923568874,13.325024439247162,292528000
5,2021-01-11,13.58329963684082,13.921847963012926,13.325026156059941,13.381118027153345,518344000
6,2021-01-12,13.446934700012207,13.71592883730901,13.307577070665623,13.7139336394329,291476000
7,2021-01-13,13.493803977966309,13.586792760102355,13.347465996604777,13.45217109900996,210028000
8,2021-01-14,13.163229942321777,13.561609449275576,13.143535688218217,13.536929103411671,283120000
9,2021-01-15,12.823437690734863,13.287881316844615,12.812468857865895,13.190904052844246,277780000
10,2021-01-19,12.988722801208496,13.057279430107188,12.807980522839523,12.979747264530975,226188000
11,2021-01-20,13.328271865844727,13.39284002107061,13.020138307044544,13.074983436730559,258572000
12,2021-01-21,13.828611373901367,13.959992011036567,13.215834583904515,13.380870156744221,337780000
13,2021-01-22,13.67404556274414,13.802933631043508,13.589034728801968,13.701468596467407,246820000
14,2021-01-25,13.614962577819824,13.789721185785888,13.19938129579068,13.74310221612875,251112000
15,2021-01-26,13.39757251739502,13.606484357318374,13.349955955617846,13.542414547382485,163980000
16,2021-01-27,12.881525039672852,13.19564126498745,12.75787222578399,13.19289858121172,371272000
17,2021-01-28,13.014400482177734,13.3023413819018,12.924154394726525,12.959804528349476,228316000
18,2021-01-29,12.953323364257812,13.297356163278318,12.875292865521274,13.03833420279187,271552000
19,2021-02-01,13.199880599975586,13.2335355380806,12.866567471839382,13.01664572884835,217204000
20,2021-02-02,13.518732070922852,13.533938558603332,13.248242035181995,13.361175169955763,220440000
21,2021-02-03,13.49255657196045,13.89268122482267,13.478595893291107,13.597759985933012,245408000
22,2021-02-04,13.625930786132812,13.635154533800035,13.30034647317784,13.493054232332696,201340000
23,2021-02-05,13.552886962890625,13.69872756323,13.507763916332621,13.686511968620373,169152000
24,2021-02-08,14.398259162902832,14.433160858990226,13.688754280440907,13.688754280440907,434624000
25,2021-02-09,14.223252296447754,14.542354624618508,14.182616068463537,14.300534356614135,287560000
26,2021-02-10,14.722846031188965,14.863201253824297,14.301282039333971,14.422690490908412,485352000
27,2021-02-11,15.207980155944824,15.229420446836574,14.88314429518778,14.938239518630787,450828000
28,2021-02-12,14.919296264648438,15.248370809132116,14.733567858473906,15.007797279543665,374756000
29,2021-02-16,15.287260055541992,15.329392207780066,14.908076391399229,15.0220061893389,321960000
30,2021-02-17,14.864198684692383,15.180808421709868,14.738551627972099,15.128454926659813,274756000
31,2021-02-18,14.787412643432617,14.831538080524819,14.534124322785622,14.687692712343281,233868000
32,2021-02-19,14.88464069366455,15.13443792178438,14.805114282360956,14.982365438062779,271724000
33,2021-02-22,14.3154935836792,15.090813464605944,14.284829539167944,14.733318293645503,325884000
34,2021-02-23,14.10234260559082,14.198821553836638,13.351952265234438,14.035779263801077,391780000
35,2021-02-24,14.45833969116211,14.466068467380678,13.717423274073871,14.083145503096832,448320000
36,2021-02-25,13.270183563232422,14.334441077467913,13.179189975141817,14.00611401149152,824436000
37,2021-02-26,13.676040649414062,13.815647436688753,13.323531609545643,13.713933240960111,500932000
38,2021-03-01,13.802934646606445,13.885951239822205,13.515243835324203,13.836091261293221,353184000
39,2021-03-02,13.368653297424316,13.881460928666272,13.358431951392774,13.861018236603186,264116000
40,2021-03-03,12.768840789794922,13.413776541433187,12.762857098855966,13.388597869897936,377592000
41,2021-03-04,12.33556079864502,12.938615575725441,12.04986423160692,12.764853610702268,573344000
42,2021-03-05,12.426555633544922,12.514807484700661,11.646498815490384,12.514807484700661,542840000
43,2021-03-08,11.56074047088623,12.436277690098503,11.53406492027041,12.415087507609316,543112000
44,2021-03-09,12.489448547363281,12.585710586701868,12.029582238014875,12.100407665853615,521824000
45,2021-03-10,12.437577247619629,12.948067565563633,12.42685387625009,12.808911083089319,384376000
46,2021-03-11,12.961533546447754,13.014154358534435,12.703170905345067,12.91814061708739,299916000
47,2021-03-12,12.824374198913574,12.857043763325269,12.559028764148305,12.617134944070317,243964000
48,2021-03-15,13.158796310424805,13.174258245322083,12.73583966195434,12.833099637107122,221988000
49,2021-03-16,13.258551597595215,13.479256868126042,13.084480431649451,13.323640516436615,272128000
50,2021-03-17,13.308426856994629,13.420150815607716,12.957541896819428,13.007668319701601,243864000
51,2021-03-18,12.691200256347656,13.151565052474703,12.685713947139764,13.104182253321333,293896000
52,2021-03-19,12.814146995544434,12.889710986982735,12.581471167444477,12.718632702400825,299208000
53,2021-03-22,13.153810501098633,13.36154823506086,12.874998085903743,12.880983842945088,297804000
54,2021-03-23,13.038591384887695,13.311667212328363,12.98921270884054,13.221639245291536,222048000
55,2021-03-24,12.611896514892578,13.126877093413306,12.605662461359328,13.118896401350066,245840000
56,2021-03-25,12.504412651062012,12.683471654533125,12.241810854541152,12.468751160231504,295144000
57,2021-03-26,12.807663917541504,12.82462229390924,12.343059962632033,12.523614443030619,363968000
58,2021-03-29,12.916396141052246,13.03036526004874,12.66875684725543,12.78871077199155,273520000
59,2021-03-30,12.84008502960205,12.943330782149033,12.673745284717413,12.810408344776906,200204000
60,2021-03-31,13.315413475036621,13.437362342286544,12.950562913977166,12.983481725827332,314776000
61,2021-04-01,13.777771949768066,13.835878123071739,13.47801034601489,13.5388611010894,308276000
62,2021-04-05,13.95308780670166,13.97952235961436,13.699213545574432,13.83338314774415,255672000
63,2021-04-06,13.827400207519531,14.019676015663661,13.739617343870526,13.96531045972212,191744000
64,2021-04-07,14.1087064743042,14.208459897547266,13.677769060228261,13.846602230892788,251284000
65,2021-04-08,14.281779289245605,14.435899213055192,14.213945783814793,14.217687357595498,244416000
66,2021-04-09,14.364575386047363,14.372556078838363,14.14012946049153,14.179033078443032,195172000
67,2021-04-12,15.171585083007812,15.314732396380426,14.104466864397924,14.254596927138556,869324000
68,2021-04-13,15.640926361083984,15.661376111521582,15.088538607928012,15.194028535206293,676212000
69,2021-04-14,15.23941707611084,15.68182557627376,15.190038388116491,15.58656052594978,385500000
70,2021-04-15,16.09755516052246,16.17436541470877,15.593048591540859,15.623972472177224,598480000
71,2021-04-16,15.873353958129883,16.12598105828335,15.82621945225456,16.013507430530804,335208000
72,2021-04-19,15.323956489562988,15.768610086032313,15.195523394059228,15.498276894788122,404420000
73,2021-04-20,15.133926391601562,15.458874387907025,14.926188677668558,15.285551919658973,334132000
74,2021-04-21,15.322713851928711,15.324708787371998,15.065098905164291,15.081557836067637,216776000
75,2021-04-22,14.813718795776367,15.400521867224105,14.747132474891446,15.337177673145806,277788000
76,2021-04-23,15.227696418762207,15.29727466051768,14.863594577488568,14.897510379080412,227500000
77,2021-04-26,15.439923286437988,15.44092122976747,15.087791990367876,15.147644806930623,197796000
78,2021-04-27,15.34390926361084,15.631948601560827,15.316726012485972,15.540174924345006,164572000
79,2021-04-28,15.239167213439941,15.494039448295446,15.178068161200418,15.32670177309296,209416000
80,2021-04-29,15.287050247192383,15.398524986163917,15.034423133882983,15.362114800935823,173196000
81,2021-04-30,14.972575187683105,15.327200854865179,14.960106128775966,15.137170190038917,201912000
82,2021-05-03,14.800252914428711,15.209244197836126,14.75112441523881,15.087793814028768,203912000
83,2021-05-04,14.315945625305176,14.601491564558918,13.975784880945344,14.601242316550108,405324000
84,2021-05-05,14.422929763793945,14.77705690361153,14.352104335830429,14.67281322109117,292024000
85,2021-05-06,14.48727035522461,14.53540184870253,14.18302136153679,14.459588610408613,193380000
86,2021-05-07,14.775809288024902,14.93391906739071,14.635654875272314,14.771819417961543,229328000
87,2021-05-10,14.230655670166016,14.769576460567666,14.214944484231708,14.750872395980661,268904000
88,2021-05-11,14.271056175231934,14.319436925882222,13.71617493345528,13.790990242826654,285584000
89,2021-05-12,13.724651336669922,14.225166920041739,13.67552285196865,13.975033276670255,303408000
90,2021-05-13,13.631633758544922,14.046112281477168,13.425890936508688,13.999227017101628,285404000
91,2021-05-14,14.207961082458496,14.292752013541277,13.714677433186372,13.855829803441582,258616000
92,2021-05-17,14.130654335021973,14.134394958279865,13.819422493227485,14.122175145017497,216980000
93,2021-05-18,13.981269836425781,14.368814302100715,13.96954852184947,14.231902003595811,186256000
94,2021-05-19,14.031148910522461,14.044865162150497,13.509934202642043,13.53312663560361,344000000
95,2021-05-20,14.57655143737793,14.647626114558799,14.23539279664413,14.267313661284234,321592000
96,2021-05-21,14.95486831665039,15.184552232588912,14.832919461611446,15.126445108164015,672992000
97,2021-05-24,15.573592185974121,15.706264404068651,15.138664001057602,15.175074181777035,554816000
98,2021-05-25,15.609254837036133,15.779584439719866,15.444411543967227,15.727213823403543,435408000
99,2021-05-26,15.661376953125,15.754896323009897,15.547907279022002,15.69554295501756,370440000
100,2021-05-27,15.449897766113281,15.71125330157703,15.421966770902706,15.66112686872143,581476000
101,2021-05-28,16.204540252685547,16.237460021510813,15.462870342481201,15.462870342481201,644536000
102,2021-06-01,16.224485397338867,16.347931629920918,15.864124228355527,16.22997265762719,472804000
103,2021-06-02,16.73697280883789,16.877128178251017,16.195558646312733,16.21226777374694,594168000
104,2021-06-03,16.928001403808594,17.216541131071583,16.5422035955669,16.659664080908772,580008000
105,2021-06-04,17.535003662109375,17.617548491853103,17.0534414177765,17.07039788842642,617120000
106,2021-06-07,17.575651168823242,17.768675615133215,17.15045132468314,17.528020079725916,575756000
107,2021-06-08,17.41405487060547,17.57814946975256,17.208560371373252,17.484131607589486,323848000
108,2021-06-09,17.319515228271484,17.535782653047317,17.21724494368834,17.47666498952007,381656000
109,2021-06-10,17.386117935180664,17.452969774393196,17.13767489675894,17.311286428414668,287772000
110,2021-06-11,17.78546905517578,17.899214954964485,17.40482022564648,17.440489877133697,416308000
111,2021-06-14,17.978540420532227,17.999244162607233,17.62333583892256,17.866042920276705,321376000
112,2021-06-15,17.748804092407227,17.97604663575129,17.68843990745718,17.875022883618865,243032000
113,2021-06-16,17.770505905151367,17.91468418538893,17.545259694850984,17.751050591544338,307124000
114,2021-06-17,18.61561393737793,18.792966905127752,17.716625537466296,17.734834323579165,809656000
115,2021-06-18,18.597156524658203,19.331763460015086,18.542528261234434,18.742082709800528,968856000
116,2021-06-21,18.38612937927246,18.495136607237573,17.782978507688828,18.394110948679845,672384000
117,2021-06-22,18.844606399536133,18.921436154060395,18.344974156997278,18.430284092496997,580144000
118,2021-06-23,19.014724731445312,19.11001257671834,18.865558432257274,18.96533567291674,332356000
119,2021-06-24,19.162643432617188,19.37666521172069,19.045654629248613,19.184844909364667,320924000
120,2021-06-25,18.9885311126709,19.30233009055786,18.852336315853158,19.23747460979559,278364000
121,2021-06-28,19.940399169921875,20.03393994375662,19.275885147206186,19.31804053622827,495436000
122,2021-06-29,19.982053756713867,20.053891662462267,19.613128010799876,19.838124834020068,367632000
123,2021-06-30,19.957866668701172,20.117509490168736,19.81942620130902,19.954623798999663,326568000
124,2021-07-01,20.166894912719727,20.410349886109096,19.974324818701906,20.08008916798285,480136000
125,2021-07-02,20.4412784576416,20.459489144823493,20.242473856766992,20.39463367314707,342764000
126,2021-07-06,20.652307510375977,20.795486641874447,20.304835251900723,20.69122003382582,446708000
127,2021-07-07,20.3262939453125,20.82842115434022,20.286633492945466,20.806969493155897,418428000
128,2021-07-08,19.858335494995117,20.088071080613446,19.656786608504444,19.812189314423424,503300000
129,2021-07-09,20.005504608154297,20.035438344735283,19.710165638972114,19.917950950252028,296624000
130,2021-07-12,20.46672821044922,20.486931440280244,20.142701974510995,20.194835290071577,321984000
131,2021-07-13,20.204811096191406,20.41558998557854,20.06911490682044,20.354974593131452,290708000
132,2021-07-14,19.797225952148438,20.37219021147144,19.708675050402782,20.312324625479327,380100000
133,2021-07-15,18.92392349243164,19.80270862400988,18.816414013293638,19.76753757883624,550564000
134,2021-07-16,18.12047004699707,19.11424759877164,18.032667088106123,18.988030726422647,688224000
135,2021-07-19,18.737844467163086,18.99950826063208,17.82563325949376,17.87527352298777,749060000
136,2021-07-20,18.570466995239258,18.795962510715192,18.123466749051826,18.688203709705867,434687000
137,2021-07-21,19.36668586730957,19.48342535694125,18.700177259556888,18.83986423648893,371017000
138,2021-07-22,19.550275802612305,19.84262124158665,19.232984628727042,19.59816902543563,323826000
139,2021-07-23,19.51435661315918,19.656039936097546,19.207043356145515,19.612137498497777,195672000
140,2021-07-26,19.250946044921875,19.39861459525191,18.871792949550414,19.267908307327364,203943000
141,2021-07-27,19.16514015197754,19.578215925957867,18.69918123958821,19.222012172569684,248863000
142,2021-07-28,19.459482192993164,19.60216275943113,18.95261629855176,19.275892746609742,202191000
143,2021-07-29,19.618127822875977,19.808701619528385,19.284871556554233,19.47544535320664,190781000
144,2021-07-30,19.455490112304688,19.586196410986457,19.220016666249848,19.374669578351813,183497000
145,2021-08-02,19.7059268951416,19.916456479690652,19.317795028840045,19.656039233859172,217444000
146,2021-08-03,19.770782470703125,20.17687382086152,19.17710902193863,19.69594907533359,301811000
147,2021-08-04,20.228757858276367,20.272660294584725,19.78375207608851,19.945391220735015,231309000
148,2021-08-05,20.590946197509766,20.686732636563846,20.296604434887584,20.454252790573072,211435000
149,2021-08-06,20.320552825927734,20.52409807521408,20.164900800366695,20.4782011954325,178497000
150,2021-08-09,20.249711990356445,20.46223602836236,20.098050750515416,20.400374106685497,146443000
151,2021-08-10,19.891511917114258,20.384408995827474,19.790735571713213,20.276650205072418,179238000
152,2021-08-11,19.655038833618164,20.0042581491868,19.3866400361588,19.9982710212323,185925000
153,2021-08-12,19.860584259033203,19.984306207882916,19.576220366137818,19.825662510999912,151652000
154,2021-08-13,20.1429500579834,20.168893013178696,19.806702182493282,19.860582533688213,183063000
155,2021-08-16,19.90548324584961,20.241731139141816,19.40959063441719,20.09006989391872,210876000
156,2021-08-17,19.414581298828125,19.725885371220297,19.224007514423867,19.64107405193435,204585000
157,2021-08-18,18.997514724731445,19.59018912572773,18.957603067946085,19.456487359207824,285913000
158,2021-08-19,19.75382423400879,20.449269491332213,18.720134701148606,19.450501709268725,766555000
159,2021-08-20,20.769550323486328,20.818440769765257,19.888521263811523,19.946390500496992,675741000
160,2021-08-23,21.909000396728516,21.947912925807106,20.903250350633197,20.924203397298,575807000
161,2021-08-24,21.74436378479004,21.909993687630855,21.486940142478403,21.7044540424829,297299000
162,2021-08-25,22.16343116760254,22.419857643177572,21.67352760765165,21.688493526251065,347701000
163,2021-08-26,22.018753051757812,22.290145407367774,21.74137356832189,22.150458445376195,237940000
164,2021-08-27,22.585485458374023,22.67129398333885,22.117532210084512,22.134494471013152,304722000
165,2021-08-30,22.637372970581055,22.991580355069562,22.50067954473319,22.77905630499496,262580000
166,2021-08-31,22.338987350463867,22.648349605435055,22.07453267310366,22.648349605435055,259850000
167,2021-09-01,22.394868850708008,22.650343118704587,22.31104189186069,22.438779025858977,201767000
168,2021-09-02,22.349964141845703,22.546559703912333,22.2491719184046,22.47171310768264,187834000
169,2021-09-03,22.796045303344727,22.938751008342507,22.154367377268184,22.279110432537877,280532000
170,2021-09-07,22.615415573120117,22.85192789740587,22.475702069426948,22.78606358536251,198107000
171,2021-09-08,22.29308319091797,22.563526062752924,21.93182586082569,22.466725323109348,254434000
172,2021-09-09,22.131412506103516,22.491670487300535,22.085507536787368,22.26613522548103,196856000
173,2021-09-10,22.43179702758789,22.579491625302524,22.224224389626503,22.30206317714799,248376000
174,2021-09-13,22.106468200683594,22.91679945314238,21.813071877295915,22.637374292609916,297500000
175,2021-09-14,22.196285247802734,22.363939216302622,22.04060574701212,22.22921646157449,199755000
176,2021-09-15,22.29507827758789,22.321025809840197,21.92084908003349,22.26314446387039,166538000
177,2021-09-16,22.196285247802734,22.231213157906875,21.8819321534371,22.1374064988517,156033000
178,2021-09-17,21.85498046875,22.275114560061212,21.785124670126727,22.25415782047423,294503000
179,2021-09-20,21.069599151611328,21.388941027272594,20.619526053194374,21.10253035461788,349440000
180,2021-09-21,21.202329635620117,21.380960654634446,20.90693852871404,21.37297767708859,204688000
181,2021-09-22,21.895898818969727,21.91485886480449,21.152429377866472,21.32208000784405,268726000
182,2021-09-23,22.4357852935791,22.488675841781284,21.845001277296493,22.094487365537624,248555000
183,2021-09-24,22.035614013671875,22.103475038068282,21.81606688764935,22.02463694288499,217655000
184,2021-09-27,21.615476608276367,21.754190825746935,21.28116613158087,21.66537306934412,245215000
185,2021-09-28,20.656452178955078,21.374973422098716,20.608550508955098,21.170394880020993,343069000
186,2021-09-29,20.47482681274414,20.973799045887088,20.424928447373038,20.8969576569864,218394000
187,2021-09-30,20.67342185974121,21.022702882900305,20.64547953016276,20.725315029448115,221009000
188,2021-10-01,20.69936180114746,20.8161199625749,20.16146834727318,20.70734477711829,240978000
189,2021-10-04,19.691442489624023,20.49977705360861,19.514806256090917,20.46185505357973,345635000
190,2021-10-05,20.408964157104492,20.60555973549591,19.81319114034007,19.90899448692086,279282000
191,2021-10-06,20.65744972229004,20.6774071635698,20.038723360348456,20.078642049763726,297202000
192,2021-10-07,21.031679153442383,21.27817116327567,20.928890239898514,21.048642502901718,256919000
193,2021-10-08,20.788179397583008,21.162408551642596,20.73229475421555,21.057624845328608,151258000
194,2021-10-11,20.65245819091797,21.019701745235178,20.468836413759362,20.532705933838944,163388000
195,2021-10-12,20.628509521484375,21.013715764405212,20.485803813514003,20.78518639102628,162134000
196,2021-10-13,20.89595603942871,20.9468517954333,20.670420782566904,20.874999299325843,180652000
197,2021-10-14,21.7012996673584,21.710280040317638,21.07858180049667,21.24424093983298,243589000
198,2021-10-15,21.817062377929688,21.885920792719308,21.6174746181001,21.765169217756938,226994000
199,2021-10-18,22.17632293701172,22.245181351573397,21.599509992231866,21.70429561198073,189494000
200,2021-10-19,22.244182586669922,22.332998439284385,21.99170238328711,22.23020952192543,161473000
201,2021-10-20,22.057565689086914,22.38688726459648,21.936814127495424,22.259150122667332,146276000
202,2021-10-21,22.645355224609375,22.66431717444452,22.037607791883655,22.051578953476707,187590000
203,2021-10-22,22.679285049438477,23.08245393094305,22.514625207539453,22.776085781397935,249384000
204,2021-10-25,23.118383407592773,23.306994101972588,22.72319746404904,22.92577932097551,230235000
205,2021-10-26,24.66619300842285,25.207080642552555,23.874823758987613,23.939690683779567,485898000
206,2021-10-27,24.400739669799805,25.038426104852544,24.23208643543216,24.42369310756561,245990000
207,2021-10-28,24.88973045349121,24.898712729396866,24.47259043881091,24.826860232435095,234204000
208,2021-10-29,25.51444435119629,25.65615265639552,24.948610430057254,24.949607826287217,292503000
209,2021-11-01,25.77391242980957,25.84077414831852,25.17514534532995,25.59627881018903,265740000
210,2021-11-02,26.346731185913086,26.62316223217399,25.746966723249745,25.768922765601214,294112000
211,2021-11-03,26.54332733154297,26.728945830452645,26.18107451423238,26.61517983790427,239910000
212,2021-11-04,29.7397403717041,31.30052452350246,27.06225509891964,27.17302698343725,1153631000
213,2021-11-05,29.69084358215332,31.335454820246646,29.34954562668809,30.124948877614052,851260000
214,2021-11-08,30.740680694580078,31.036071770159673,29.845523288055762,30.0870264157735,503101000
215,2021-11-09,30.59398078918457,32.243584649409264,29.90240643770052,32.215642328275685,646746000
216,2021-11-10,29.39844512939453,30.786586602763936,28.718845203917095,29.29565811512244,636206000
217,2021-11-11,30.327531814575195,30.527121469817228,29.715792890325954,30.405372503422235,332172000
218,2021-11-12,30.327531814575195,30.61693662433334,29.56909378945469,29.948313753728954,413054000
219,2021-11-15,29.963279724121094,30.581006779573574,29.186879115830916,30.48919684042176,384909000
220,2021-11-16,30.140914916992188,30.3275308006158,29.644936791171745,29.697829247202147,264484000
221,2021-11-17,29.200849533081055,30.446285187958786,28.74079674255149,30.35547074388643,428508000
222,2021-11-18,31.60988998413086,32.692658808729135,31.25661755420569,32.300468889918044,781711000
223,2021-11-19,32.917198181152344,33.01998709870693,31.839418254930216,32.17672282311157,533867000
224,2021-11-22,31.89031219482422,34.57578069243723,31.834427549306902,33.4481023989034,754335000
225,2021-11-23,31.680744171142578,32.29348237107467,30.81652316774115,31.470177454770493,532163000
226,2021-11-24,32.60684585571289,32.787473607987316,30.86443406990238,31.39633955445472,435162000
227,2021-11-26,31.438243865966797,32.64276162923178,31.285558488884924,32.532987132035885,283069000
228,2021-11-29,33.30739974975586,33.343325056327004,31.970153780150458,32.29947733857546,454964000
229,2021-11-30,32.60883712768555,33.28444758524314,31.79850772473219,33.10082385631525,622066000
230,2021-12-01,31.374225616455078,33.22464323996772,31.31933164435788,33.15477887681169,484368000
231,2021-12-02,32.06388473510742,32.41520534090074,30.965013655135916,31.153649310235703,472890000
232,2021-12-03,30.633663177490234,32.06688783545897,30.07174997453315,31.9381356119685,544325000
233,2021-12-06,29.978927612304688,30.182531770501555,27.983791897824226,29.82222966105633,658938000
234,2021-12-07,32.36430740356445,32.3862680389149,30.591741852503894,30.89715192628836,593053000
235,2021-12-08,31.764469146728516,32.22757276894839,31.36025147158854,31.937135010758553,475551000
236,2021-12-09,30.431053161621094,32.14273959159787,30.369172752689572,31.672647606673255,488507000
237,2021-12-10,30.139617919921875,31.244478098261293,29.803269551316273,31.089777075680235,488825000
238,2021-12-13,28.10655403137207,30.235431505717692,28.06164095629319,30.190518430638814,598344000
239,2021-12-14,28.28221321105957,28.62255352658214,27.1973149206465,27.645446231268327,667035000
240,2021-12-15,30.400114059448242,30.44103516074104,27.784180879721173,28.345094654187285,698297000
241,2021-12-16,28.332120895385742,31.099760799877707,28.038690540501786,31.091776844328315,707366000
242,2021-12-17,27.74725341796875,28.866086498078595,27.706332317032363,27.930897709289578,713758000
243,2021-12-20,27.665409088134766,28.08958664914624,27.092519430074276,27.25220994036055,461847000
244,2021-12-21,29.0187931060791,29.0637061884339,27.348027584677354,28.319148062823466,524385000
245,2021-12-22,29.343158721923828,29.497859735844237,28.393997137740122,28.835143931093477,395184000
246,2021-12-23,29.58269500732422,30.00088555963705,29.374099442198006,29.697472444063603,343022000
247,2021-12-27,30.885169982910156,31.026895635110456,29.582692792715033,29.602654581173876,403686000
248,2021-12-28,30.263376235961914,31.26942679962951,29.953974216379613,31.25146195093205,420591000
249,2021-12-29,29.942996978759766,30.488940318885827,29.309224428409372,30.214472371231356,343139000
250,2021-12-30,29.52880096435547,30.39811732399104,29.482890369605972,29.769334255327937,308864000
251,2021-12-31,29.354135513305664,29.971940112811122,29.274290262971935,29.616627511446417,266530000
252,2022-01-03,30.06276512145996,30.651624582903967,29.727414293582168,29.75735697767053,391547000
253,2022-01-04,29.23337173461914,30.40909369115047,28.294191075815277,30.218462985082912,527154000
254,2022-01-05,27.550628662109375,29.359125493625662,27.479766791122373,28.893027463374462,498064000
255,2022-01-06,28.12352180480957,28.38301936449731,27.012674649326257,27.586561835852063,454186000
256,2022-01-07,27.194326400756836,28.36705605710548,27.00469317182625,28.08659914346598,409939000
257,2022-01-10,27.34702491760254,27.415891757825346,25.594419420833177,26.52960811483407,594681000
258,2022-01-11,27.763219833374023,28.010741462593767,26.787111899859354,27.27017541907624,404089000
259,2022-01-12,27.94486427307129,28.53971066905699,27.554619528250484,28.012731682826583,383413000
260,2022-01-13,26.52362823486328,28.42494443276919,26.44677551608809,28.32413984488921,540171000
261,2022-01-14,26.88991355895996,27.144421643836736,26.15932835464321,26.24915451358075,395832000
262,2022-01-18,25.85291862487793,26.586498173895528,25.72017634780918,26.20922874593393,424270000
263,2022-01-19,25.018537521362305,26.49168380986728,25.003567129964498,26.02858206203493,488315000
264,2022-01-20,24.103307723999023,25.529545731359246,24.031446427083026,25.255077800339837,435181000
265,2022-01-21,23.328807830810547,24.775005651877514,23.21802238406454,23.46155010178448,718958000
266,2022-01-24,23.326810836791992,23.334794790372676,20.84761430587089,22.286825688304823,913982000
267,2022-01-25,22.28083610534668,22.89864065896213,21.957463151064083,22.502406991705346,664616000
268,2022-01-26,22.727975845336914,24.010491492410896,22.25688820809312,23.19507150485748,755959000
269,2022-01-27,21.901573181152344,23.948608321885434,21.63309226715212,23.52243384836739,573353000
270,2022-01-28,22.79584312438965,22.81380797435671,21.25482754600818,21.96944289295478,543774000
271,2022-01-31,24.438661575317383,24.46161782547409,23.00743389482427,23.137181729796545,564680000
272,2022-02-01,24.590368270874023,25.09638806614209,23.843813269742828,25.05546696522535,518925000
273,2022-02-02,25.19319725036621,25.767084393020323,24.505528293848347,25.74413004951072,543419000
274,2022-02-03,23.901697158813477,25.02851397918987,23.734022713171655,24.4107113163615,410178000
275,2022-02-04,24.271984100341797,24.587373159445693,23.586312009547193,23.925654836755538,354829000
276,2022-02-07,24.680191040039062,25.133311835992746,24.15520704406836,24.324878438884706,376868000
277,2022-02-08,25.059459686279297,25.181223570518206,23.93364013673913,24.311907144504435,410359000
278,2022-02-09,26.653369903564453,26.673331693511606,25.303984503910602,25.572463535153865,524282000
279,2022-02-10,25.77407455444336,26.872945852936223,25.55050858235371,25.944745396249605,513200000
280,2022-02-11,23.902694702148438,26.101436285260135,23.727036302814017,25.865892523567283,605472000
281,2022-02-14,24.22008514404297,24.82690950810967,23.70907395093763,23.88772874556484,440424000
282,2022-02-15,26.44377899169922,26.493681567004096,24.73608636580203,24.90076638723711,699869000
283,2022-02-16,26.45974349975586,26.530607279677454,25.502597989095346,26.208231811287334,732676000
284,2022-02-17,24.45961570739746,25.735144573729002,24.118277908301224,25.580443580769725,810595000
285,2022-02-18,23.596288681030273,24.937689936455428,23.055336814132236,24.620303993631182,761255000
286,2022-02-22,23.34478187561035,24.017478686544916,22.955536432235384,22.990468617991528,633422000
287,2022-02-23,22.343717575073242,24.10830099326957,22.257885303841995,23.755982820677037,566511000
288,2022-02-24,23.702091217041016,23.753990739958894,20.849616301111375,20.97437465983734,735801000
289,2022-02-25,24.110294342041016,24.1701778047602,23.33579559273523,23.675138387578873,528866000
290,2022-02-28,24.337854385375977,24.617313720025166,23.661165729918974,23.945614559981106,477319000
291,2022-03-01,23.431610107421875,24.329871618461585,23.087277797297364,24.244037444614957,412056000
292,2022-03-02,24.177291870117188,24.365959685395882,23.373712936549165,23.714111250736686,389642000
293,2022-03-03,23.67218589782715,24.283106273216287,23.427617067609017,24.219218042700607,365095000
294,2022-03-04,22.89556121826172,23.638248916911902,22.44236121609132,23.342771281446925,431415000
295,2022-03-07,21.31435203552246,22.992389803663198,21.292391465045675,22.776769140858917,450821000
296,2022-03-08,21.476062774658203,22.33354729257822,20.613586007361604,21.271424341879477,557467000
297,2022-03-09,22.97341537475586,23.179051474840342,22.207767760422254,22.347520264947136,492742000
298,2022-03-10,22.6180477142334,22.7478176453068,21.843415073164238,22.49127084816649,428066000
299,2022-03-11,22.06103515625,23.104192759122018,22.007129512410348,22.981408527703135,367209000
300,2022-03-14,21.292390823364258,22.22274672696289,21.121692803109244,21.830440015715702,385354000
301,2022-03-15,22.932491302490234,22.997377221162406,21.284403438506185,21.48005697889036,491996000
302,2022-03-16,24.45280647277832,24.553628211845854,23.131141677093435,23.45856243097872,671422000
303,2022-03-17,24.722333908081055,24.798198215899934,23.863849630911034,24.07747301172827,471941000
304,2022-03-18,26.406354904174805,26.522151490123896,24.580581386606394,24.755272049910502,730719000
305,2022-03-21,26.686859130859375,27.10412324336721,25.92121138568289,26.46026011637226,591727000
306,2022-03-22,26.47723388671875,27.189975685088907,26.02603117397435,26.67987508006744,547007000
307,2022-03-23,25.58879852294922,26.56507268180156,25.529902546610163,26.079929619211555,502120000
308,2022-03-24,28.100358963012695,28.270059255457987,25.861314314141644,26.11985836166196,877379000
309,2022-03-25,27.643169403076172,28.307995393290817,27.2229122356588,27.836827561473978,579016000
310,2022-03-28,28.16924285888672,28.20018833538596,27.158028538413475,27.707059896183978,425494000
311,2022-03-29,28.605470657348633,28.894958306684245,27.930662062478252,28.644401446440966,488984000
312,2022-03-30,27.641170501708984,28.445748914361694,27.454499993366586,28.254088061040967,463487000
313,2022-03-31,27.23788833618164,28.198192021006374,27.22191770517372,27.733014073153115,523440000
314,2022-04-01,26.664897918701172,27.44751586683608,26.220682903584812,27.32672893992416,517235000
315,2022-04-04,27.311756134033203,27.509406950687776,26.566073594108467,26.680870583661918,397120000
316,2022-04-05,25.88527488708496,27.270827874661148,25.774470555611817,27.205941957892414,436615000
317,2022-04-06,24.363962173461914,25.25538717602562,23.960675226004746,24.89003332893193,703833000
318,2022-04-07,24.165313720703125,24.678407313051004,23.436601401606985,24.397902669017775,557992000
319,2022-04-08,23.07823371887207,23.88081687759532,23.021335019105305,23.874826939519217,524781000
320,2022-04-11,21.878353118896484,22.280642378826183,21.621806322763018,22.17483029611759,575207000
321,2022-04-12,21.466079711914062,22.684927279513232,21.244471063259667,22.497259071532707,662258000
322,2022-04-13,22.163850784301758,22.46032799731564,21.41717046528089,21.689689827546903,516943000
323,2022-04-14,21.220518112182617,22.736840873608053,21.125686298057552,22.465319189569,569097000
324,2022-04-18,21.744585037231445,22.049045548168344,21.041826120321627,21.162613017413847,525701000
325,2022-04-19,22.158857345581055,22.33354799958623,21.276415360813395,21.681699582090733,512781000
326,2022-04-20,21.444120407104492,22.630025292014682,21.162618078582742,22.477295203987705,468974000
327,2022-04-21,20.147409439086914,22.35251367670244,19.964731581536245,21.670717529613366,656209000
328,2022-04-22,19.480588912963867,20.44987743487539,19.465615971491907,20.26719955217862,624713000
329,2022-04-25,19.866907119750977,19.909830566482615,19.062328587721677,19.168140672030763,641566000
330,2022-04-26,18.75487518310547,19.75311209371236,18.637083197190083,19.683235814607606,653143000
331,2022-04-27,18.38253402709961,19.13320710369272,18.25775441052897,18.565210045352984,499460000
332,2022-04-28,19.747116088867188,20.001667489116333,18.45739457929483,18.933552723499567,570327000
333,2022-04-29,18.514297485351562,20.092509128467537,18.484349698064364,19.367789431189383,500435000
334,2022-05-02,19.498558044433594,19.53948420995558,18.35857155612756,18.508306677557925,572049000
335,2022-05-03,19.567434310913086,19.79004256378469,19.099261454041525,19.36579084051425,475751000
336,2022-05-04,20.29814338684082,20.364026989571897,18.717934609583033,19.887868830192616,648855000
337,2022-05-05,18.81077003479004,19.88986315661059,18.46737678729166,19.83196677519654,626331000
338,2022-05-06,18.642070770263672,19.477594833502064,17.95827912135431,18.702964035272345,633297000
339,2022-05-09,16.92011260986328,18.222809887329202,16.79732840064044,18.00220081323754,644455000
340,2022-05-10,17.563974380493164,18.16591176162213,16.994979755458832,17.657808494966158,761474000
341,2022-05-11,16.60067367553711,17.721694464260565,16.538784636687943,17.316410271106523,670167000
342,2022-05-12,16.1464786529541,16.758398648288527,15.53955185958914,16.19040169441591,708728000
343,2022-05-13,17.674779891967773,17.896388580108713,16.5637433859514,16.758399254402644,670437000
344,2022-05-16,17.233556747436523,17.75663289781755,17.07583632290922,17.478125554261457,521446000
345,2022-05-17,18.14494514465332,18.338603271908426,17.602903449160152,18.042126144063122,585830000
346,2022-05-18,16.908132553100586,18.08605213605823,16.834263633079882,17.673780282023053,545161000
347,2022-05-19,17.09380531311035,17.655812285056605,16.704491716469843,16.90713478134416,621310000
348,2022-05-20,16.664560317993164,17.37929725353171,15.727216118212382,17.30143569024576,739105000
349,2022-05-23,16.86820411682129,16.885174338377944,16.150472081742095,16.245303880807757,639889000
350,2022-05-24,16.125513076782227,16.567732674703276,15.752172998727668,16.480886198685138,588550000
351,2022-05-25,16.945068359375,17.08082823067403,15.971787196303193,15.991752387255069,781132000
352,2022-05-26,17.819520950317383,18.060095188303276,15.99374578065661,16.007721031792844,996575000
353,2022-05-27,18.777833938598633,18.8477102124589,18.068087106701686,18.153935916295296,738379000
354,2022-05-31,18.639074325561523,19.16614311852199,18.31764164379846,18.94652985213168,664100000
355,2022-06-01,18.28769302368164,19.01940020610704,18.09004223537034,18.690981817760978,544514000
356,2022-06-02,19.55745506286621,19.584407883815693,18.165913818116607,18.259747943212208,648656000
357,2022-06-03,18.686994552612305,19.297916967344694,18.489343687136312,19.048357736067352,598779000
358,2022-06-06,18.75287628173828,19.302905366003518,18.53126758487554,19.105254520476123,422406000
359,2022-06-07,18.892627716064453,18.96649663523193,18.15592818906813,18.439427797960548,388914000
360,2022-06-08,18.619054794311523,19.15022859840962,18.506229327517012,18.76981947875276,363252000
361,2022-06-09,18.019987106323242,18.903613680842092,18.0129980018534,18.45231558845677,395574000
362,2022-06-10,16.947654724121094,17.669532092614485,16.842816252604898,17.572682529347194,465248000
363,2022-06-13,15.622712135314941,16.28667984582384,15.581775412240182,15.975163876009786,604153000
364,2022-06-14,15.811417579650879,16.041060084311727,15.388075033067116,15.706580080249356,469680000
365,2022-06-15,16.501344680786133,16.841814932140252,15.901276860613777,16.070014185322673,563936000
366,2022-06-16,15.5767822265625,15.917253444550337,15.37709287922616,15.835380002777606,545749000
367,2022-06-17,15.85534954071045,15.970170797325055,15.304206366327632,15.62370932462703,630334000
368,2022-06-21,16.540287017822266,16.981600402488183,16.381533414039843,16.44942865985989,483089000
369,2022-06-22,16.334604263305664,16.63613550115512,16.154883380504458,16.200811500397187,437135000
370,2022-06-23,16.199813842773438,16.559253709347978,15.828390615966093,16.493356178297404,463680000
371,2022-06-24,17.09941291809082,17.11339112344329,16.28467969796983,16.47438527374452,472153000
372,2022-06-27,16.842815399169922,17.30310027621306,16.600192553602746,17.285128566242904,427968000
373,2022-06-28,15.957191467285156,17.175296973833603,15.920248247332506,16.873765723191674,461149000
374,2022-06-29,15.517875671386719,15.795444040528261,15.146453345274413,15.789453787872143,482352000
375,2022-06-30,15.135469436645508,15.542836100215856,14.838930531324044,15.337155541620188,686070000
376,2022-07-01,14.500454902648926,15.039616592506377,14.369658695440403,14.875871620652088,577610000
377,2022-07-05,14.940773010253906,14.947762114562595,14.033184492904027,14.152998117707567,651397000
378,2022-07-06,15.106513977050781,15.295220723870164,14.766042751623154,14.986700366030874,529066000
379,2022-07-07,15.83338451385498,15.920249363063476,15.365112647572856,15.432009036553442,492903000
380,2022-07-08,15.813416481018066,16.012107950332496,15.365113062847506,15.406049788102415,467972000
381,2022-07-11,15.128479957580566,15.502897844600374,15.014656599989385,15.50189899317143,437321000
382,2022-07-12,15.058588981628418,15.407047229010848,14.85390726583204,15.244300136553319,458483000
383,2022-07-13,15.140460014343262,15.351132914368169,14.442545687722442,14.567351646375842,521918000
384,2022-07-14,15.348138809204102,15.44898186604473,14.705138394189763,15.084548659761676,456235000
385,2022-07-15,15.737532615661621,15.757501074374188,15.421024308590031,15.63469281563619,385935000
386,2022-07-18,16.076007843017578,16.870771818679195,15.977162485969991,16.276696063894367,670517000
387,2022-07-19,16.965625762939453,17.083442634965255,16.146898863611145,16.460410653190557,702366000
388,2022-07-20,17.77935791015625,17.90516367987839,16.774920881624166,16.920694158582595,760538000
389,2022-07-21,18.02198028564453,18.11583423265357,17.517765033329383,17.85723740485581,557049000
390,2022-07-22,17.2921142578125,17.939107115384,17.11039568213851,17.86522258702626,536671000
391,2022-07-25,16.99757194519043,17.097417085099938,16.623154098820503,16.992578640781748,480748000
392,2022-07-26,16.507339477539062,16.892740033046326,16.452424540325435,16.86278591155121,397865000
393,2022-07-27,17.762386322021484,17.908159601580824,16.886746840994853,17.005561604819313,569776000
394,2022-07-28,17.95608139038086,18.111839357420962,17.4129271606502,17.947096489128917,474646000
395,2022-07-29,18.134807586669922,18.21568123422587,17.66453800022714,17.785350474084527,435460000
396,2022-08-01,18.412378311157227,18.81675040946891,17.96207808023096,18.15377951960492,476469000
397,2022-08-02,18.49724006652832,18.90860114970087,18.06391377512959,18.093867889937076,489527000
398,2022-08-03,18.863670349121094,18.938554681641246,18.10884343781565,18.155771359130984,418146000
399,2022-08-04,19.18517303466797,19.24408146520657,18.73087939960465,18.819741947233144,409652000
400,2022-08-05,18.959524154663086,19.199151379943174,18.63702558545363,18.780801158866524,386068000
401,2022-08-08,17.765380859375,18.210689626521116,17.21523743534715,17.474834090197074,981859000
402,2022-08-09,17.059478759765625,17.41991845975433,16.698041160487055,17.22522145250511,668263000
403,2022-08-10,18.06890869140625,18.089876002325298,17.290118776438867,17.67052787955639,597422000
404,2022-08-11,17.91414451599121,18.67795814995378,17.848246996098702,18.10285217554872,509327000
405,2022-08-12,18.679956436157227,18.68894324186174,17.925129506160957,18.131808897875185,478094000
406,2022-08-15,19.00245475769043,19.13424981351242,18.584106483223596,18.671969218975686,457666000
407,2022-08-16,18.849695205688477,19.112287457353222,18.47228168872419,18.890631929999405,451240000
408,2022-08-17,18.306537628173828,18.65899030543156,18.11683393671878,18.49424742554819,446799000
409,2022-08-18,18.74386215209961,18.835718409468257,18.15477776988283,18.272594646326187,415447000
410,2022-08-19,17.821290969848633,18.491248793105402,17.74241314234734,18.377425454253068,441588000
411,2022-08-22,17.007558822631836,17.530745594391743,16.93966358559003,17.462850357349936,409593000
412,2022-08-23,17.15433120727539,17.43789077526951,16.94365828212294,16.962629795617797,369986000
413,2022-08-24,17.19526481628418,17.378979191278322,16.868772783841155,16.985589828451506,522661000
414,2022-08-25,17.885194778442383,17.919142398294323,16.80687127701837,16.817853882408595,770691000
415,2022-08-26,16.234758377075195,17.896174759315368,16.211793365981354,17.82927933310313,769127000
416,2022-08-29,15.776473045349121,16.312639207198323,15.742526376842438,15.995133924685081,496132000
417,2022-08-30,15.443988800048828,16.01410156014586,15.158432518208786,15.93522467499421,530181000
418,2022-08-31,15.070569038391113,15.515876799554972,14.93577837401633,15.360118825458853,573710000
419,2022-09-01,13.915364265441895,14.357676385598616,13.249399909112851,14.186941368669402,1178865000
420,2022-09-02,13.625815391540527,14.149001175520134,13.56990161470963,14.078112245537563,743157000
421,2022-09-06,13.444099426269531,13.757612156734154,13.330276060121674,13.709686328420531,535751000
422,2022-09-07,13.696782112121582,13.820626981375675,13.329244097845045,13.545971666562709,512657000
423,2022-09-08,13.972433090209961,13.990411090298151,13.352213517895981,13.442099708429629,624873000
424,2022-09-09,14.368936538696289,14.455827199487729,14.108264556321975,14.139224819065335,486612000
425,2022-09-12,14.486786842346191,14.528733921971712,14.180172168334149,14.350957931422553,484159000
426,2022-09-13,13.11451244354248,13.904519639420537,13.082553033818995,13.784670424242124,714956000
427,2022-09-14,13.111515998840332,13.273312285293565,12.896785812619402,13.23735723747835,588507000
428,2022-09-15,12.91276741027832,13.21638563613665,12.773941987146994,12.998659878355168,523625000
429,2022-09-16,13.181427955627441,13.195410315643226,12.601157157541842,12.726000201955259,670751000
430,2022-09-19,13.365198135375977,13.446096763090381,12.99366546083005,12.995662804943986,569685000
431,2022-09-20,13.159455299377441,13.46606997721802,13.040605238954448,13.198406839856672,524818000
432,2022-09-21,13.244351387023926,14.013385161039185,13.09354093450114,13.19641226499832,807679000
433,2022-09-22,12.545228004455566,13.132489995982901,12.412395581267017,13.053588717680212,759162000
434,2022-09-23,12.500284194946289,12.595165175770894,12.241609581149898,12.40440501838907,663309000
435,2022-09-26,12.212644577026367,12.643104064483932,12.198662218255395,12.475314806755506,547343000
436,2022-09-27,12.397414207458496,12.720008599389836,12.24260909385547,12.491296042868766,553854000
437,2022-09-28,12.720009803771973,12.806900467165594,12.338489441525518,12.394418888771625,542414000
438,2022-09-29,12.204657554626465,12.48430573642893,11.931001405248,12.432370978846492,532763000
439,2022-09-30,12.123758316040039,12.617138488258727,12.059838544347494,12.071823561069651,565638000
440,2022-10-03,12.496289253234863,12.66208117925796,12.089799766259942,12.331496475400929,547478000
441,2022-10-04,13.150467872619629,13.203401777565151,12.862829366915662,12.862829366915662,584182000
442,2022-10-05,13.192415237426758,13.304275082018679,12.60515414886924,12.89479000485159,507131000
443,2022-10-06,13.113513946533203,13.63885351819357,13.086547421310968,13.203401093971486,644157000
444,2022-10-07,12.060836791992188,12.654090789293177,12.00690469700817,12.489298012265124,672478000
445,2022-10-10,11.655346870422363,12.10877633421103,11.393675761746923,12.02188568072584,698699000
446,2022-10-11,11.571455001831055,11.831127865517054,11.26883494828777,11.546485816155545,667482000
447,2022-10-12,11.485562324523926,11.72026695087247,11.33075718597391,11.56446361639926,492590000
448,2022-10-13,11.944982528686523,12.062834393103017,10.79942244062999,10.957224041163421,850103000
449,2022-10-14,11.212905883789062,12.09579593677378,11.189934994155491,12.041863827318966,713432000
450,2022-10-17,11.873074531555176,11.932999622564797,11.502540973108799,11.503539169014037,580774000
451,2022-10-18,11.951973915100098,12.476314329749629,11.603412151905342,12.328500398811965,659362000
452,2022-10-19,12.035868644714355,12.334493965352559,11.819141098000895,11.864084673089435,523131000
453,2022-10-20,12.178690910339355,12.752968818354741,12.089801947112008,12.097792276636184,652398000
454,2022-10-21,12.450345993041992,12.482306351508834,11.872073525922902,12.082808061772408,609494000
455,2022-10-24,12.583181381225586,12.69404207682602,12.048853249537009,12.492296031938748,517457000
456,2022-10-25,13.244351387023926,13.283302935676588,12.648100758424672,12.678063781227348,505482000
457,2022-10-26,12.879807472229004,13.371189335313101,12.69204380253107,12.852841899654189,532953000
458,2022-10-27,13.159455299377441,13.820624719501696,13.105523203117375,13.612885710217384,583113000
459,2022-10-28,13.816631317138672,13.832611976192785,13.04460203977238,13.087548275085938,521040000
460,2022-10-31,13.480052947998047,13.820625345662009,13.280304257896672,13.760700262393152,486341000
461,2022-11-01,13.525995254516602,13.907515574241362,13.502025221946392,13.793658395771288,432817000
462,2022-11-02,13.202401161193848,14.192156967485618,13.194411785659703,13.832609351575078,672628000
463,2022-11-03,13.40414810180664,13.7636966949046,12.939732756516582,13.02662341252142,500065000
464,2022-11-04,14.138224601745605,14.211132890719782,13.67980037633338,13.968437992700602,612576000
465,2022-11-07,14.28304386138916,14.39390455505636,13.93648037167957,14.210135563074418,410061000
466,2022-11-08,14.583666801452637,14.872303507657966,14.198150808496923,14.782416354106235,595292000
467,2022-11-09,13.758702278137207,14.193156492308741,13.741723425961359,14.144217279717736,454414000
468,2022-11-10,15.730224609375,15.753195494812513,14.528735003966306,14.781417601209665,700819000
469,2022-11-11,16.306503295898438,16.368425737488906,15.462564766373632,15.787156581766027,655487000
470,2022-11-14,16.2745361328125,16.519229289732092,15.902004417056169,16.197633167908812,527852000
471,2022-11-15,16.645071029663086,16.97665292715978,16.36142728358573,16.701000460446785,545876000
472,2022-11-16,15.890022277832031,16.341454383695524,15.853069034469385,16.141706658908717,649547000
473,2022-11-17,15.657317161560059,16.24557835765425,15.515495248164541,15.69526955824207,710894000
474,2022-11-18,15.389654159545898,15.981910050388137,15.101016492966707,15.945954045011389,492072000
475,2022-11-21,15.297768592834473,15.45756754683471,15.06106570167587,15.127981966089996,404739000
476,2022-11-22,16.017860412597656,16.037835754816946,15.10301031245184,15.308751955917504,472866000
477,2022-11-23,16.498258590698242,16.506249872107517,16.02785119143118,16.07778765170836,427241000
478,2022-11-25,16.24957275390625,16.466299355969085,16.151696223942388,16.29751282305904,167934000
479,2022-11-28,15.807127952575684,16.336463192763517,15.70525673572653,16.00587750224232,303741000
480,2022-11-29,15.619362831115723,15.911995146685767,15.500512771594675,15.807126494631538,298384000
481,2022-11-30,16.90607452392578,16.91306749227581,15.581400530805857,15.681299942560486,565298000
482,2022-12-01,17.11786651611328,17.24773568748677,16.618366478545138,16.982002826008905,470977000
483,2022-12-02,16.85912322998047,16.916067342010866,16.428554479527566,16.64234117792431,371389000
484,2022-12-05,16.5933895111084,16.97800471429634,16.455527032443175,16.662320750441012,352255000
485,2022-12-06,15.971013069152832,16.55642654398754,15.803180852280665,16.513470276741486,352694000
486,2022-12-07,16.103878021240234,16.169811994462453,15.6513300790908,15.7562255561555,372388000
487,2022-12-08,17.15182876586914,17.161818992856777,15.943037976538454,16.2567250065392,515456000
488,2022-12-09,16.98399543762207,17.565414066145607,16.958022372086035,17.14283680576932,465338000
489,2022-12-12,17.51746368408203,17.52046094302297,16.78020276960981,17.019962525032387,457328000
490,2022-12-13,18.05392837524414,18.77121078174227,17.693289316822757,18.512469006153694,656589000
491,2022-12-14,17.65632438659668,18.233747362128558,17.402578696343596,17.969011087419783,496888000
492,2022-12-15,16.935047149658203,17.302679168965806,16.683300254847847,17.128853387661163,478542000
493,2022-12-16,16.554426193237305,17.023957357323482,16.393587913415725,16.847134332454832,478232000
494,2022-12-19,16.237741470336914,16.59238592042544,16.12885124570356,16.555424180046458,354039000
495,2022-12-20,16.06891441345215,16.29368979912943,15.83614855958652,16.04793550448502,403260000
496,2022-12-21,16.484493255615234,16.61036857261578,16.085892213568325,16.097881246349655,325025000
497,2022-12-22,15.323659896850586,16.12186159180077,14.867117143254697,16.07790496925897,565045000
498,2022-12-23,15.19079303741455,15.323659446874593,14.868116110553647,15.180802809610176,349326000
499,2022-12-27,14.106878280639648,15.084899302148365,14.041942751760569,15.058925281140848,464902000
500,2022-12-28,14.021964073181152,14.247737902630835,13.870115648293575,13.913072868778418,351066000
501,2022-12-29,14.588396072387695,14.668315992800219,14.212772636992952,14.387597820165574,354923000
502,2022-12-30,14.599384307861328,14.614368696054798,14.218764842042592,14.319663660456738,310490000
503,2023-01-03,14.300684928894043,14.981004654277776,14.081904060760499,14.836149193445959,401277000
504,2023-01-04,14.734249114990234,14.838145196007998,14.226757745256368,14.552431925929696,431324000
505,2023-01-05,14.250734329223633,14.549435094565505,14.13385075828424,14.476508145483907,389168000
506,2023-01-06,14.844139099121094,14.994988100578038,14.019964406631336,14.459523925052371,405044000
507,2023-01-09,15.612371444702148,16.039942919360875,15.125858005154026,15.268715599821135,504231000
508,2023-01-10,15.89309024810791,15.9460367412462,15.456527005264633,15.491491850303234,384101000
509,2023-01-11,15.984996795654297,16.011970219679487,15.547435115356448,15.824158513514837,353285000
510,2023-01-12,16.494489669799805,16.620363128586988,15.476508555353488,16.08390134636081,551409000
511,2023-01-13,16.882099151611328,16.905076865313244,16.148833986111153,16.261719936070204,447287000
512,2023-01-17,17.684297561645508,17.71027253708016,16.882101069354157,16.882101069354157,511102000
513,2023-01-18,17.359622955322266,17.8551253151724,17.264716740500983,17.64933195026429,439624000
514,2023-01-19,16.74823570251465,17.179804849106613,16.714271208962963,17.01896463226559,452932000
515,2023-01-20,17.82115936279297,17.838142558730407,16.808173556686363,16.993986450014212,564967000
516,2023-01-23,19.173805236816406,19.22575327562238,17.800180419919084,18.045932771346358,655163000
517,2023-01-24,19.2457332611084,19.475504695763046,18.801178592061103,18.808171561163764,496204000
518,2023-01-25,19.303680419921875,19.350634312476416,18.561423256174976,18.89409049882217,449537000
519,2023-01-26,19.782196044921875,20.14583232825715,19.258719930188406,19.681297222805807,489535000
520,2023-01-27,20.344635009765625,20.607372500637613,19.38559591313847,19.442538121142203,542142000
521,2023-01-30,19.142837524414062,20.11985820147362,19.13084848856238,19.93004958460622,488611000
522,2023-01-31,19.5174617767334,19.667311381220713,18.931048939885837,19.150828232771158,498017000
523,2023-02-01,20.92205810546875,21.170807752513607,19.5913893538845,19.67130927886173,660477000
524,2023-02-02,21.687286376953125,21.927046101235472,20.679296702842173,20.97899588183488,564276000
525,2023-02-03,21.078899383544922,21.723254810357187,20.76820957509745,20.978999007184377,429366000
526,2023-02-06,21.067913055419922,21.548431080233986,20.765214633558085,20.78519509214831,452197000
527,2023-02-07,22.15082550048828,22.236739935433913,21.12884786869814,21.360616200100747,664150000
528,2023-02-08,22.182796478271484,22.85512386074339,21.985992961443717,22.364613698348997,559651000
529,2023-02-09,22.31466293334961,22.996980498584975,22.097880878059367,22.583394939904977,523876000
530,2023-02-10,21.243732452392578,22.05591910392087,20.790187926657033,21.668308556927258,550737000
531,2023-02-13,21.766206741333008,22.02594690595999,20.941032731329045,21.51645680289639,474919000
532,2023-02-14,22.948028564453125,23.025949676572004,21.34463219361314,21.556420076698707,675474000
533,2023-02-15,22.741230010986328,22.83213859095707,22.08388914268018,22.52644491453984,420575000
534,2023-02-16,21.979997634887695,22.52744803558797,21.905071876709787,22.110865240742353,412026000
535,2023-02-17,21.36661148071289,21.71825874769265,20.95402439345479,21.609368499758,465888000
536,2023-02-21,20.634340286254883,21.472499862681932,20.597376640455924,20.978994510105068,410015000
537,2023-02-22,20.733243942260742,21.082894293531137,20.400576787707934,20.686291967581294,513184000
538,2023-02-23,23.64033317565918,23.86411008296413,23.001972300962063,23.416558173795323,1117995000
539,2023-02-24,23.26270866394043,23.45052225757823,22.924048935653815,23.201770758372334,589716000
540,2023-02-27,23.477497100830078,23.85611778942511,23.43054512484724,23.64632871610379,452994000
541,2023-02-28,23.192779541015625,23.80117159295259,23.18278931411265,23.348623650908365,455963000
542,2023-03-01,22.675302505493164,23.232745083054898,22.48549196735542,23.168807999209974,460026000
543,2023-03-02,23.290685653686523,23.35661963979288,22.40956766613419,22.465513328824382,389415000
544,2023-03-03,23.866106033325195,23.876096260572954,23.106865911464638,23.296676418290033,412393000
545,2023-03-06,23.530447006225586,24.22375134917666,23.463512664360874,23.867109901704033,437429000
546,2023-03-07,23.268659591674805,24.104964362524335,23.221697740559055,23.580400752368433,515154000
547,2023-03-08,24.160921096801758,24.179906326422394,23.4045497011768,23.467497114785473,513573000
548,2023-03-09,23.416540145874023,24.43369447307599,23.36358275312628,24.154924912871536,501257000
549,2023-03-10,22.9459285736084,23.607379462799077,22.707126734055908,23.38956009205049,474866000
550,2023-03-13,22.946928024291992,23.27865305444534,22.278484860419933,22.733106940046454,421890000
551,2023-03-14,24.04301643371582,24.19888701960605,23.44051655907677,23.476487867060463,474910000
552,2023-03-15,24.207881927490234,24.265832423154546,23.340602676375205,23.741268759575973,524486000
553,2023-03-16,25.519790649414062,25.56675059825911,23.874157083100002,24.007047963864338,583253000
554,2023-03-17,25.70363998413086,26.37708012413153,25.646686200323746,25.960426557252433,848547000
555,2023-03-20,25.878490447998047,26.00238801858856,25.109129452450585,25.593727284385547,432747000
556,2023-03-21,26.177242279052734,26.370082793772077,25.35992270532718,26.15825895724462,547408000
557,2023-03-22,26.446022033691406,27.566091472465203,26.215212950904103,26.40305656588551,797295000
558,2023-03-23,27.168418884277344,27.476163665994406,26.667835494751287,27.09248178596672,564889000
559,2023-03-24,26.756763458251953,27.14444177136707,26.333115738961876,27.008555018771276,454920000
560,2023-03-27,26.508970260620117,26.977580691716717,26.343107731941966,26.814715931188335,361026000
561,2023-03-28,26.3880672454834,26.490982347841836,25.828532839951382,26.42503717383145,356104000
562,2023-03-29,26.961597442626953,27.05551926767952,26.57491959466029,26.802730951987034,393694000
563,2023-03-30,27.360260009765625,27.47616480917353,27.079493220776026,27.206388565387414,364516000
564,2023-03-31,27.75393295288086,27.810884824300686,27.082490132563102,27.117460914270833,433933000
565,2023-04-03,27.941776275634766,27.97674705699484,27.31329892606636,27.486155591511658,398716000
566,2023-04-04,27.430200576782227,27.97674720101981,27.28432191499647,27.942775040162378,368592000
567,2023-04-05,26.858678817749023,26.975580335763187,26.37308232607004,26.806721952265576,515015000
568,2023-04-06,27.01454734802246,27.057510906173512,26.405053322399837,26.561922527602437,397654000
569,2023-04-10,27.55609703063965,27.598061968083517,26.64685290782655,26.800724345120734,395279000
570,2023-04-11,27.146438598632812,27.76692318959248,27.103473133288535,27.700978013397847,314378000
571,2023-04-12,26.47300148010254,27.445193150748228,26.426039620920893,27.347274949110663,446259000
572,2023-04-13,26.44102668762207,26.86467442012051,26.30713907820163,26.71180158046341,353615000
573,2023-04-14,26.73577880859375,26.860675005002047,26.198225472529604,26.481990027168322,395660000
574,2023-04-17,26.97957992553711,26.983576314494652,26.41105214594061,26.542942510363897,321471000
575,2023-04-18,27.644023895263672,28.086656800927294,27.334281866827425,27.51013630310621,604812000
576,2023-04-19,27.907804489135742,27.976747432102734,27.2093855674829,27.33827814990457,358660000
577,2023-04-20,27.08149528503418,28.006727009696085,26.977581546120554,27.64802393339629,427713000
578,2023-04-21,27.096479415893555,27.160427351710336,26.69980973159089,26.929618278406625,345103000
579,2023-04-24,27.01954460144043,27.34327496276754,26.64885238383688,26.990569353375054,339282000
580,2023-04-25,26.21921157836914,27.22437682483663,26.2032260217168,27.055516518782692,378527000
581,2023-04-26,26.93361473083496,27.307304704799684,26.682823713649157,26.97957796491873,406337000
582,2023-04-27,27.20339012145996,27.472167737847915,26.60288938694917,27.34027738715415,377161000
583,2023-04-28,27.7259578704834,27.734949268700237,27.04851947681164,27.20239283065348,292216000
584,2023-05-01,28.8859920501709,29.033869862760206,27.756931277189757,27.81688091763852,570329000
585,2023-05-02,28.186574935913086,28.812056494254247,28.05968148797479,28.656185891505462,402730000
586,2023-05-03,27.77890968322754,28.34344096805308,27.449183833971773,27.81687822985484,383387000
587,2023-05-04,27.539113998413086,27.835866361148614,27.217380869969254,27.628038892272958,321850000
588,2023-05-05,28.656187057495117,28.731123640899572,27.707975614848607,27.802896049466895,361494000
589,2023-05-08,29.126789093017578,29.195732032286276,28.326455636647413,28.498311768735906,344979000
590,2023-05-09,28.547271728515625,28.94893830563209,28.426373831725307,28.875000355164328,314869000
591,2023-05-10,28.861013412475586,29.088824715990746,28.437365725975784,28.980912694288506,369350000
592,2023-05-11,28.55426597595215,28.92595868810787,28.222542865572727,28.87200267964506,322149000
593,2023-05-12,28.316463470458984,28.75609857922899,28.02270701560493,28.505305680587945,274222000
594,2023-05-15,28.928956985473633,28.944944446377114,28.128623434840744,28.48432681161874,293926000
595,2023-05-16,29.188739776611328,29.845195673358166,28.808057560657943,28.81704895850863,449405000
596,2023-05-17,30.15294075012207,30.173923220986072,29.405562670982768,29.55943412398546,432535000
597,2023-05-18,31.651695251464844,31.80157031583205,30.29482308288843,30.38474850266172,748725000
598,2023-05-19,31.238039016723633,31.553776602186183,30.89032841498642,31.50981251370551,473908000
599,2023-05-22,31.150114059448242,31.493828286869693,30.654525616110014,30.875340877060037,372000000
600,2023-05-23,30.662517547607422,31.262019710995222,30.605565671093288,30.974258748799674,356253000
601,2023-05-24,30.51264190673828,30.58158485433067,29.781249395568967,30.184913250484932,721419000
602,2023-05-25,37.948463439941406,39.447217938255974,36.60457902009647,38.49101183651756,1543911000
603,2023-05-26,38.913658142089844,39.137471155324974,37.51881748077454,37.858535295090505,714397000
604,2023-05-30,40.077693939208984,41.903176556488546,39.91582970590061,40.56129320908205,923401000
605,2023-05-31,37.802581787109375,40.26153667698876,37.79059071532984,39.45520761311079,1002580000
606,2023-06-01,39.736976623535156,40.01674290011226,38.30816374839411,38.457038285135596,635873000
607,2023-06-02,39.294349670410156,40.46637615978603,39.025571992882654,40.06371085972058,482731000
608,2023-06-05,39.13846969604492,39.53213967153062,38.6748543493484,38.87668625179113,396094000
609,2023-06-06,38.62190628051758,39.12748668498753,38.116325876047625,38.79776265430803,388729000
610,2023-06-07,37.44775390625,39.470284518759414,37.328840938446405,38.88670945650624,511998000
611,2023-06-08,38.48200225830078,38.835744998272645,37.47773561947334,37.69657436729438,417772000
612,2023-06-09,38.74181365966797,39.68212760699857,38.53896213031096,39.00861783598584,427717000
613,2023-06-12,39.45328903198242,39.50125446413874,38.589918877015606,39.171496406477914,388701000
614,2023-06-13,40.9921760559082,41.07112100095235,39.711110397236205,40.15678529799824,613208000
615,2023-06-14,42.96574020385742,42.968736375923285,40.5225143610938,40.79431977201554,740465000
616,2023-06-15,42.62199401855469,43.25753327513272,42.116361328067455,42.571032403423146,568622000
617,2023-06-16,42.66095733642578,43.68920841570231,42.62997783526068,43.41840556812391,655709000
618,2023-06-20,43.776145935058594,43.95801662220809,42.64297159288135,42.96673732432782,451153000
619,2023-06-21,43.013710021972656,43.583299212657124,42.04941511162373,43.46937984975044,551603000
620,2023-06-22,42.99372100830078,43.39442663272672,42.20329572401854,42.22227910485018,417737000
621,2023-06-23,42.17831802368164,42.77788036050008,41.98445879780496,42.433133732195444,358140000
622,2023-06-26,40.60246276855469,42.732912892803704,40.070848008649996,42.43013175413964,594322000
623,2023-06-27,41.84555435180664,41.90950699852485,40.41859495947549,40.769337698334375,462175000
624,2023-06-28,41.08710861206055,41.81457999808646,40.488545059577945,40.63044011815251,582639000
625,2023-06-29,40.79231643676758,41.56975062175712,40.57047773361946,41.52778134342767,380514000
626,2023-06-30,42.27124786376953,42.51906868482128,41.47083144000187,41.64970217474364,501148000
627,2023-07-03,42.38216018676758,42.86680815864475,42.171315066266786,42.48608466102656,198209000
628,2023-07-05,42.28623962402344,43.14561125771648,42.05440601633571,42.10436890718979,323618000
629,2023-07-06,42.07239532470703,42.14834029261051,41.31594563009927,41.81358472410437,303582000
630,2023-07-07,42.47209548950195,43.18258088740522,42.149332286394056,42.29122733401887,355881000
631,2023-07-10,42.14933776855469,42.77987958473674,41.618721733111734,42.62599220515189,353908000
632,2023-07-11,42.37416458129883,42.72690854272056,42.03641291485393,42.450109532436265,298244000
633,2023-07-12,43.870079040527344,43.90305599140233,42.74589703423399,43.001711413643235,481277000
634,2023-07-13,45.94357681274414,46.12144500110187,44.459655768689124,44.485637843052004,478204000
635,2023-07-14,45.43593978881836,48.05303491082442,45.0272367895013,46.549128177642544,772075000
636,2023-07-17,46.427223205566406,46.46219760945773,45.22909733231496,46.255351170399976,510488000
637,2023-07-18,47.459476470947266,47.86118468728201,45.700757478187484,46.66705362822586,569164000
638,2023-07-19,47.04277038574219,47.78323273939186,46.708014876201304,47.42949003823852,427502000
639,2023-07-20,45.48690414428711,47.052766164408155,45.029236960247545,46.47318603639003,537865000
640,2023-07-21,44.27677917480469,45.83265003376799,44.06793151342547,45.75470382328609,963769000
641,2023-07-24,44.57957077026367,45.076211144606674,44.0079879634292,44.69848374999772,382516000
642,2023-07-25,45.645790100097656,46.14942147302996,44.8903392287754,44.90832769720461,348081000
643,2023-07-26,45.4189567565918,46.01952157703273,44.59755574079193,45.98754334626847,364237000
644,2023-07-27,45.86663055419922,47.360542567448725,45.716738084889066,46.48518000024853,455976000
645,2023-07-28,46.71601486206055,46.992813922510294,46.34728362681164,46.63407374046653,331194000
646,2023-07-31,46.69502639770508,47.095735831876695,46.47218895380473,46.72000974655935,251055000
647,2023-08-01,46.47318649291992,46.86590231278374,45.99353594015361,46.42621978047181,237858000
648,2023-08-02,44.23681640625,45.80667339857495,43.35545767140817,45.79768107011527,530142000
649,2023-08-03,44.48263168334961,45.08519387093538,43.768151421029266,43.768151421029266,324176000
650,2023-08-04,44.647518157958984,45.6088167758493,44.36072805590183,44.95229672936695,362666000
651,2023-08-07,45.38398361206055,45.506895294186684,44.53060434183165,45.07820630485827,322154000
652,2023-08-08,44.631534576416016,45.209113535751534,44.023974832392284,44.82039636629239,353843000
653,2023-08-09,42.523067474365234,44.27978896852582,42.1033707988195,44.24181457881286,586449000
654,2023-08-10,42.35718536376953,43.54232399177734,41.80458597956359,42.129350474246436,492705000
655,2023-08-11,40.82529830932617,41.98745483103536,40.609455735906536,41.72064683355446,533085000
656,2023-08-14,43.721187591552734,43.76815430441539,40.28169257903262,40.456564582325726,690286000
657,2023-08-15,43.90805435180664,45.23509182651046,43.67822201869262,44.52760635786077,676512000
658,2023-08-16,43.45438003540039,44.64251465307659,43.37443637616986,44.48762857822179,527451000
659,2023-08-17,43.31249237060547,44.02996891832421,42.969739400582895,43.938036744094546,452395000
660,2023-08-18,43.267520904541016,43.546317397362685,41.62971253779868,42.60400217656772,583768000
661,2023-08-21,46.93285369873047,47.030782025071126,44.18985040134457,44.46165201493228,692573000
662,2023-08-22,45.634803771972656,48.151973748830216,45.30004819413079,48.100009595272404,755293000
663,2023-08-23,47.081748962402344,47.165687530536545,45.175135085824124,45.832657681466124,779046000
664,2023-08-24,47.12871551513672,50.229460591357814,47.12472061839676,50.17949769863766,1156044000
665,2023-08-25,45.98454666137695,47.7702462695261,44.99126600172495,46.97782350910496,925341000
666,2023-08-28,46.80095672607422,46.94585178920465,44.85537331991822,46.44821266627834,685192000
667,2023-08-29,48.74853515625,49.04532012604733,46.357273276283756,46.632074880156104,701397000
668,2023-08-30,49.22818374633789,49.89069992908974,48.38979301948212,49.008342472169936,735206000
669,2023-08-31,49.31911849975586,49.70783563609758,48.922407758819745,49.34410184954682,528570000
670,2023-09-01,48.473731994628906,49.76379378137674,48.10699823052651,49.72582320725818,463830000
671,2023-09-05,48.51270294189453,48.81548404497399,47.825203434833014,48.187938474576626,382653000
672,2023-09-06,47.03065490722656,48.51769437680377,46.54996607250854,48.40976612181569,468670000
673,2023-09-07,46.2111930847168,46.314127328933516,45.122894378455285,45.495655031746296,433330000
674,2023-09-08,45.54262161254883,46.575955463730146,45.241816956969146,45.912385845022,473069000
675,2023-09-11,45.14887619018555,46.133237981165,44.28343335195331,46.1182482612765,473966000
676,2023-09-12,44.841068267822266,45.643551923371255,44.502286142152805,44.709153407474325,349256000
677,2023-09-13,45.4556770324707,45.90038984188142,44.474307858028645,44.571245445404095,398355000
678,2023-09-14,45.55161666870117,45.9573531646138,45.10190600685458,45.92037826774396,370097000
679,2023-09-15,43.8716926574707,45.56959455833425,43.77974911676851,45.31176150881473,506831000
680,2023-09-18,43.93765640258789,44.213479451862526,41.972924204170205,42.720443095064276,500271000
681,2023-09-19,43.491943359375,43.93765497175379,42.97427575565499,43.80474129556245,373064000
682,2023-09-20,42.211769104003906,43.874697872716084,42.1957805773011,43.571891798323115,367108000
683,2023-09-21,40.99055480957031,42.0728567871405,40.953579913724376,41.55619180268766,450736000
684,2023-09-22,41.58317184448242,42.087847304445255,41.20441459488325,41.54519433277662,479236000
685,2023-09-25,42.194786071777344,42.50858286067414,41.15045764070113,41.564192262272336,419091000
686,2023-09-26,41.88397979736328,42.79239417282539,41.62814431891952,41.97392192797056,402282000
687,2023-09-27,42.440616607666016,42.84435926371942,41.60216067664093,42.302708909565496,444935000
688,2023-09-28,43.061222076416016,43.417990370192356,42.08785097086144,42.43262596387141,424663000
689,2023-09-29,43.4709587097168,44.11554336483788,43.27908114153103,43.7987463785024,397830000
690,2023-10-02,44.75312805175781,45.14587240598545,43.83272043820974,44.00161019361143,433298000
691,2023-10-03,43.48894119262695,45.10090400420974,43.2181160083425,44.77910920077743,470850000
692,2023-10-04,44.01260757446289,44.11454300550294,43.26408989829739,43.713800550252934,361821000
693,2023-10-05,44.65918731689453,44.87105243012171,43.859703876130915,44.021598176867194,393483000
694,2023-10-06,45.73249816894531,45.759481188953075,43.99761731119279,44.16450946291641,434436000
695,2023-10-09,45.243812561035156,45.575599261777526,44.339397209393,44.81309065878453,409675000
696,2023-10-10,45.768470764160156,46.229172057316305,45.058929471918596,45.28078645305619,368582000
697,2023-10-11,46.77582931518555,46.82879655508957,46.02031610290556,46.16622190201643,378137000
698,2023-10-12,46.914737701416016,47.57831113328324,46.30013628160048,46.74684673062692,481325000
699,2023-10-13,45.431697845458984,47.08563375110449,45.25081474822684,46.929732253437386,474115000
700,2023-10-16,46.065284729003906,46.19519817588755,44.8830449142491,45.03394854361238,375099000
701,2023-10-17,43.90967559814453,44.72515146398081,42.452615298122,43.971635905037324,812333000
702,2023-10-18,42.168792724609375,43.19113575483381,41.79803354808787,42.563538500675094,627294000
703,2023-10-19,42.0738639831543,43.26909220321944,41.855003378817976,42.78340541148184,501233000
704,2023-10-20,41.36031723022461,42.44261916103959,41.05151453316081,41.86299127969732,477266000
705,2023-10-23,42.947296142578125,43.22012278548461,40.91860593108143,41.20242325687503,478530000
706,2023-10-24,43.634849548339844,43.66882802570082,42.66347986731124,43.049228794577566,401463000
707,2023-10-25,41.7520637512207,43.62185968396837,41.52820914347359,43.37001943801499,398379000
708,2023-10-26,40.30000305175781,42.22875913409801,39.85429143072344,41.82601906009142,541001000
709,2023-10-27,40.4738883972168,41.17943449809006,39.98920048176121,41.103483284155644,416784000
710,2023-10-30,41.134464263916016,41.73907378443747,40.45490233078289,41.06051446991565,388028000
711,2023-10-31,40.75370788574219,40.8526468966784,39.204707934267006,40.42392261933526,517969000
712,2023-11-01,42.29771423339844,42.353677886742396,40.842651621979584,40.85764134166272,437593000
713,2023-11-02,43.47795867919922,43.855713392004134,42.86635363242641,43.30007200638761,409172000
714,2023-11-03,44.97598648071289,45.27978753454021,43.694811487819166,43.99162089726106,424610000
715,2023-11-06,45.72150802612305,45.905391339762694,44.870056042056,45.25580880956027,400733000
716,2023-11-07,45.925376892089844,46.18820402459903,45.128889794516326,45.68952896873558,343165000
717,2023-11-08,46.543975830078125,46.83678620591324,45.93836370236791,46.07027857367067,346719000
718,2023-11-09,46.919734954833984,48.198908596818825,46.71986312021431,47.43639996851601,540496000
719,2023-11-10,48.30384063720703,48.440753359097926,47.25252065392858,47.46937982263058,421245000
720,2023-11-13,48.58864974975586,49.084332134936744,48.06798577140686,48.288843946075154,384136000
721,2023-11-14,49.62398147583008,49.80186810947218,49.00838133866222,49.647968075180216,416954000
722,2023-11-15,48.856483459472656,49.927790961524366,48.168927272564574,49.902809365822506,475497000
723,2023-11-16,49.44810485839844,49.49307783387502,48.29884843286255,48.647622492403215,339756000
724,2023-11-17,49.26622009277344,49.684948701072095,48.97540732164273,49.49207232670018,325205000
725,2023-11-20,50.37649917602539,50.51540949473078,49.14929028900057,49.280206345168914,414120000
726,2023-11-21,49.91180419921875,50.48443286697379,49.19026950939756,50.09368608126626,565747000
727,2023-11-22,48.684593200683594,50.302548939584284,47.659253670052365,49.819862426084605,899420000
728,2023-11-24,47.745201110839844,48.88946341849403,47.71421905232239,48.43875395222816,294645000
729,2023-11-27,48.21090316772461,48.498715719855554,47.62128333679978,47.76918674468385,395662000
730,2023-11-28,47.7901725769043,48.29185168991899,47.442397333062274,48.20490597283938,401491000
731,2023-11-29,48.10896301269531,48.73056364947179,47.82914475163215,48.347811153163846,382005000
732,2023-11-30,46.73984909057617,48.078985380939635,46.39207386383031,47.99303847449865,526247000
733,2023-12-01,46.7348518371582,47.169572782203616,46.15722533542331,46.495008690555146,369317000
734,2023-12-04,45.480655670166016,46.047291437827624,44.980978046044385,46.047291437827624,437543000
735,2023-12-05,46.540069580078125,46.57404722962781,45.245788774851796,45.44067987557897,371718000
736,2023-12-06,45.4776611328125,47.36061475805966,45.38671220041947,47.188709647488736,380590000
737,2023-12-07,46.57005310058594,46.603035669637734,45.57860492878931,45.67455214099108,350823000
738,2023-12-08,47.47954559326172,47.71441533754204,46.52407668516983,46.5690536083124,359224000
739,2023-12-11,46.601036071777344,47.504532035793474,45.8044827851011,47.46455720613541,509728000
740,2023-12-12,47.63047409057617,47.639467952367674,46.020370763481196,46.020370763481196,372387000
741,2023-12-13,48.06122589111328,48.5669446692335,47.58149361223289,47.60248182794816,447792000
742,2023-12-14,48.32307434082031,48.64289584092454,47.395593515547255,48.36305298147659,391232000
743,2023-12-15,48.86277770996094,49.37649145661912,48.09320598416868,48.16716609290554,479948000
744,2023-12-18,50.04911422729492,50.404914981750885,49.12263228888661,49.372493076088325,412587000
745,2023-12-19,49.576377868652344,49.67232508160953,48.867773044674685,49.396477797500886,464444000
746,2023-12-20,48.08420944213867,49.97115859701397,48.07121619318162,49.62734838444094,397894000
747,2023-12-21,48.96272277832031,49.06766385409553,48.39203776733346,48.783821596134075,300425000
748,2023-12-22,48.80280685424805,49.35549646146205,48.4400062449087,49.167601439130266,252507000
749,2023-12-26,49.251556396484375,49.572376781102484,48.93273380006729,48.9407287654443,244200000
750,2023-12-27,49.38948440551758,49.65233845498923,49.05766853127738,49.483433835302336,233648000
751,2023-12-28,49.49442672729492,49.85622468658464,49.38448736257904,49.615361553511725,246587000
752,2023-12-29,49.49442672729492,49.96916454651592,48.72385609264306,49.78526507165566,389293000
753,2024-01-02,48.14117431640625,49.26754558758411,47.568495374432075,49.216575301212856,411254000
754,2024-01-03,47.54251480102539,48.15717024660548,47.2936528901048,47.458561936508566,320896000
755,2024-01-04,47.971275329589844,48.47299471292731,47.48154648897857,47.74040114665584,306535000
756,2024-01-05,49.06966018676758,49.5194103643003,48.27910029347317,48.43501546755193,415039000
757,2024-01-08,52.223907470703125,52.24589839467499,49.45145358195024,49.48443615533453,642510000
758,2024-01-09,53.110416412353516,54.29475809672614,51.66122286319163,52.37182939884466,773100000
759,2024-01-10,54.319740295410156,54.56960111335146,53.45921957741913,53.58615158748565,533796000
760,2024-01-11,54.791473388671875,55.315183696465496,53.530178853161665,54.9683767860804,596759000
761,2024-01-12,54.679534912109375,54.93939227133335,54.29974925258684,54.58958487431233,352994000
762,2024-01-16,56.35060501098633,56.80335188433168,54.86943178251625,54.98736610755934,449580000
763,2024-01-17,56.021785736083984,56.43955222172503,54.70951721446228,56.315620727764234,474394000
764,2024-01-18,57.0752067565918,57.5679323320847,56.075763460461346,57.228121458897405,491650000
765,2024-01-19,59.4578742980957,59.46686815803494,57.1931334387279,57.95670795373914,543501000
766,2024-01-22,59.62078094482422,60.297405908795795,59.03710651176245,60.01556144622368,452955000
767,2024-01-23,59.83966064453125,59.87663879045011,58.55237585802376,59.5368279679321,294654000
768,2024-01-24,61.32783126831055,62.81400277309229,59.90462440869122,60.27042173718701,560271000
769,2024-01-25,61.58269119262695,62.68407876992676,60.81611616664833,62.31528094129938,482777000
770,2024-01-26,60.997013092041016,61.748597055065574,60.53927175910999,60.92605348243829,390309000
771,2024-01-29,62.43021774291992,62.4542026404575,60.87308662667512,61.19790260674366,348733000
772,2024-01-30,62.739044189453125,63.457645602005435,62.225330458008614,62.86497729318725,410735000
773,2024-01-31,61.49274444580078,62.23433190687522,60.666205224632265,61.40579108468123,453795000
774,2024-02-01,62.99190139770508,63.15581153197272,61.61566933157976,62.06541568156925,369146000
775,2024-02-02,66.12316131591797,66.56291110918288,63.654531745686434,63.93837399186544,476578000
776,2024-02-05,69.29340362548828,69.45831268504848,67.16758882386114,68.1870176350593,680078000
777,2024-02-06,68.18501281738281,69.71515858330277,66.26308702618283,69.59122707783612,683111000
778,2024-02-07,70.05996704101562,70.18090186277372,67.56235796585537,68.28095938687078,495575000
779,2024-02-08,69.60221862792969,70.75457644757603,69.41632519274872,70.0349761659854,414422000
780,2024-02-09,72.09285736083984,72.14482274694846,70.17292125397418,70.49374174629027,436637000
781,2024-02-12,72.20777130126953,74.56945447682682,71.21032591879988,72.55957267433736,613710000
782,2024-02-13,72.08785247802734,73.40911526024477,69.58125280309775,70.36081744123659,602580000
783,2024-02-14,73.8588638305664,74.19467532641171,71.89795802434332,73.16125433620005,504917000
784,2024-02-15,72.61754608154297,73.93381420720318,72.35969411054666,73.82787803991398,420122000
785,2024-02-16,72.57256317138672,74.36056840015162,72.46062602851259,74.05873462198204,495327000
786,2024-02-20,69.41333770751953,71.91594146829705,67.69629184561839,71.90694379478387,704833000
787,2024-02-21,67.43443298339844,68.84964494727922,66.21111545956025,67.96813224619191,673755000
788,2024-02-22,78.49427795410156,78.53125229218321,74.17868109913526,74.98323324060954,865100000
789,2024-02-23,78.77310943603516,82.34811331480627,77.52680222303147,80.74501027740159,829388000
790,2024-02-26,79.04796600341797,80.60110162092384,78.46128722131758,79.65562156391138,503973000
791,2024-02-27,78.65718078613281,79.43575404356761,77.11904376268178,79.3368025112215,391705000
792,2024-02-28,77.61975860595703,78.88904810428491,77.08205615581203,77.57678328073024,393110000
793,2024-02-29,79.06795501708984,79.94546455588929,78.30637821286784,79.04996729538055,507289000
794,2024-03-01,82.23318481445312,82.25417684232451,79.39076663879457,79.9554544760787,479135000
795,2024-03-04,85.18954467773438,87.64617639419636,83.67239206586414,84.08315873170044,615616000
796,2024-03-05,85.920166015625,86.05310143549691,83.37446759481172,85.22651962468665,520639000
797,2024-03-06,88.6547622680664,89.67824212896674,86.98561575454009,87.9771142527572,582520000
798,2024-03-07,92.62174224853516,92.71969184649807,89.55630492024456,90.11202114454544,608119000
799,2024-03-08,87.48336029052734,97.35032718295817,86.46187834190792,95.08947977383554,1142269000
800,2024-03-11,85.73026275634766,88.75171621511622,84.1230810265849,86.38492752767289,678364000
801,2024-03-12,91.86613464355469,91.91310774958505,86.10607276758905,88.00410652239347,668075000
802,2024-03-13,90.8416519165039,91.45733510152752,88.38989990202793,91.00856657140831,635713000
803,2024-03-14,87.8991470336914,90.59977243652932,86.55583073162953,89.53131740403234,602318000
804,2024-03-15,87.7922134399414,89.500341723681,86.21302481365912,86.88567820084742,642086000
805,2024-03-18,88.40989685058594,92.35787961611925,87.04059269589636,90.3419098330075,668976000
806,2024-03-19,89.3524169921875,90.49782872213696,84.96665402343716,86.65578707702176,672171000
807,2024-03-20,90.32592010498047,90.36390274155225,88.17801382637771,89.75120872764549,479063000
808,2024-03-21,91.38837432861328,92.60076087628697,90.3589007516049,92.2529387505123,480372000
809,2024-03-22,94.24092102050781,94.72967008042832,90.78768098585184,91.09452364541656,586719000
810,2024-03-25,94.95355224609375,96.71665262612369,93.46231633076846,93.89309629655145,552136000
811,2024-03-26,92.51380157470703,96.32585986372577,92.4548335490284,95.8021249691622,513648000
812,2024-03-27,90.2039794921875,93.19245268869888,89.07755527294492,93.06451960589087,586067000
813,2024-03-28,90.30992889404297,91.25344777796057,89.14751991247192,89.95410761772509,435212000
814,2024-04-01,90.3169174194336,92.17796738530402,89.15851187965868,90.25295469319977,452441000
815,2024-04-02,89.40637969970703,90.04805054821496,87.57531335437362,88.4028863469108,433064000
816,2024-04-03,88.91864013671875,90.32792493292138,88.35493231864154,88.43888912667452,370067000
817,2024-04-04,85.8611831665039,90.58777505707383,85.83619439258581,90.35988689456467,434965000
818,2024-04-05,87.963134765625,88.4358931925058,85.88219548423466,86.8217110656451,399678000
819,2024-04-08,87.08856201171875,88.7846950725735,86.68776556126254,88.65475649731144,283220000
820,2024-04-09,85.31046295166016,87.59030542356439,82.97965924126275,87.39740306681414,501700000
821,2024-04-10,86.99461364746094,87.35542960706438,83.66631003801581,83.88320224037439,431929000
822,2024-04-11,90.56978607177734,90.69272444380793,86.8816730383785,87.37541678298889,431637000
823,2024-04-12,88.14102935791016,90.1290211698629,87.48536563341473,89.65325833959419,426805000
824,2024-04-15,85.95713806152344,90.56678540632922,85.88517618535235,89.05255868186178,443077000
825,2024-04-16,87.37042236328125,88.0730591608871,86.02011339953525,86.38892089132743,370453000
826,2024-04-17,83.99214935302734,88.72973001771733,83.90718598900048,88.29494666403578,495400000
827,2024-04-18,84.62782287597656,86.14605313921993,82.35998267211264,84.9266740115763,447260000
828,2024-04-19,76.16114807128906,84.28100677926233,75.56745676539116,83.10760934336838,875198000
829,2024-04-22,79.47744750976562,80.03216479233348,76.36104131725212,78.0641671154843,596341000
830,2024-04-23,82.38097381591797,82.72679808163171,80.22307798101387,80.72781776562408,438559000
831,2024-04-24,79.6363754272461,84.03912814064545,79.14262401880819,83.90719166390734,512208000
832,2024-04-25,82.5898666381836,83.28050853708768,78.18311074273281,78.82777847791279,424641000
833,2024-04-26,87.69027709960938,88.28597395561746,83.3444939490843,83.7752739998992,551011000
834,2024-04-29,87.71224975585938,87.94712289586843,85.2225151665247,87.55032980991761,388971000
835,2024-04-30,86.35794830322266,88.77371581096726,86.25600293117195,87.19551848613133,363709000
836,2024-05-01,82.99864196777344,85.95613224492045,81.21354987762143,85.0336065353816,559863000
837,2024-05-02,85.77323913574219,86.19302312746696,83.15756927733226,84.40593290133356,377898000
838,2024-05-03,88.74372100830078,89.23546686580507,86.99561241116382,87.7442309865165,398341000
839,2024-05-06,92.09300994873047,92.17297098055205,89.00958414820802,89.34441239026923,376203000
840,2024-05-07,90.50782012939453,91.73419176081896,88.96560776051032,91.05154141921548,437342000
841,2024-05-08,90.36590576171875,91.14750473877004,89.37440714328605,89.4373785608014,325721000
842,2024-05-09,88.70174407958984,91.02555536852674,88.18600837888344,90.48283300975697,378013000
843,2024-05-10,89.8321762084961,91.3544023666181,89.1815071291804,90.25896046490828,335325000
844,2024-05-13,90.3529052734375,90.95159885169748,88.48385608988069,90.43185974293648,289680000
845,2024-05-14,91.30941772460938,91.60426546540805,88.88864807554503,89.55330988776338,296507000
846,2024-05-15,94.58175659179688,94.81364057954114,91.55230350991141,92.42485956836863,417735000
847,2024-05-16,94.31088256835938,95.77013712291551,94.05500878486642,94.86160408579778,323952000
848,2024-05-17,92.43183898925781,94.69168763651655,91.75918564554273,94.3208822477914,359691000
849,2024-05-20,94.7316665649414,95.15145055956944,93.39235354622227,93.7021930243281,318764000
850,2024-05-21,95.33736419677734,95.35135699716334,93.1324877566636,93.55127282718048,328946000
851,2024-05-22,94.90158081054688,95.97103489974472,93.20145177000462,95.41032394954395,548648000
852,2024-05-23,103.74607849121094,106.26578917767765,101.46823355489357,101.97597776870575,835065000
853,2024-05-24,106.41471099853516,106.42070464479184,102.94747814509458,104.39573676851408,429494000
854,2024-05-28,113.8429183959961,114.88039109228285,109.8269695886833,110.18778556165118,652728000
855,2024-05-29,114.76643371582031,115.4330933483792,110.84443906697294,112.99234510462112,557442000
856,2024-05-30,110.44364929199219,115.75993705260656,109.60707814261482,114.59153447828542,484553000
857,2024-05-31,109.57709503173828,112.6595219559155,106.88546755499186,112.46261619518734,613263000
858,2024-06-03,114.94135284423828,114.94135284423828,111.94587959300615,113.56305829627723,438392000
859,2024-06-04,116.37761688232422,116.54053577006367,113.98683844283815,115.6569915264079,403324000
860,2024-06-05,122.37757873535156,122.38656920554564,117.40811349296057,118.31065299358036,528402000
861,2024-06-06,120.93630981445312,125.52296698440452,118.2596737996934,123.98475018522349,664696000
862,2024-06-07,120.82636260986328,121.62995352369373,117.96182659837903,119.70892880786865,412386000
863,2024-06-10,121.72789001464844,123.03721949599527,116.95032895624942,120.3086160214553,313434100
864,2024-06-11,120.8582763671875,122.81743693170633,118.6891989331394,121.71790142895497,222551200
865,2024-06-12,125.14643859863281,126.82572022932071,122.51756641163499,123.00735466296415,299595000
866,2024-06-13,129.55455017089844,129.74447132445016,127.10560139337456,129.33464307228707,260704500
867,2024-06-14,131.82359313964844,132.78317395786428,128.26511837192902,129.90441625095465,309320400
868,2024-06-17,130.92396545410156,133.67278906643185,129.52457044327446,132.9331153831068,288504400
869,2024-06-18,135.52198791503906,136.27166699428068,130.63408092847425,131.08388532556722,294335100
870,2024-06-20,130.72406005859375,140.69978702792184,129.46460449105635,139.74020619139688,517768400
871,2024-06-21,126.5158462524414,130.57411435219748,124.24682083583242,127.0656139833598,649445800
872,2024-06-24,118.0594711303711,124.4067529664504,117.98950138261452,123.18727368315257,476060900
873,2024-06-25,126.03606414794922,126.4458924401163,119.26896322028817,121.14815634671822,414192600
874,2024-06-26,126.34593200683594,128.06518984478126,122.54755446405669,126.07604323280044,362975900
875,2024-06-27,123.93695831298828,126.35592889862836,122.8674163349487,124.04691186806878,252571700
876,2024-06-28,123.48715209960938,127.65536639722576,122.69748913626472,124.52670811618471,315516700
877,2024-07-01,124.246826171875,124.78658844306486,118.77916507660012,123.41717942454187,284885500
878,2024-07-02,122.61751556396484,123.35720445635805,120.97821782460922,121.07817351581278,218374000
879,2024-07-03,128.22511291503906,128.22511291503906,121.30807553564613,121.60795022813568,215749000
880,2024-07-05,125.77617645263672,128.79488887998582,125.62623909181207,127.32550884480895,214176700
881,2024-07-08,128.14515686035156,130.71406481303447,126.9856570389152,127.43546149204991,237677300
882,2024-07-09,131.3238067626953,133.76276548705792,128.59496354527897,130.29424856790877,285366600
883,2024-07-10,134.85227966308594,135.04220080806905,132.36333956960132,133.97265130832633,248978600
884,2024-07-11,127.34549713134766,136.09174607157163,126.99564839391957,135.69192330087128,374782700
885,2024-07-12,129.18472290039062,131.86356920556344,127.16558268757724,128.20513111513003,252680500
886,2024-07-15,128.38504028320312,131.3337748661706,127.12557732818904,130.50412821022553,208326200
887,2024-07-16,126.30593872070312,128.9847847878456,124.52670149646414,128.38505064333017,214769500
888,2024-07-17,117.93951416015625,121.79786321418705,116.670060903269,121.29807714631912,390086200
889,2024-07-18,121.03819274902344,122.34763750285344,116.51013195140489,121.79786974825338,320979500
890,2024-07-19,117.87954711914062,121.54797517785201,117.31978914047505,120.29850995680886,217223800
891,2024-07-22,123.48715209960938,124.0169241522775,119.8087260510085,120.29851430002402,258068900
892,2024-07-23,122.53755187988281,124.63665959294896,122.04776363902835,122.72747303753543,173911000
893,2024-07-24,114.20111083984375,119.89866868030745,113.3914598904436,119.11900367331029,327776900
894,2024-07-25,112.2319564819336,116.580093681362,106.25451947131738,112.99163342891377,460067000
895,2024-07-26,113.01162719726562,116.15028320368103,111.53226465502331,116.14029297278634,293399100
896,2024-07-29,111.54224395751953,116.23023941991447,111.25237476736449,113.6413514115726,248152100
897,2024-07-30,103.68561553955078,111.94207545546908,102.49612232025332,111.47227535621278,486833300
898,2024-07-31,116.96992492675781,118.28935980657482,110.83255278301941,112.85169271533529,473174200
899,2024-08-01,109.16327667236328,120.10859659996095,106.76430191931924,117.47971689042026,523462300
900,2024-08-02,107.2240982055664,108.67348235860572,101.32662878479363,103.71560554704351,482027500
901,2024-08-05,100.40702819824219,103.36576873199637,90.6512086518513,92.02061773639092,552842400
902,2024-08-06,104.20539855957031,107.66391734722711,100.50698458680512,103.79557030996848,409012100
903,2024-08-07,98.86768341064453,108.75345120343057,98.64777632103673,107.76386930019544,411440400
904,2024-08-08,104.92508697509766,105.45485898012505,97.47827008281362,101.95635654950479,391910000
905,2024-08-09,104.70519256591797,106.55439969221393,103.38575750879603,105.59481125304626,290844200
906,2024-08-12,108.97335815429688,111.02248421974713,106.214544366382,106.27451625816647,325559900
907,2024-08-13,116.0903091430664,116.18027460234957,111.53226256952769,112.3918952304853,312646700
908,2024-08-14,118.02947235107422,118.54924647415793,114.0211861982408,118.47927673400955,339246400
909,2024-08-15,122.80744171142578,123.18727640390337,117.41974813678404,118.7091971963176,318086700
910,2024-08-16,124.52670288085938,124.94652136236562,121.12815597457694,121.88783295977665,302589900
911,2024-08-19,129.9443817138672,129.9443817138672,123.36719502454015,124.22682769827617,318333600
912,2024-08-20,127.19557189941406,129.82445186143832,125.83615299633179,128.34507391390653,300087400
913,2024-08-21,128.4450225830078,129.29466502006431,126.60581346882094,127.26552712895132,257883600
914,2024-08-22,123.68705749511719,130.69406050330699,123.04733191995243,129.96437709388331,376189100
915,2024-08-23,129.3146514892578,129.54456407840786,125.16643293270377,125.8061585348479,323230300
916,2024-08-26,126.40589141845703,131.2038330961495,124.31678931451107,129.51456899800732,331964700
917,2024-08-27,128.2451171875,129.14472607274774,123.8270022374259,124.99650751528328,303134600
918,2024-08-28,125.55625915527344,128.2750966404244,122.5875286310627,128.06517977661952,448101100
919,2024-08-29,117.53968811035156,124.37676573622443,116.66006734390899,121.30807947152184,453023300
920,2024-08-30,119.31893920898438,121.69791835838595,117.1698574006327,119.47886679934984,333751600
921,2024-09-03,107.95379638671875,116.16028314135124,107.24410104783063,115.96037175405029,477155100
922,2024-09-04,106.16455841064453,113.22153543398687,104.07545625261184,105.36490525672457,372470300
923,2024-09-05,107.16413116455078,109.6030896936583,104.715182404582,104.94507973247826,306850700
924,2024-09-06,102.7860107421875,108.10373451971928,100.90681013303441,107.99378096807179,413638100
925,2024-09-09,106.42445373535156,106.50442134190934,103.64564422957986,104.83512996607128,273912000
926,2024-09-10,108.05374145507812,109.35318822314704,104.90508784485718,107.76386463370491,268283700
927,2024-09-11,116.8599853515625,117.13986433729632,107.37404002456883,109.34319840779227,441422400
928,2024-09-12,119.09921264648438,120.74864930591372,115.34049772061324,116.7999969846395,366052700
929,2024-09-13,119.05923461914062,119.9189408807045,117.55974801782453,119.03924482024104,238358300
930,2024-09-16,116.74002838134766,118.13955072741236,114.32085850740886,116.75002709413774,248772300
931,2024-09-17,115.55043029785156,118.75933823796504,114.79069593440207,118.12954900355818,231925900
932,2024-09-18,113.33119201660156,117.65970390167261,113.18124184177299,115.85032597194726,310318900
933,2024-09-19,117.82965087890625,119.6190390017094,117.20986038538442,117.30982462581498,293506400
934,2024-09-20,115.96029663085938,118.57940262799143,115.35050480567513,117.0199313836397,382462400
935,2024-09-23,116.22020721435547,116.94995306986277,114.82068489843978,116.51010886475667,206228500
936,2024-09-24,120.82862854003906,121.75831050299728,115.34050229413268,116.48011145817397,354966800
937,2024-09-25,123.46772003173828,124.8972307941946,121.56836894761845,121.9782246233193,284692900
938,2024-09-26,123.9975357055664,127.62629022604027,121.75830470715397,126.75659295249227,302582900
939,2024-09-27,121.35844421386719,123.9875411739155,119.21917738287792,123.9275641535197,271009200
940,2024-09-30,121.39842224121094,121.45839925706385,118.10954779878932,118.26948904999118,226553700
941,2024-10-01,116.95994567871094,122.39808576451375,115.7503608309228,121.72830933905863,302094500
942,2024-10-02,118.80931854248047,119.33913591399957,115.1005893150636,116.40014740227824,221845900
943,2024-10-03,122.80794525146484,124.31743049345978,120.2988023230489,120.87860561160097,277118000
944,2024-10-04,124.87724304199219,124.99720471642613,121.78830428645546,124.89724046778949,243678100
945,2024-10-07,127.67628479003906,130.5952834922112,124.90722864393703,124.94721586781675,346250200
946,2024-10-08,132.84449768066406,133.43429200303964,129.3756845929013,130.2153933149511,285722500
947,2024-10-09,132.60458374023438,134.473953954377,131.33502948270424,134.06409064908044,246191600
948,2024-10-10,134.76385498046875,134.9537923881041,130.95516150253064,131.86485368985453,242311300
949,2024-10-11,134.7538604736328,135.73352074472976,133.61425131031754,133.9641223517835,170209500
950,2024-10-14,138.0227508544922,139.5522259694365,136.25335239175735,136.42329237635488,232347700
951,2024-10-15,131.55496215820312,138.52257769243778,128.6959404665834,137.82280508502743,377831000
952,2024-10-16,135.67352294921875,136.57320863644674,131.53494133155561,133.93411333320594,264879700
953,2024-10-17,136.88311767578125,140.8417687676179,136.82314065604464,139.29229632563835,306435900
954,2024-10-18,137.9527587890625,138.85244459278235,137.23300404466042,138.62252759913224,176090200
955,2024-10-21,143.6608123779297,143.6608123779297,137.95276029474488,138.0827206747143,264554500
956,2024-10-22,143.5408477783203,144.37056551302095,141.73146975294682,142.86108785315807,226311600
957,2024-10-23,139.51222229003906,142.38123492807873,137.41295033058282,141.9813779606296,285930000
958,2024-10-24,140.3619384765625,141.30161913611144,138.41260905173522,140.7718017861216,172354900
959,2024-10-25,141.49154663085938,144.08067171203157,140.75180968215267,140.8817548130095,205122100
960,2024-10-28,140.47190856933594,143.09100694226274,140.00206821568727,142.95105547012693,173586700
961,2024-10-29,141.20164489746094,142.21129364579818,138.8524432880062,140.2419668294209,157593600
962,2024-10-30,139.29229736328125,140.28196395700422,136.76316465511044,139.49222584841445,179418100
963,2024-10-31,132.7145538330078,137.56289989167158,132.06478241439225,137.55290880572403,270039600
964,2024-11-01,135.35365295410156,137.26300291330367,134.52395044654537,134.65389558133728,207127800
965,2024-11-04,136.00343322753906,138.91244079735898,135.52360180221356,137.16303982117785,187528200
966,2024-11-05,139.8621063232422,140.3219403030432,137.28298774012364,137.40294177771256,160537400
967,2024-11-06,145.56016540527344,146.43986910531262,141.91142072377156,142.9110784725191,242043900
968,2024-11-07,148.8290557861328,148.87902647248674,146.11997647950326,146.33990241230273,207323300
969,2024-11-08,147.57943725585938,149.7187036326565,146.2098961488073,148.719046162124,175665800
970,2024-11-11,145.21026611328125,148.79904870323992,143.52085748188875,148.62909347800425,182325600
971,2024-11-12,148.2392120361328,149.59874692031187,145.95999403229789,146.7297346202135,198634700
972,2024-11-13,146.2199249267578,149.27887481548683,145.85004123347073,149.01896932454213,191903300
973,2024-11-14,146.7097625732422,148.94900137376933,145.50018526515709,147.58946625444327,194463300
974,2024-11-15,141.93138122558594,145.1902747512061,140.03203789439084,144.8203910682193,250132900
975,2024-11-18,140.1020050048828,141.50153478170088,137.10303223771245,139.45223367342163,221205300
976,2024-11-19,146.9596710205078,147.0796403153284,140.94174272954967,141.27163159656618,227834900
977,2024-11-20,145.84005737304688,147.50948385732136,142.68113546401185,147.35954130772643,309871700
978,2024-11-21,146.6197967529297,152.83766902515802,140.65183891204953,149.29888738883682,400946600
979,2024-11-22,141.90139770507812,147.10962067545384,141.05169787065546,145.88003080645086,236406200
980,2024-11-25,135.9734344482422,142.00136870780395,135.7735059739188,141.9413916908634,344941900
981,2024-11-26,136.8731231689453,139.25231324946176,135.62355111044974,137.65285491316135,190287700
982,2024-11-27,135.2936553955078,137.17301655731904,131.7548742168772,134.96376655836661,226370900
983,2024-11-29,138.2026824951172,139.30231211006736,136.0034385187834,136.7331843976686,141863200
984,2024-12-02,138.58255004882812,140.40191910756175,137.77282976281836,138.7824785355422,171682800
985,2024-12-03,140.2119903564453,140.49189330582607,137.90278339727084,138.21267485883047,164414000
986,2024-12-04,145.09031677246094,145.7400881706811,140.24197086598,141.95139223046513,231224300
987,2024-12-05,145.0203399658203,146.49993108099994,143.9106428157812,145.07032934736787,172621200
988,2024-12-06,142.40106201171875,145.66016529709515,141.27136605108353,144.5604751692698,188505600
989,2024-12-09,138.77203369140625,139.91172129670065,137.0925004855475,138.93199359328304,189308600
990,2024-12-10,135.03306579589844,141.7812196768295,133.7534018405272,138.97197539548316,210020900
991,2024-12-11,139.2718963623047,140.13166176303284,135.173026862483,137.32243273699547,184905200
992,2024-12-12,137.30242919921875,138.40213441382414,135.76285715338648,137.0425058096826,159211400
993,2024-12-13,134.21328735351562,139.56183041879834,132.50374826625531,138.9020072444441,231514900
994,2024-12-16,131.96389770507812,134.3632351978696,130.38432800805435,134.1432941479919,237951100
995,2024-12-17,130.35433959960938,131.5540083659402,126.82530622422306,129.0546920799943,259410300
996,2024-12-18,128.874755859375,136.6626191312432,128.2449232385065,133.82339933223892,277444500
997,2024-12-19,130.6442413330078,133.99333094415113,129.51456085077075,131.72394769790225,209719200
998,2024-12-20,134.6631622314453,135.24300545668208,128.1849385069714,129.7745000485284,306528600
999,2024-12-23,139.6317901611328,139.75175245255647,135.08303180440205,136.2427181368804,176053500
1000,2024-12-24,140.18165588378906,141.86118913948326,138.61207790245493,139.9617148258363,105157000
1001,2024-12-26,139.89173889160156,140.8115008078877,137.69234337416663,139.66180603983884,116205600
1002,2024-12-27,136.9725341796875,138.9819943823141,134.67317523350815,138.5121216661011,170582600
1003,2024-12-30,137.452392578125,140.2316308377207,133.98334063995796,134.79311660884966,167734700
1004,2024-12-31,134.25328063964844,138.0322612848829,133.79341493856927,137.99226367763055,155659200
1005,2025-01-02,138.27218627929688,138.8420377745335,134.59319964236553,135.96282022937498,198247200
1006,2025-01-03,144.4304962158203,144.86037131104774,139.69178686675932,139.9717090810043,229322500
1007,2025-01-06,149.38912963867188,152.11839407781596,147.77958455274808,148.54936300568127,265377400
1008,2025-01-07,140.10166931152344,153.08812187242287,139.97169998670535,152.98814312185272,351782200
1009,2025-01-08,140.07168579101562,143.91063203422854,137.5223800692543,142.54101155921632,227349900
1010,2025-01-10,135.8728485107422,139.88174676307978,134.18330808313058,137.41242079266553,207602500
1011,2025-01-13,133.19357299804688,133.4535116815908,129.4745887600242,129.95446851982027,204808900
1012,2025-01-14,131.7239532470703,136.3426998783518,130.01442953826418,136.01278831507346,195590500
1013,2025-01-15,136.2027587890625,136.4126928345012,131.25409986764885,133.61345527658474,185217300
1014,2025-01-16,133.53347778320312,138.7120538029648,133.4534978315376,138.60208327625168,209235600
1015,2025-01-17,137.67234802246094,138.46212527408701,135.4229633158422,136.65262268416788,201188800
1016,2025-01-21,140.79148864746094,141.7912151745994,137.05250594430132,139.12194717769367,197749000
1017,2025-01-22,147.02980041503906,147.74958954273308,143.6307207753195,144.62045561465226,237651400
1018,2025-01-23,147.17974853515625,147.1897403093082,143.6807055002306,145.01034368405638,155915500
1019,2025-01-24,142.5810089111328,148.92927919460303,141.8412209584346,148.32943710709068,234657600
1020,2025-01-27,118.38761901855469,128.3648859520762,116.668088091544,124.7658794397831,818830900
1021,2025-01-28,128.95472717285156,128.96471894622445,116.21820602712087,121.77668294561497,579666400
1022,2025-01-29,123.66616821289062,126.85529827150769,120.01717249490751,126.46540553655986,467120600
1023,2025-01-30,124.61592102050781,124.96582380169083,118.06770880237578,123.06634175444341,392925500
1024,2025-01-31,120.03717041015625,127.81504199868698,119.15741376372098,123.74615511454752,388161100
1025,2025-02-03,116.62810516357422,118.53757894355685,112.97910166242248,114.71862375628316,371235700
1026,2025-02-04,118.6175537109375,121.16685177317855,116.66808241089754,116.92801344303115,256550000
1027,2025-02-05,124.79586029052734,124.96581196424484,120.72697375806385,121.7267002537778,262230800
1028,2025-02-06,128.64480590820312,128.7347928917548,125.17576116570511,127.38515593926263,251483600
1029,2025-02-07,129.8044891357422,130.3343429768511,124.96581638636985,129.184663567943,228186300
1030,2025-02-10,133.53347778320312,134.96307937585763,129.92446445785666,130.05441853152416,216989100
1031,2025-02-11,132.76370239257812,134.4432358451655,130.9841901729766,132.54376130884148,178902400
1032,2025-02-12,131.10414123535156,132.203846559633,129.04470695043977,129.98445236307722,160278600
1033,2025-02-13,135.25299072265625,136.46266649297655,131.13412244698262,131.52401516963508,197430000
1034,2025-02-14,138.81202697753906,139.21191146517995,135.46293718873886,136.44266486168982,195479600
1035,2025-02-18,139.36187744140625,143.40078131766987,137.89227816645598,141.23137649622348,219176600
1036,2025-02-19,139.19192504882812,141.32134750878612,137.18248014952957,139.47184726600554,167536000
1037,2025-02-20,140.07168579101562,140.62153843760984,136.7525863640224,139.991705837455,143903600
1038,2025-02-21,134.3932342529297,141.42132600995674,133.99334973043614,140.0017008694862,228217600
1039,2025-02-24,130.244384765625,138.55211066034528,130.04444248958205,136.52266681200447,251381100
1040,2025-02-25,126.59537506103516,130.16439867421266,124.40597902043103,129.94445760453814,271428700
1041,2025-02-26,131.24411010742188,133.69343728770713,128.4548795357506,129.95446947322534,322553800
1042,2025-02-27,120.11714935302734,134.9730792207777,119.97718824289691,134.96308744670299,443175800
1043,2025-02-28,124.8858413696289,125.05579305607802,116.36817434407594,117.98772650698133,389091100
1044,2025-03-03,114.02880859375,123.66617198823369,112.2492965435478,123.47622912906817,411381400
1045,2025-03-04,115.95828247070312,119.27737437091366,110.07989299750376,110.6197462594264,398163300
1046,2025-03-05,117.26792907714844,118.24765683915241,114.47869104666965,117.54785129486386,284337900
1047,2025-03-06,110.53976440429688,115.31845609620828,110.18986163701831,113.49895407905146,321181900
1048,2025-03-07,112.65918731689453,113.44897220636766,107.5305852358904,111.21957864470976,341755500
1049,2025-03-10,106.95074462890625,111.81940781621753,105.43115607331026,109.8699441866197,366487400
1050,2025-03-11,108.73025512695312,112.20929903890595,104.74134094243277,106.960734969355,354865700
1051,2025-03-12,115.71900177001953,116.73882100614277,112.85951998498375,114.09930053195751,323857500
1052,2025-03-13,115.55902862548828,117.73863334670654,113.76935252443205,117.00876245655117,299033100
1053,2025-03-14,121.64791870117188,121.85787967708788,118.12856083227834,118.58847644066721,277593500
1054,2025-03-17,119.50830841064453,122.86769930249316,118.00858060635532,122.71772499646224,255501500
1055,2025-03-18,115.4090576171875,118.99840261510599,114.51921970184797,117.97859103200136,299686900
1056,2025-03-19,117.49867248535156,120.42814113812437,115.65901001721268,117.24871784817985,273426200
1057,2025-03-20,118.50848388671875,120.17817892707569,116.44886024718888,116.5288475567653,248829700
1058,2025-03-21,117.67863464355469,117.96858292451893,115.39904967929496,116.91877807414131,266498500
1059,2025-03-24,121.38796997070312,122.19782052957932,119.31833831489072,119.85824123014483,228452500
1060,2025-03-25,120.66809844970703,121.26798803028822,118.89841541478116,120.52812446850508,167447200
1061,2025-03-26,113.7393569946289,118.81842927999459,112.68954449720724,118.70845626054094,293463300
1062,2025-03-27,111.40977478027344,114.42922326739314,110.63991789836862,111.32978747025457,236902100
1063,2025-03-28,109.65009307861328,112.84951685583745,109.0502035041368,111.46976244373079,229872500
1064,2025-03-31,108.3603286743164,110.93986229194257,103.63119133667838,105.11091847763528,299212700
1065,2025-04-01,110.13001251220703,110.17999886185885,106.45068001979016,108.50030342775528,222614000
1066,2025-04-02,110.39995574951172,111.95967777974947,106.77061737970816,107.2705266243207,220601200
1067,2025-04-03,101.78153228759766,105.61083156865355,101.58156399912866,103.49122110695384,338769400
1068,2025-04-04,94.29288482666016,100.11182847125419,92.09328707213024,98.89205625014841,532273800
1069,2025-04-07,97.62227630615234,101.73153089146867,86.60427995314998,87.444123819458,611041300
1070,2025-04-08,96.28252410888672,105.83078615825814,94.44285411172834,103.79115551332612,476243400
1071,2025-04-09,114.30925750732422,115.07911444025873,97.51230269046886,98.87205653888144,612918300
1072,2025-04-10,107.55047607421875,110.83987986480561,99.13200610877084,109.35015243101728,437812400
1073,2025-04-11,110.90986633300781,111.52975654810143,107.46049556472005,108.4803070767672,313417300
1074,2025-04-14,110.68990325927734,114.26925525660798,109.05020155855789,114.08928762467488,264705000
1075,2025-04-15,112.17963409423828,113.59938217981927,110.4799456735416,110.94986159507806,228966900
1076,2025-04-16,104.47103881835938,106.77062454919468,100.4317709352981,104.53103311878802,397016900
1077,2025-04-17,101.47157287597656,104.45103522860795,100.0318394876262,104.43103458781992,292517500
1078,2025-04-21,96.89241790771484,99.42195758129023,95.02275450080649,98.75207336541831,288501100
1079,2025-04-22,98.8720474243164,99.7918785816798,97.26233908492571,98.76206678289148,241004800
1080,2025-04-23,102.69136047363281,104.78098517141211,102.00148324580945,104.5010295750129,247526000
1081,2025-04-24,106.41067504882812,106.52065568558213,103.09127819009328,103.46121375263034,220815000
1082,2025-04-25,110.98986053466797,111.89969145813895,105.71081975581805,106.83061166162848,251064700
1083,2025-04-28,108.71026611328125,110.3499678015911,106.00075133412535,109.67009093365705,207708500
1084,2025-04-29,109.00021362304688,110.1799998026459,107.42050613077843,107.65046012276234,170444300
1085,2025-04-30,108.90023040771484,108.90023040771484,104.06111247501677,104.45104108413872,235044600
1086,2025-05-01,111.5897445678711,114.9191420385801,111.27980327057723,113.05947899879722,236121500
1087,2025-05-02,114.4792251586914,115.37906338859757,113.34943293159324,114.15928352450368,190194800
1088,2025-05-05,113.79934692382812,114.64919116473993,112.63956137373921,112.88951601094917,133163200
1089,2025-05-06,113.51940155029297,114.71918078517231,110.79989381468877,111.45977773347964,158525600
1090,2025-05-07,117.03875732421875,117.65864757290291,112.25962586336117,113.02949042053457,206758800
1091,2025-05-08,117.34870910644531,118.658469001105,115.82898059800607,118.22854670795566,198428100
1092,2025-05-09,116.62882995605469,118.20854502226882,115.18908887008638,117.32869985728382,132972200
1093,2025-05-12,122.9776840209961,122.9776840209961,120.25817629208265,121.94787211512306,225023300
1094,2025-05-13,129.9064178466797,131.19619232916256,124.44741706637032,124.95732666651305,330430100
1095,2025-05-14,135.3154296875,135.4154176381041,131.65609038206884,133.17581874633882,281180800
1096,2025-05-15,134.80552673339844,136.2752611112406,132.6359224746836,134.2656162138544,226632600
1097,2025-05-16,135.37542724609375,136.32526708518697,133.43579205010155,136.19528579014883,226542500
1098,2025-05-19,135.54539489746094,135.84532822832756,132.36596428610483,132.36596428610483,193154600
1099,2025-05-20,134.35562133789062,134.55558199625042,132.59593092987555,134.26562607401144,161514200
1100,2025-05-21,131.7760772705078,137.3750515435132,130.56629021032253,133.0358430493297,270608700
1101,2025-05-22,132.80589294433594,134.22563338103308,131.52612648714359,132.20599574301846,187344000
1102,2025-05-23,131.26617431640625,132.65592152877483,129.13657112060253,129.97641506418768,198821300
1103,2025-05-27,135.47540283203125,135.63537744884945,133.2857979393918,134.1256417936587,192953600
1104,2025-05-28,134.78553771972656,137.22509744866613,134.76553707682788,136.00531758419635,304021100
1105,2025-05-29,139.1647491455078,143.46397204605128,137.88498259688382,142.22419152756274,369241900
1106,2025-05-30,135.10548400878906,139.59465948344436,132.8958783257386,138.6948289010735,333170900
1107,2025-06-02,137.35507202148438,138.09492795630163,135.37542038395227,135.46541564458173,197663100
1108,2025-06-03,141.19436645507812,141.97422364617418,137.9249557656252,138.75480693174418,225578800
1109,2025-06-04,141.8942413330078,142.36415725393297,139.5146683935161,142.1641966028205,167120800
1110,2025-06-05,139.964599609375,143.97386636815438,138.80480646885346,142.14419665233672,231397900
1111,2025-06-06,141.69427490234375,143.24399658328852,141.4843063108272,142.4841247816278,153986200
1112,2025-06-09,142.6041259765625,144.97369107987248,141.91424872977086,143.16402192873528,185114500
1113,2025-06-10,143.9338836669922,144.26381035974757,141.50431668274294,142.66410985007164,155881900
1114,2025-06-11,142.81399536132812,144.97375695921582,141.85409623212945,144.59379466225064,167694000
1115,2025-06-12,144.98374938964844,144.98374938964844,141.83410852298076,141.9540901919345,162365000
1116,2025-06-13,141.95408630371094,143.5639064320885,140.83421673860605,142.4640236398758,180820600
1117,2025-06-16,144.6737823486328,146.16360555156524,143.18394388862185,143.33393622751285,183133700
1118,2025-06-17,144.1038360595703,145.20371882793046,143.7638778428329,144.4738049491523,139108000
1119,2025-06-18,145.46368408203125,145.63366319028128,143.10394808189747,143.9938476821936,161494100
1120,2025-06-20,143.83387756347656,146.1836049259659,142.63399990245927,145.43368901636921,242956200
1121,2025-06-23,144.15383911132812,144.76377135076248,142.01407957999888,142.48402812138661,154308900
1122,2025-06-24,147.88340759277344,147.94341367999496,145.4836828445603,145.54367367470394,187566100
1123,2025-06-25,154.29270935058594,154.43269305532343,149.24327207878133,149.25328072295656,269146500
1124,2025-06-26,155.00262451171875,156.70243086817015,153.98273459501658,155.9625083392563,198145700
1125,2025-06-27,157.73231506347656,158.69221415352254,155.24258871826237,156.02250005395288,263234500
1126,2025-06-30,157.97230529785156,158.6422284044636,155.94253394670602,158.38224776867892,194580300
1127,2025-07-01,153.2828369140625,157.18239409932116,151.47304203431221,156.27249233706732,213143600
1128,2025-07-02,157.2323760986328,157.58234297497486,152.95285700312823,152.962850389823,171224100
1129,2025-07-03,159.3221435546875,160.96195919540767,157.7523273944205,158.35225101493015,143716100
1130,2025-07-07,158.22227478027344,159.29214695363126,157.3223664705724,158.18227071828886,140139000
1131,2025-07-08,159.98207092285156,160.20204749093682,158.3722507239072,159.31214783171163,138133000
1132,2025-07-09,162.86175537109375,164.40157611225678,161.14194686393122,161.20193770023792,183656400
1133,2025-07-10,164.0816192626953,164.48156834124046,161.5918927660757,164.30159583301895,167704100
1134,2025-07-11,164.90151977539062,167.87118822352508,163.4516852914618,163.70165728031435,193633300
1135,2025-07-14,164.05162048339844,165.4714595173457,162.00184716942397,165.35146259057728,136975800
1136,2025-07-15,170.6808624267578,172.38066881478494,169.18103056842588,171.17081299302788,230627400
1137,2025-07-16,171.35079956054688,171.73076187811773,168.88107501049606,171.04083672550954,158831500
1138,2025-07-17,172.98062133789062,174.1404950617398,170.81086624213197,172.00073538495315,160841100
1139,2025-07-18,172.39068603515625,174.23047621121117,171.24080573231237,173.62054394819432,146456400
1140,2025-07-21,171.36080932617188,173.36058531454748,170.9808470061149,172.73065099594356,123126100
1141,2025-07-22,167.01129150390625,171.37080379639445,164.5615689540832,171.32080634495316,193114300
1142,2025-07-23,170.7608642578125,171.24080620570157,167.95118153678195,169.511004310231,154082200
1143,2025-07-24,173.7205352783203,173.81052153075,171.28080627636527,172.42067791171223,128984600
1144,2025-07-25,173.48056030273438,174.70042482917586,172.9406275198062,173.59054858813744,122316800
1145,2025-07-28,176.73019409179688,176.98016607778243,173.9505068282037,174.00050427681666,140023500
1146,2025-07-29,175.49032592773438,179.35990260986108,175.00039060425894,177.94006357342778,154077500
1147,2025-07-30,179.2499237060547,179.869849375745,176.0202745228646,176.49022309733303,174312200
1148,2025-07-31,177.85006713867188,183.2794667127293,175.9102820488597,182.87950237318685,221685400
1149,2025-08-01,173.70053100585938,176.52020701181988,170.8708463561498,174.07048465468185,204529000
1150,2025-08-04,179.97982788085938,180.17980241597786,174.500446281802,175.14037394842856,148174600
1151,2025-08-05,178.24002075195312,180.23979665506658,175.8802845759961,179.59986897635343,156407600
1152,2025-08-06,179.39988708496094,179.87982901005608,176.23024423927978,176.31023710297544,137192300
1153,2025-08-07,180.749755859375,183.85940811228025,178.7799753024853,181.54966930117607,151878400
1154,2025-08-08,182.6795196533203,183.27945850723472,180.3797743894202,181.52965464990967,123396700
1155,2025-08-11,182.0395965576172,183.8193958765311,180.22980182096376,182.02960317073044,138323200
1156,2025-08-12,183.1394805908203,184.4593247511904,179.43989822709233,182.9395060522284,145485700
1157,2025-08-13,181.5696563720703,183.9493946696141,179.329917039869,182.59953978080497,179871700
1158,2025-08-14,181.99960327148438,182.99949119039164,179.43989264021437,179.7298534235828,129554000
1159,2025-08-15,180.42977905273438,181.87961354108583,178.02004541114613,181.85962676701382,156602200
1160,2025-08-18,181.98959350585938,182.91949719839158,180.56975450061333,180.57976314427117,132008000
1161,2025-08-19,175.6203155517578,182.47954736718557,175.47033846497254,182.4095478886331,185229200
1162,2025-08-20,175.38034057617188,175.9802794498554,168.7810892510499,175.1503706193276,215142700
1163,2025-08-21,174.96038818359375,176.88017120538285,173.79052111986658,174.83041312567687,140040900
1164,2025-08-22,177.97006225585938,178.56998587344157,171.18081451068767,172.59066018618677,172789400
1165,2025-08-25,179.78985595703125,181.88962682620624,176.5502286534902,178.33002804439553,163012800
1166,2025-08-26,181.7496337890625,182.36955942503778,178.78995879531527,180.0398187111229,168688200
1167,2025-08-27,181.57965087890625,182.46955051009175,179.07993109949993,181.95959791056248,235518900
1168,2025-08-28,180.14981079101562,184.44933204343067,176.39023757757423,180.79974711518173,281787800
1169,2025-08-29,174.1604766845703,178.130033086625,173.13059331145078,178.09004428153852,243257900
1170,2025-09-02,170.7608642578125,172.36069109354864,167.20126556823303,169.980952871088,231164900
1171,2025-09-03,170.60089111328125,172.3906992342715,168.86109570238054,171.0408442884315,164424900
1172,2025-09-04,171.64077758789062,171.8407521362954,169.39102958990665,170.55090333056648,141670100
1173,2025-09-05,167.0012969970703,169.0110663720669,164.05163046676552,168.01117837826322,224441400
1174,2025-09-08,168.2911376953125,170.940849905597,167.33125381142952,167.53122834914853,163769100
1175,2025-09-09,170.74085998535156,170.96083655380463,166.7213214317911,169.0710489481518,157548400
1176,2025-09-10,177.3101348876953,179.26990675759993,175.45034266016896,176.62020974984335,226852000
1177,2025-09-11,177.16014099121094,180.26996857097555,176.4701769393558,179.66999584989978,151159300
1178,2025-09-12,177.8101043701172,178.59005971058946,176.44017029123495,177.76010410307373,124911000
1179,2025-09-15,177.74009704589844,178.84004186496986,174.50027206258352,175.66021109761542,147061600
1180,2025-09-16,174.87026977539062,177.49011904437822,174.37029760906842,176.99014687805604,140737800
1181,2025-09-17,170.280517578125,173.1903593144249,168.40063256525568,172.63039291663662,211843800
1182,2025-09-18,176.23019409179688,177.09014682532762,172.95037791227023,173.9703101424577,191763300
1183,2025-09-19,176.66015625,178.07008136373162,175.17023376194967,175.7602124903078,237182100
1184,2025-09-22,183.5997772216797,184.53972732383275,174.70027887607205,175.29024236301854,269637000
1185,2025-09-23,178.42005920410156,182.409842567533,176.20019683221489,181.9598706713119,192559600
1186,2025-09-24,176.96014404296875,179.76998508551358,175.39022416770254,179.75999113536878,143564100
1187,2025-09-25,177.68011474609375,180.24996380236055,173.12037093203185,174.47028665549124,191586700
1188,2025-09-26,178.18008422851562,179.75999811527313,174.920255917913,178.16008106951017,148573700
1189,2025-09-29,181.8398895263672,183.98976381560166,180.30997586310093,180.4199550960203,193063500
1190,2025-09-30,186.56961059570312,187.3395719841704,181.4698885277926,182.06986121505474,236981000
1191,2025-10-01,187.22958374023438,188.12952754318238,183.88975804814035,185.22969505995906,173844900
1192,2025-10-02,188.87948608398438,191.0393695238543,188.04953044946197,189.5894532800495,136805800
1193,2025-10-03,187.6095428466797,190.34939569471342,185.36967740169,189.1794627061203,137596900
1194,2025-10-06,185.5296630859375,187.21957143407985,183.31979467524326,185.48967202648717,157678100
1195,2025-10-07,185.02969360351562,189.0494741147918,183.9897582054133,186.21962980709273,140088000
1196,2025-10-08,189.09947204589844,189.58945025835604,186.52960780500513,186.55962017208088,130168900
1197,2025-10-09,192.5592803955078,195.28912405123697,191.04935474353755,192.21928773885006,182997200
1198,2025-10-10,183.14981079101562,195.6091088464203,182.0398719523004,193.49922565779727,268774400
1199,2025-10-13,188.3095245361328,190.09941818271824,185.94965529464977,187.9595379156231,153482800
1200,2025-10-14,180.0199737548828,184.78971240822688,179.68999030007896,184.75971529942103,205641400
1201,2025-10-15,179.8199920654297,184.85970481354866,177.2801249034248,184.7897166440438,214450500
1202,2025-10-16,181.7998809814453,183.26980040587233,179.76000120804414,182.21985578014733,179723300
1203,2025-10-17,183.20980834960938,184.08976427610557,179.74000017155936,180.16996892604442,173135200
1204,2025-10-20,182.6298370361328,185.18969215276272,181.71988400794234,183.1198152646831,128544700
1205,2025-10-21,181.14991760253906,182.77981647710283,179.78999271004406,182.77981647710283,124240200
1206,2025-10-22,180.26995849609375,183.42978616900905,176.7501502622395,181.1299112106735,162249600
1207,2025-10-23,182.1498565673828,183.01980322210497,179.7799782111653,180.40994799999942,111363700
1208,2025-10-24,186.24961853027344,187.45955783835475,183.48977777431884,183.8297551720498,131296700
1209,2025-10-27,191.47933959960938,191.98930570001696,188.41949722334647,189.979423148828,153452700
1210,2025-10-28,201.01881408691406,203.1386912540773,191.89932637827522,193.03926234185508,297986200
1211,2025-10-29,207.02847290039062,212.1781954922272,204.76860414707738,207.96842303697136,308829600
1212,2025-10-30,202.8787078857422,206.1485301715792,201.39879452489242,205.1385766163601,178864400
1213,2025-10-31,202.47872924804688,207.95841980607935,202.05875446792163,206.43850017947892,179802200
1214,2025-11-03,206.8684844970703,211.32822759164594,205.5485506791992,208.06841462190084,180267300
1215,2025-11-04,198.67893981933594,203.9586446199207,197.9189723693821,202.98869740675082,188919300
1216,2025-11-05,195.1991424560547,202.90870481768462,194.63916080574026,198.75894188581304,171350300
1217,2025-11-06,188.0695343017578,197.60899664277025,186.3696319662745,196.40906647995496,223029800
1218,2025-11-07,188.1395263671875,188.3095303364016,178.90005019006267,184.8897071775586,264942300
1219,2025-11-10,199.03892517089844,199.9288750287355,193.7792081445882,195.09914200543773,198897100
1220,2025-11-11,193.1492462158203,195.40911485928362,191.28934919242405,195.14913483203398,176483300
1221,2025-11-12,193.78921508789062,195.87909508520013,191.1193655455878,195.70910637927892,154935300
1222,2025-11-13,186.84959411621094,191.42934088057365,183.8397672401686,191.03936321053533,207423100
1223,2025-11-14,190.15940856933594,190.99935813210442,180.56994624954729,182.8498180673128,186591900
1224,2025-11-17,186.58961486816406,188.98947511566342,184.30974305565786,185.95964506857126,173628900
1225,2025-11-18,181.3498992919922,184.7897101334883,179.63998782140993,183.36979105504545,213598900
1226,2025-11-19,186.50961303710938,187.8495347223247,182.8198161698128,184.7796984316032,247246400
1227,2025-11-20,180.62994384765625,195.9890894251709,179.83999453744622,195.9390891568929,343504800
1228,2025-11-21,178.8700408935547,184.54971718190046,172.92036011460985,181.22991004695137,346926200
1229,2025-11-24,182.5398406982422,183.4897847612219,176.47017128450955,179.48001348627363,256618300
1230,2025-11-25,177.8101043701172,178.15008177330986,169.54056066153746,174.90026276869568,320600300
1231,2025-11-26,180.2499542236328,182.8998157763143,178.2300777211247,181.61988829154,183852000
1232,2025-11-28,176.99014282226562,179.28000857805475,176.49017066740046,179.0000253919654,121332800
1233,2025-12-01,179.9099884033203,180.28997214473748,173.67033006996684,174.75027181562072,188131000
1234,2025-12-02,181.4499053955078,185.6496685428864,179.98997995570696,181.74987648908228,182632200
1235,2025-12-03,179.5800018310547,182.43984327721986,179.1000328161426,181.06992440272873,165138000
1236,2025-12-04,183.3800048828125,184.52000427246094,179.9600067138672,181.6199951171875,167364900
1237,2025-12-05,182.41000366210938,184.66000366210938,180.91000366210938,183.88999938964844,143971100
1238,2025-12-08,185.5500030517578,188.0,182.39999389648438,182.63999938964844,204378100
1239,2025-12-09,184.97000122070312,185.72000122070312,183.32000732421875,185.55999755859375,144719700
1240,2025-12-10,183.77999877929688,185.47999572753906,182.0399932861328,184.97000122070312,162785400
1241,2025-12-11,180.92999267578125,181.32000732421875,176.6199951171875,180.27999877929688,182136600
1242,2025-12-12,175.02000427246094,182.82000732421875,174.6199951171875,181.11000061035156,204274900
1243,2025-12-15,176.2899932861328,178.4199981689453,175.02999877929688,177.94000244140625,164775600
1244,2025-12-16,177.72000122070312,178.49000549316406,174.89999389648438,176.25999450683594,148588100
1245,2025-12-17,170.94000244140625,176.1300048828125,170.30999755859375,176.10000610351562,222775500
1246,2025-12-18,174.13999938964844,176.14999389648438,171.82000732421875,174.52999877929688,176096000
1247,2025-12-19,180.99000549316406,181.4499969482422,176.33999633789062,176.6699981689453,324925900
1248,2025-12-22,183.69000244140625,184.16000366210938,182.35000610351562,183.9199981689453,129064400
1249,2025-12-23,189.2100067138672,189.3300018310547,182.89999389648438,182.97000122070312,174873600
1250,2025-12-24,188.61000061035156,188.91000366210938,186.58999633789062,187.94000244140625,65528500
1251,2025-12-26,190.52999877929688,192.69000244140625,188.0,189.9199981689453,139740300
1252,2025-12-29,188.22000122070312,188.75999450683594,185.91000366210938,187.7100067138672,120006100
1253,2025-12-30,187.5399932861328,188.99000549316406,186.92999267578125,188.24000549316406,97687300
1254,2025-12-31,186.5,190.55999755859375,186.49000549316406,189.57000732421875,120100500
